experiment,condition,participant,hrtf_id,repetition,trial,azi_target,ele_target,azi_response,ele_response,lat_target,pol_target,lat_response,pol_response,great_circle_error
Poole2025,Measured,P0001,P0001,0,2,135,30,87.15108,29.29752,37.76124,140.76848,60.57652,84.93807,41.27838143435181
Poole2025,Measured,P0001,P0001,0,3,-135,-30,-145.9421,-22.993310000000008,-37.76124,219.23152,-31.03331,207.12118,12.030150213549351
Poole2025,Measured,P0001,P0001,0,4,90,-30,91.04116,-32.52015,60.0,-90.0,57.46502,268.36751,2.672637316828154
Poole2025,Measured,P0001,P0001,0,8,0,-30,-0.2859902999999804,-0.3045455999999831,0.0,-30.0,-0.28599,-0.30455,29.696702123234108
Poole2025,Measured,P0001,P0001,0,9,-90,-30,-90.27393,-4.161607000000004,-60.0,-90.0,-85.8294,266.24067,25.839690711681396
Poole2025,Measured,P0001,P0001,0,12,90,30,91.81886,15.75257,60.0,90.0,74.14541,96.42,14.344869370380398
Poole2025,Measured,P0001,P0001,0,13,135,-30,93.67234,-23.43106,37.76124,219.23152,66.29894,261.59299,37.29436177077999
Poole2025,Measured,P0001,P0001,0,21,30,0,24.11651,-0.1065312000000062,30.0,0.0,24.11647,-0.11672,5.884450998965591
Poole2025,Measured,P0001,P0001,0,23,-90,60,-62.61250000000001,47.27527,-30.0,90.0,-37.04415,66.98183,20.377913917440413
Poole2025,Measured,P0001,P0001,0,25,90,60,49.93134,36.74095,30.0,90.0,37.82492,49.22848,34.4439331556582
Poole2025,Measured,P0001,P0001,0,28,150,0,128.594,22.35039,30.0,180.0,46.29192,146.61032,30.562444801021396
Poole2025,Measured,P0001,P0001,0,29,90,0,88.80646,1.28664,90.0,0.0,88.24508,47.15661,1.7549190159468615
Poole2025,Measured,P0001,P0001,0,39,0,30,-1.159608999999989,54.324,0.0,30.0,-0.67625,54.32956,24.338384551853267
Poole2025,Measured,P0001,P0001,0,40,-60,0,-74.85658999999998,9.484211,-60.0,0.0,-72.19087,32.59875,17.56814909572429
Poole2025,Measured,P0001,P0001,0,43,-45,30,-51.467690000000005,31.1137,-37.76124,39.23152,-42.04579,44.09424,5.678823231220726
Poole2025,Measured,P0001,P0001,0,44,180,-30,19.06863,-20.52208999999999,0.0,210.0,17.81636,-21.60637,126.2475997239322
Poole2025,Measured,P0001,P0001,0,45,45,30,49.24495,22.86852,37.76124,39.23152,44.2641,32.86514,8.079153256937666
Poole2025,Measured,P0001,P0001,0,49,60,0,67.4873,-9.278558999999971,60.0,0.0,65.74244,-23.10714,11.902094280844032
Poole2025,Measured,P0001,P0001,0,52,120,0,90.419,10.89097,60.0,180.0,79.10107,92.17662,31.35113594699083
Poole2025,Measured,P0001,P0001,0,56,-90,0,-76.14094999999998,20.52665,-90.0,0.0,-65.40129,57.39068,24.598711227814164
Poole2025,Measured,P0001,P0001,0,57,-30,0,-32.49484000000001,24.64597,-30.0,0.0,-29.22783,28.5449,24.76407283044194
Poole2025,Measured,P0001,P0001,0,64,0,0,-0.1027920999999878,26.04063,0.0,0.0,-0.09236,26.04067,26.040818713203706
Poole2025,Measured,P0001,P0001,0,65,45,-30,51.51757,-25.160079999999994,37.76124,-39.23152,45.11542,-37.04672,7.533531300221973
Poole2025,Measured,P0001,P0001,0,66,-45,-30,-75.17602,34.42861,-37.76124,-39.23152,-52.88044,69.5314,70.43756670969496
Poole2025,Measured,P0001,P0001,0,69,-90,30,-82.43673999999999,38.52744,-60.0,90.0,-50.85074,80.61347,10.563977769126884
Poole2025,Measured,P0001,P0001,0,73,180,60,0.5414024,1.553056,0.0,120.0,0.5412,1.55313,118.44548996342712
Poole2025,Measured,P0001,P0001,0,77,180,30,-178.1228,40.21074,0.0,150.0,-1.43346,139.7741,10.324828497126733
Poole2025,Measured,P0001,P0001,0,88,0,60,0.9512104,39.13792,0.0,60.0,0.73777,39.14179,20.870676726793853
Poole2025,Measured,P0001,P0001,0,90,-150,0,-179.8264,0.9569532,-30.0,180.0,-0.17358,179.04304,29.840335783803095
Poole2025,Measured,P0001,P0001,0,92,-135,30,-90.87372,56.23151,-37.76124,140.76848,-33.76404,90.58417,40.43200852921087
Poole2025,Measured,P0001,P0001,0,93,180,0,176.0535,31.78142,0.0,180.0,3.35404,148.15765,32.000030075541886
Poole2025,Measured,P0001,P0001,0,94,0,90,179.3344,33.44582,0.0,90.0,0.55538,146.5524,56.55418000000001
Poole2025,Measured,P0001,P0001,0,95,-120,0,-136.4846,13.45191,-60.0,180.0,-42.04079,161.74575,21.157907290597052
Poole2025,Measured,P0001,P0001,1,2,90,-30,87.63961,-27.526389999999992,60.0,-90.0,62.38048,-85.4815,3.224708457957368
Poole2025,Measured,P0001,P0001,1,4,0,-30,-1.0598019999999906,1.662128,0.0,-30.0,-1.05936,1.66241,31.678288279856897
Poole2025,Measured,P0001,P0001,1,5,-90,0,-89.10795000000002,6.036958,-90.0,0.0,-83.89773,81.62554,6.102267457157454
Poole2025,Measured,P0001,P0001,1,9,-135,-30,-147.6298,-21.55889000000002,-37.76124,219.23152,-29.86328,205.06971,14.145510534736546
Poole2025,Measured,P0001,P0001,1,18,0,90,-0.7984389999999735,0.2705197,0.0,90.0,-0.79843,0.27055,89.7294803
Poole2025,Measured,P0001,P0001,1,24,135,30,89.52755,48.33156,37.76124,140.76848,41.66671,89.57954,38.990685433847105
Poole2025,Measured,P0001,P0001,1,26,135,-30,90.02636,-19.51130999999998,37.76124,219.23152,70.48867,269.92561,41.88646725541538
Poole2025,Measured,P0001,P0001,1,27,45,30,45.13676,25.99808,37.76124,39.23152,39.5736,34.6581,4.0037400029530295
Poole2025,Measured,P0001,P0001,1,31,45,-30,42.47764,-33.35397999999998,37.76124,-39.23152,34.33796,-41.74768,3.981705688541438
Poole2025,Measured,P0001,P0001,1,32,-135,30,-96.75853999999998,70.19753,-37.76124,140.76848,-19.65917,92.42646,45.50356427617254
Poole2025,Measured,P0001,P0001,1,33,180,0,179.3254,32.43839,0.0,180.0,0.56934,147.55981,32.44463800695692
Poole2025,Measured,P0001,P0001,1,35,180,60,11.45662,88.99053,0.0,120.0,0.2005,89.01064,30.989944796186695
Poole2025,Measured,P0001,P0001,1,36,-150,0,-156.3874,18.33768,-30.0,180.0,-22.3467,160.1132,19.382094447606963
Poole2025,Measured,P0001,P0001,1,38,0,0,0.9614412,2.979861,0.0,0.0,0.96014,2.98028,3.130991402242844
Poole2025,Measured,P0001,P0001,1,40,-45,30,-48.45713000000001,32.60925,-37.76124,39.23152,-39.08529,43.96996,3.940736306107816
Poole2025,Measured,P0001,P0001,1,43,0,30,-1.5847380000000155,-0.3045455999999831,0.0,30.0,-1.58472,-0.30466,30.342135534193588
Poole2025,Measured,P0001,P0001,1,53,150,0,105.3378,20.40132,30.0,180.0,64.67436,125.42021,48.19107102179067
Poole2025,Measured,P0001,P0001,1,54,-90,-30,-88.50099999999998,8.827459,-60.0,-90.0,-81.04717,80.43851,38.85421392981635
Poole2025,Measured,P0001,P0001,1,55,-90,30,-90.68171999999998,41.33365,-60.0,90.0,-48.66174,90.775,11.347061848243865
Poole2025,Measured,P0001,P0001,1,59,-90,60,-30.486260000000016,46.25598,-30.0,90.0,-20.53554,50.48505,36.770261999383614
Poole2025,Measured,P0001,P0001,1,63,90,0,89.90939,21.54078,90.0,0.0,68.45904,89.77045,21.540961507462537
Poole2025,Measured,P0001,P0001,1,66,-45,-30,-52.15089999999998,21.67086,-37.76124,-39.23152,-47.20751,32.92725,52.12665627301898
Poole2025,Measured,P0001,P0001,1,70,120,0,90.50613,22.32112,60.0,180.0,67.67344,91.23257,36.371537614569846
Poole2025,Measured,P0001,P0001,1,71,-60,0,-64.29552999999999,17.86672,-60.0,0.0,-59.04687,36.61992,18.359440400225015
Poole2025,Measured,P0001,P0001,1,76,180,-30,176.5158,8.959054,0.0,210.0,3.44164,171.02463,39.102919848463934
Poole2025,Measured,P0001,P0001,1,79,90,30,87.69267,18.43138,60.0,90.0,71.42974,83.11182,11.757412327595029
Poole2025,Measured,P0001,P0001,1,81,-120,0,-136.0533,8.321853,-60.0,180.0,-43.368,168.51597,18.031567443250303
Poole2025,Measured,P0001,P0001,1,85,180,30,174.0932,45.86732,0.0,150.0,4.10928,133.98025,16.52500852051263
Poole2025,Measured,P0001,P0001,1,90,60,0,68.56779,21.21803,60.0,0.0,60.198,46.73562,22.80833563117672
Poole2025,Measured,P0001,P0001,1,91,90,60,48.67987,-16.21496000000002,30.0,90.0,46.15007,-23.7708,83.18015665033023
Poole2025,Measured,P0001,P0001,1,93,-30,0,-56.74146999999999,39.57586,-30.0,0.0,-40.13053,56.43604,46.50087472161957
Poole2025,Measured,P0001,P0001,1,97,30,0,17.58608,6.407503,30.0,0.0,17.47268,6.71884,13.946917895217036
Poole2025,Measured,P0001,P0001,1,98,0,60,0.0,1.167681,0.0,60.0,0.0,1.16768,58.83231899999999
Poole2025,Measured,P0001,P0001,2,0,60,0,55.41937,0.5814822,60.0,0.0,55.41509,1.02445,4.617312211866297
Poole2025,Measured,P0001,P0001,2,7,180,-30,0.8704314,1.575698,0.0,210.0,0.8701,1.57588,151.56367574693192
Poole2025,Measured,P0001,P0001,2,15,90,0,89.91735,0.4885893,90.0,0.0,89.50447,80.39894,0.4955303835220992
Poole2025,Measured,P0001,P0001,2,16,-45,30,-39.06531000000001,17.76085,-37.76124,39.23152,-36.882,22.41834,13.381428849139954
Poole2025,Measured,P0001,P0001,2,17,30,0,27.15409,0.9479132,30.0,0.0,27.15007,1.06531,2.999500638668756
Poole2025,Measured,P0001,P0001,2,19,-135,-30,-144.1483,-25.555830000000014,-37.76124,219.23152,-31.89664,210.53831,9.228969260428808
Poole2025,Measured,P0001,P0001,2,21,120,0,100.1276,14.321,60.0,180.0,72.52116,124.55894,24.3244529884358
Poole2025,Measured,P0001,P0001,2,26,0,60,0.5230194,0.3000144,0.0,60.0,0.52301,0.30003,59.70136799195933
Poole2025,Measured,P0001,P0001,2,29,0,-30,-2.905352999999991,0.261696,0.0,-30.0,-2.90532,0.26203,30.388015707175366
Poole2025,Measured,P0001,P0001,2,36,180,30,172.9041,66.48743,0.0,150.0,2.82482,113.35183,36.741643426719584
Poole2025,Measured,P0001,P0001,2,39,0,90,-0.3380412999999862,0.4554249,0.0,90.0,-0.33803,0.45543,89.5445751
Poole2025,Measured,P0001,P0001,2,41,-60,0,-65.63752999999997,0.3420692,-60.0,0.0,-65.63528,0.82919,5.647864905202627
Poole2025,Measured,P0001,P0001,2,42,180,60,-1.010850000000005,0.6912548,0.0,120.0,-1.01078,0.69136,119.3036328182121
Poole2025,Measured,P0001,P0001,2,43,90,60,76.33447,1.440486,30.0,90.0,76.2602,6.07561,59.50502321755789
Poole2025,Measured,P0001,P0001,2,46,-90,60,-26.569729999999993,13.16816,-30.0,90.0,-25.81874,14.6594,65.47741891207073
Poole2025,Measured,P0001,P0001,2,48,-150,0,-156.8842,1.571719,-30.0,180.0,-23.1066,178.29116,7.060496491844454
Poole2025,Measured,P0001,P0001,2,53,-30,0,-35.99018000000001,13.28968,-30.0,0.0,-34.88349,16.27372,14.555121979792656
Poole2025,Measured,P0001,P0001,2,55,90,30,90.00254,27.5151,60.0,90.0,62.4849,90.00488,2.4849009973890426
Poole2025,Measured,P0001,P0001,2,56,135,30,89.75565,42.66999,37.76124,140.76848,47.32944,89.73492,38.07335309156337
Poole2025,Measured,P0001,P0001,2,59,90,-30,89.68092,-27.800760000000025,60.0,-90.0,62.19755,-89.39486,2.2169055581008763
Poole2025,Measured,P0001,P0001,2,60,-90,30,-68.65334999999999,31.7306,-60.0,90.0,-52.38969,59.51559,18.3755068633335
Poole2025,Measured,P0001,P0001,2,66,0,30,0.4228990999999999,0.0,0.0,30.0,0.4229,0.0,30.00270309809112
Poole2025,Measured,P0001,P0001,2,72,-90,0,-89.65904,5.500749,-90.0,0.0,-84.48873,86.464,5.511273526569289
Poole2025,Measured,P0001,P0001,2,73,0,0,-1.5895469999999818,0.5348573,0.0,0.0,-1.58948,0.53506,1.6770982675848218
Poole2025,Measured,P0001,P0001,2,80,150,0,135.1956,7.915197,30.0,180.0,44.26477,168.9132,16.74569676890786
Poole2025,Measured,P0001,P0001,2,81,45,-30,46.28106,-29.4384,37.76124,-39.23152,39.00749,-39.23431,1.24625193241857
Poole2025,Measured,P0001,P0001,2,82,-120,0,-134.9641,10.00598,-60.0,180.0,-44.16984,165.98141,17.93746070790527
Poole2025,Measured,P0001,P0001,2,84,-135,30,-37.515420000000006,78.82726,-37.76124,140.76848,-6.77667,81.09621,62.05231288250898
Poole2025,Measured,P0001,P0001,2,85,180,0,168.6482,-0.7127181999999834,0.0,180.0,11.35091,180.72694,11.373858903618087
Poole2025,Measured,P0001,P0001,2,89,135,-30,93.79496,-30.411400000000015,37.76124,219.23152,59.37524,263.5665,35.41098810572053
Poole2025,Measured,P0001,P0001,2,92,-45,-30,-42.39731999999998,-26.92225999999999,-37.76124,-39.23152,-36.9553,-34.5142,3.834763467004213
Poole2025,Measured,P0001,P0001,2,93,-90,-30,-76.89414,-18.66257999999999,-60.0,-90.0,-67.33027,-56.12456,16.440327522134456
Poole2025,Measured,P0001,P0001,2,94,45,30,40.74131,0.811324,37.76124,39.23152,40.73636,1.07077,29.468351027575263
Poole2025,Measured,P0006,P0006,0,0,90,0,89.28146,22.69096,90.0,0.0,67.29827,88.28207,22.70173311192388
Poole2025,Measured,P0006,P0006,0,1,-45,30,-44.9683,2.53613,-37.76124,39.23152,-44.91227,3.58231,27.46388645097685
Poole2025,Measured,P0006,P0006,0,2,0,60,-9.454256999999984,65.04529,0.0,60.0,-3.97388,65.3437,6.6558979028926215
Poole2025,Measured,P0006,P0006,0,12,180,-30,-179.4853,-1.27962500000001,0.0,210.0,-0.51457,181.27968,28.724540056670406
Poole2025,Measured,P0006,P0006,0,14,-90,30,-92.21415000000002,2.588156,-60.0,90.0,-86.59446,130.52046,27.49212062825057
Poole2025,Measured,P0006,P0006,0,16,-90,-30,-112.53660000000002,-18.17725999999999,-60.0,-90.0,-61.34723,220.58607,23.658657502878757
Poole2025,Measured,P0006,P0006,0,17,-60,0,-113.21089999999998,-33.86345,-60.0,0.0,-49.74342,239.57358,60.17956175243681
Poole2025,Measured,P0006,P0006,0,20,135,-30,158.7572,-11.69267000000002,37.76124,219.23152,20.78133,192.51906,28.655137401464103
Poole2025,Measured,P0006,P0006,0,22,0,0,-5.839188999999976,7.566805,0.0,0.0,-5.78817,7.60581,9.547464108570177
Poole2025,Measured,P0006,P0006,0,30,30,0,33.1709,-28.15366,30.0,0.0,28.84251,-32.5924,28.317140838084192
Poole2025,Measured,P0006,P0006,0,34,-135,30,-91.75565,4.261126,-37.76124,140.76848,-85.39198,112.35204,48.22143412201697
Poole2025,Measured,P0006,P0006,0,38,-120,0,-92.91514999999998,8.195177,-60.0,180.0,-81.30512,109.44985,28.20752852275719
Poole2025,Measured,P0006,P0006,0,40,-135,-30,-156.0858,-15.225810000000024,-37.76124,219.23152,-23.02539,196.58024,24.357881049548467
Poole2025,Measured,P0006,P0006,0,44,180,60,-178.6006,36.7391,0.0,120.0,-1.12139,143.25271,23.278232088845435
Poole2025,Measured,P0006,P0006,0,48,90,60,118.7501,41.54672,30.0,90.0,41.00728,118.4917,25.51773553173844
Poole2025,Measured,P0006,P0006,0,55,0,-30,-6.431145000000015,-39.43153000000001,0.0,-30.0,-4.9631,-39.60908,10.80440579886982
Poole2025,Measured,P0006,P0006,0,58,45,-30,42.63766,-36.29545999999999,37.76124,-39.23152,33.08859,-44.95319,6.598163797800884
Poole2025,Measured,P0006,P0006,0,62,90,30,84.84015,14.97031,60.0,90.0,74.18465,71.41026,15.76138831128639
Poole2025,Measured,P0006,P0006,0,63,-45,-30,-74.18950999999998,-32.86009999999999,-37.76124,-39.23152,-53.92231,-67.13012,24.990850057664023
Poole2025,Measured,P0006,P0006,0,64,-150,0,-37.46194000000003,-18.893520000000024,-30.0,180.0,-35.13212,-23.32461,111.26277110030829
Poole2025,Measured,P0006,P0006,0,65,-90,60,-60.80275,8.390541,-30.0,90.0,-59.72344,16.82342,56.07058838780157
Poole2025,Measured,P0006,P0006,0,68,0,90,-3.264948000000004,6.545025,0.0,90.0,-3.24365,6.55557,83.454975
Poole2025,Measured,P0006,P0006,0,75,-30,0,-45.76330999999999,12.69373,-30.0,0.0,-44.34303,17.89393,20.13736475772607
Poole2025,Measured,P0006,P0006,0,76,0,30,-4.985033999999985,13.75826,0.0,30.0,-4.84166,13.8085,16.881307443481816
Poole2025,Measured,P0006,P0006,0,77,150,0,166.6192,12.08046,30.0,180.0,13.07916,167.59275,20.445229251191176
Poole2025,Measured,P0006,P0006,0,79,-90,0,-113.8956,-19.02602999999999,-90.0,0.0,-59.80722,220.40764,30.19277878665323
Poole2025,Measured,P0006,P0006,0,81,135,30,146.717,22.17616,37.76124,140.76848,30.54272,154.0068,13.098866778316276
Poole2025,Measured,P0006,P0006,0,84,45,30,171.8873,-16.54676999999998,37.76124,39.23152,7.77461,196.70476,129.84384032218856
Poole2025,Measured,P0006,P0006,0,85,90,-30,93.66539,-16.998559999999998,60.0,-90.0,72.62215,258.18837,13.426082790276476
Poole2025,Measured,P0006,P0006,0,93,180,0,-177.935,0.7364823,0.0,180.0,-2.06483,179.26304,2.1923494933852874
Poole2025,Measured,P0006,P0006,0,95,180,30,179.7302,11.50217,0.0,150.0,0.26438,168.49771,18.499529041244013
Poole2025,Measured,P0006,P0006,0,96,60,0,81.76812,9.150233,60.0,0.0,77.71535,48.36581,23.526652365304106
Poole2025,Measured,P0006,P0006,0,98,120,0,129.7362,-0.4173099000000206,60.0,180.0,50.26197,180.65279,9.745053028877352
Poole2025,Measured,P0006,P0006,1,2,-90,0,-104.11849999999998,-4.8671150000000125,-90.0,0.0,-75.08225,199.24342,14.91774811571347
Poole2025,Measured,P0006,P0006,1,4,-45,30,-88.9373,1.820912,-37.76124,39.23152,-87.89176,59.74162,50.26800453867691
Poole2025,Measured,P0006,P0006,1,5,-150,0,-159.8602,-1.9117219999999977,-30.0,180.0,-20.12811,182.03612,10.042015333282672
Poole2025,Measured,P0006,P0006,1,7,-90,-30,-97.86815,-16.67448999999999,-60.0,-90.0,-71.61015,245.43816,15.145342658875135
Poole2025,Measured,P0006,P0006,1,9,0,60,0.5028,43.72375,0.0,60.0,0.36336,43.72485,16.279094067293805
Poole2025,Measured,P0006,P0006,1,13,60,0,110.142,0.7932757,60.0,0.0,69.84303,177.69739,50.14658459424374
Poole2025,Measured,P0006,P0006,1,14,-90,60,-120.3923,38.98645,-30.0,90.0,-42.10414,122.0078,28.346974276662817
Poole2025,Measured,P0006,P0006,1,16,135,30,160.5388,8.309692,37.76124,140.76848,19.24878,171.19446,32.27797464619147
Poole2025,Measured,P0006,P0006,1,22,30,0,26.89957,-23.776130000000023,30.0,0.0,24.45821,-26.28965,23.96578201927652
Poole2025,Measured,P0006,P0006,1,27,-120,0,-114.2751,-15.147699999999986,-60.0,180.0,-61.63145,213.36419,16.16971296056964
Poole2025,Measured,P0006,P0006,1,32,-135,-30,-128.0537,-26.64427999999998,-37.76124,219.23152,-44.73382,219.14449,6.972886469123871
Poole2025,Measured,P0006,P0006,1,33,-45,-30,-54.21605,3.170459,-37.76124,-39.23152,-54.09456,5.41148,34.32173240604626
Poole2025,Measured,P0006,P0006,1,34,45,30,62.34029,15.77607,37.76124,39.23152,58.46892,31.32438,21.33552456580443
Poole2025,Measured,P0006,P0006,1,43,180,-30,179.7238,-11.38803999999999,0.0,210.0,0.27076,191.38817,18.61373077963816
Poole2025,Measured,P0006,P0006,1,47,-60,0,-114.25560000000002,-11.811230000000023,-60.0,0.0,-63.17872,206.97767,55.12402849368462
Poole2025,Measured,P0006,P0006,1,50,180,30,-178.1003,0.7157319,0.0,150.0,-1.89955,179.28387,29.339969018250084
Poole2025,Measured,P0006,P0006,1,56,90,30,102.2998,4.974491,60.0,90.0,76.74673,157.77571,27.586100719331434
Poole2025,Measured,P0006,P0006,1,59,90,-30,109.7369,-9.271312000000025,60.0,-90.0,68.27284,205.79875,27.741663774647535
Poole2025,Measured,P0006,P0006,1,60,135,-30,156.4885,-14.291719999999998,37.76124,219.23152,22.74228,195.52563,25.26825876902541
Poole2025,Measured,P0006,P0006,1,64,0,0,-0.4893895999999814,1.284204,0.0,0.0,-0.48927,1.28425,1.374278715004378
Poole2025,Measured,P0006,P0006,1,65,-90,30,-119.5691,-10.913540000000012,-60.0,90.0,-58.65281,201.34209,49.838183851367425
Poole2025,Measured,P0006,P0006,1,71,180,0,179.6955,24.24961,0.0,180.0,0.27763,155.75009,24.25140618306137
Poole2025,Measured,P0006,P0006,1,76,150,0,158.376,18.45866,30.0,180.0,20.46009,160.24865,20.209699135849338
Poole2025,Measured,P0006,P0006,1,79,180,60,-176.7576,16.46601,0.0,120.0,-3.10929,163.50902,43.597803112059246
Poole2025,Measured,P0006,P0006,1,83,-135,30,-122.2312,-18.05970000000002,-37.76124,140.76848,-53.53583,211.44082,49.60946382235183
Poole2025,Measured,P0006,P0006,1,85,0,30,-6.328215999999998,11.51189,0.0,30.0,-6.20041,11.58056,19.40067158033651
Poole2025,Measured,P0006,P0006,1,86,0,90,-0.5139619999999923,22.27592,0.0,90.0,-0.4756,22.27673,67.72408
Poole2025,Measured,P0006,P0006,1,89,0,-30,-0.55284690000002,-47.681989999999985,0.0,-30.0,-0.3722,-47.68332,17.687109220414364
Poole2025,Measured,P0006,P0006,1,91,90,0,97.53288,1.380552,90.0,0.0,82.34238,169.58335,7.657624327028142
Poole2025,Measured,P0006,P0006,1,92,90,60,170.6597,3.828685,30.0,90.0,9.31927,176.12003,82.02185651671059
Poole2025,Measured,P0006,P0006,1,93,120,0,114.4366,-6.362885000000006,60.0,180.0,64.79788,195.08593,8.444542670429897
Poole2025,Measured,P0006,P0006,1,94,-30,0,-38.82294999999999,-4.64207399999998,-30.0,0.0,-38.67187,-5.94994,9.961055462428993
Poole2025,Measured,P0006,P0006,1,98,45,-30,38.62994,-36.03460000000001,37.76124,-39.23152,30.32059,-42.96035,8.054668443501907
Poole2025,Measured,P0006,P0006,2,1,0,60,179.545,-0.8235323999999764,0.0,60.0,0.45495,180.82356,120.82248062186272
Poole2025,Measured,P0006,P0006,2,11,180,30,179.5373,79.52454,0.0,150.0,0.08412,100.47513,49.52492672059367
Poole2025,Measured,P0006,P0006,2,15,-90,30,-99.72959000000004,4.109421,-60.0,90.0,-79.44587,156.96824,27.47589909319663
Poole2025,Measured,P0006,P0006,2,25,-60,0,-68.04843,-16.565319999999986,-60.0,0.0,-62.74843,-38.50957,18.367625420885307
Poole2025,Measured,P0006,P0006,2,26,-45,30,-49.273109999999974,-12.053440000000023,-37.76124,39.23152,-47.82696,-18.12195,42.25443251089911
Poole2025,Measured,P0006,P0006,2,27,135,30,161.0467,-22.130999999999972,37.76124,140.76848,17.50974,203.26777,57.83347718818838
Poole2025,Measured,P0006,P0006,2,30,0,0,-0.2046301999999968,3.118473,0.0,0.0,-0.20433,3.11849,3.1251729574615847
Poole2025,Measured,P0006,P0006,2,31,0,30,-0.7176430000000096,-41.36297999999999,0.0,30.0,-0.53861,-41.36521,71.36606283584295
Poole2025,Measured,P0006,P0006,2,32,30,0,27.82533,8.752818,30.0,0.0,27.47371,9.87592,9.016882101677398
Poole2025,Measured,P0006,P0006,2,33,90,30,88.19668,17.78552,60.0,90.0,72.12623,84.39729,12.324592814296349
Poole2025,Measured,P0006,P0006,2,34,135,-30,158.7602,-13.89373999999998,37.76124,219.23152,20.58968,194.86289,27.190525139799412
Poole2025,Measured,P0006,P0006,2,36,-30,0,-48.69400000000002,-1.040046000000018,-30.0,0.0,-48.68326,-1.57541,18.72187683692453
Poole2025,Measured,P0006,P0006,2,37,-45,-30,-78.15350000000001,-37.22667000000001,-37.76124,-39.23152,-51.19554,-74.87981,28.38177105036266
Poole2025,Measured,P0006,P0006,2,42,60,0,134.5466,-3.5825530000000185,60.0,0.0,45.33976,185.10022,74.5775509174608
Poole2025,Measured,P0006,P0006,2,45,90,0,111.3991,-18.40960000000001,90.0,0.0,62.05682,222.37232,27.943182215624816
Poole2025,Measured,P0006,P0006,2,48,-135,-30,-117.4743,-23.33742000000001,-37.76124,219.23152,-54.55106,223.08133,16.993831492414742
Poole2025,Measured,P0006,P0006,2,52,0,-30,-0.1666890000000194,-58.257979999999975,0.0,-30.0,-0.08769,-58.25809,28.258213339038463
Poole2025,Measured,P0006,P0006,2,54,0,90,-2.702477999999985,4.190169,0.0,90.0,-2.69525,4.19482,85.809831
Poole2025,Measured,P0006,P0006,2,56,45,30,146.2472,6.998604,37.76124,39.23152,33.46799,171.60114,96.1268798604697
Poole2025,Measured,P0006,P0006,2,57,-120,0,-115.772,-16.43038999999999,-60.0,180.0,-59.74111,214.14667,16.95113015089781
Poole2025,Measured,P0006,P0006,2,58,-90,60,-81.30417,17.79518,-30.0,90.0,-70.25576,64.77795,42.66949744684502
Poole2025,Measured,P0006,P0006,2,59,150,0,42.81459,11.93991,30.0,180.0,41.67653,16.08056,106.80243239419174
Poole2025,Measured,P0006,P0006,2,60,120,0,113.8016,4.508195,60.0,180.0,65.79965,168.94537,7.659282200915459
Poole2025,Measured,P0006,P0006,2,66,45,-30,161.2635,-27.198410000000024,37.76124,-39.23152,16.60064,208.48658,96.44832328574142
Poole2025,Measured,P0006,P0006,2,74,90,-30,108.992,-23.92426999999998,60.0,-90.0,59.80552,233.73812,17.956594624894656
Poole2025,Measured,P0006,P0006,2,75,-135,30,-143.2653,8.690433,-37.76124,140.76848,-36.24532,169.20188,22.67023252324793
Poole2025,Measured,P0006,P0006,2,76,180,60,-7.528167999999994,65.6722,0.0,120.0,-3.09387,65.85785,54.20248246159931
Poole2025,Measured,P0006,P0006,2,79,180,-30,-179.8468,-0.7203645000000165,0.0,210.0,-0.15319,180.72037,29.279998148000256
Poole2025,Measured,P0006,P0006,2,80,-90,-30,-97.92858,-21.365430000000003,-60.0,-90.0,-67.27558,250.57715,11.19963706530833
Poole2025,Measured,P0006,P0006,2,82,-90,0,-97.69304999999996,1.067896,-90.0,0.0,-82.23363,172.0727,7.766373583443928
Poole2025,Measured,P0006,P0006,2,90,-150,0,-156.8448,-3.692153000000019,-30.0,180.0,-23.10435,184.01463,7.772924189812512
Poole2025,Measured,P0006,P0006,2,95,90,60,156.2899,9.845963,30.0,90.0,23.34,169.26657,69.74593850806299
Poole2025,Measured,P0006,P0006,2,98,180,0,178.3742,-0.0593470300000262,0.0,180.0,1.6258,180.05937,1.6268825294491918
Poole2025,Measured,P0019,P0019,0,0,90,30,80.57531,15.21819,60.0,90.0,72.1586,58.95421,17.132808806038963
Poole2025,Measured,P0019,P0019,0,4,0,90,4.032889,-46.58848,0.0,90.0,2.77033,-46.65939,136.58848
Poole2025,Measured,P0019,P0019,0,6,-45,30,-48.75256999999999,34.99863,-37.76124,39.23152,-38.01776,46.72153,5.915050748141255
Poole2025,Measured,P0019,P0019,0,10,90,-30,93.38148,-8.570245999999997,60.0,-90.0,80.79141,248.62531,21.662364089291152
Poole2025,Measured,P0019,P0019,0,13,90,60,89.8453,43.80805,30.0,90.0,46.19173,89.83873,16.192220239207735
Poole2025,Measured,P0019,P0019,0,17,150,0,156.1671,13.77887,30.0,180.0,23.10655,164.99229,15.071621590868348
Poole2025,Measured,P0019,P0019,0,24,135,30,88.93118,34.2919,37.76124,140.76848,55.69348,88.43317,38.91233431006693
Poole2025,Measured,P0019,P0019,0,33,180,30,0.65342,-0.2065337999999883,0.0,150.0,0.65342,-0.20655,150.2000405040657
Poole2025,Measured,P0019,P0019,0,41,-135,30,-90.99442,29.34578,-37.76124,140.76848,-60.63888,91.76807,37.99963436112997
Poole2025,Measured,P0019,P0019,0,42,0,-30,3.975325,-14.917899999999976,0.0,-30.0,3.84113,-14.95227,15.519265817798878
Poole2025,Measured,P0019,P0019,0,43,-60,0,-75.03611000000001,10.24757,-60.0,0.0,-71.92994,34.99775,18.12926774076007
Poole2025,Measured,P0019,P0019,0,46,-30,0,-22.249120000000005,24.03664,-30.0,0.0,-20.23071,25.72813,25.184630394167716
Poole2025,Measured,P0019,P0019,0,47,120,0,109.735,1.142438,60.0,180.0,70.23328,176.62018,10.327700374410414
Poole2025,Measured,P0019,P0019,0,58,-90,30,-87.24103000000002,12.35299,-60.0,90.0,-77.34733,77.60417,17.831411427439665
Poole2025,Measured,P0019,P0019,0,60,45,-30,84.21848,-21.95967999999999,37.76124,-39.23152,67.32844,-75.97266,35.97795034886261
Poole2025,Measured,P0019,P0019,0,61,0,0,13.36089,5.989132,0.0,0.0,13.28662,6.15448,14.619509829160108
Poole2025,Measured,P0019,P0019,0,63,-90,60,-66.34533999999996,49.98417,-30.0,90.0,-36.08428,71.38364,16.714953699225447
Poole2025,Measured,P0019,P0019,0,69,-45,-30,-35.77199000000002,-3.0627959999999916,-37.76124,-39.23152,-35.71305,-3.77308,28.320042659494497
Poole2025,Measured,P0019,P0019,0,71,180,0,0.2454926,-5.2615710000000036,0.0,180.0,0.24446,-5.26162,174.73272114860606
Poole2025,Measured,P0019,P0019,0,76,0,30,18.92075,-12.12184000000002,0.0,30.0,18.48341,-12.79202,45.89539815033864
Poole2025,Measured,P0019,P0019,0,77,0,60,18.25271,86.04907,0.0,60.0,1.23658,86.24728,26.27432934390132
Poole2025,Measured,P0019,P0019,0,78,-135,-30,-119.6601,-15.496399999999994,-37.76124,219.23152,-56.86518,209.26106,20.215429775895497
Poole2025,Measured,P0019,P0019,0,80,-90,0,-88.12089000000003,-0.5895029999999792,-90.0,0.0,-88.03062,-17.42088,1.969376442334779
Poole2025,Measured,P0019,P0019,0,82,-120,0,-90.06214,-5.673055999999974,-60.0,180.0,-84.3266,269.37449,30.421596776624767
Poole2025,Measured,P0019,P0019,0,83,-150,0,-169.2394,-1.2800829999999903,-30.0,180.0,-10.75788,181.30299,19.2803285067637
Poole2025,Measured,P0019,P0019,0,84,90,0,90.53457,0.1235407,90.0,0.0,89.45134,166.98703,0.5486592262938883
Poole2025,Measured,P0019,P0019,0,85,30,0,59.2693,20.79678,30.0,0.0,53.47269,36.62134,35.36364764361108
Poole2025,Measured,P0019,P0019,0,88,180,60,170.2006,80.74579,0.0,120.0,1.56842,99.12147,20.934729486598748
Poole2025,Measured,P0019,P0019,0,91,180,-30,0.2027088,7.188728,0.0,210.0,0.20112,7.18877,157.18793331339668
Poole2025,Measured,P0019,P0019,0,93,45,30,72.5863,48.51749,37.76124,39.23152,39.20029,75.17876,27.992233596089527
Poole2025,Measured,P0019,P0019,0,94,60,0,79.42562,-0.7010923999999932,60.0,0.0,79.40267,-3.81496,19.437779276705765
Poole2025,Measured,P0019,P0019,0,97,135,-30,136.4371,-0.1398823000000106,37.76124,219.23152,43.56274,180.19304,29.89145003865265
Poole2025,Measured,P0019,P0019,0,98,-90,-30,-83.82141000000001,-1.021441999999979,-60.0,-90.0,-83.73787,-9.40608,29.567919859560153
Poole2025,Measured,P0019,P0019,1,0,-30,0,-29.60444000000001,23.47188,-30.0,0.0,-26.94486,26.53872,23.47502430157203
Poole2025,Measured,P0019,P0019,1,8,180,0,-8.376792000000023,1.512067,0.0,180.0,-8.37385,1.52836,171.48879112954054
Poole2025,Measured,P0019,P0019,1,17,-90,60,-68.12445000000002,61.62162,-30.0,90.0,-26.17211,78.61968,10.73848069163462
Poole2025,Measured,P0019,P0019,1,22,60,0,66.27195,6.421534,60.0,0.0,65.46697,15.62609,8.967077429520874
Poole2025,Measured,P0019,P0019,1,23,-45,-30,-32.07421999999997,-7.462008000000026,-37.76124,-39.23152,-31.77064,-8.78676,25.59544205994466
Poole2025,Measured,P0019,P0019,1,27,-135,30,-117.9717,34.25649,-37.76124,140.76848,-46.88394,124.5553,15.014210459790885
Poole2025,Measured,P0019,P0019,1,37,0,-30,9.464293,-7.130610999999988,0.0,-30.0,9.39043,-7.22798,24.53659281228969
Poole2025,Measured,P0019,P0019,1,40,-90,30,-79.54933,9.75651,-60.0,90.0,-75.74006,43.46953,22.47111751957696
Poole2025,Measured,P0019,P0019,1,43,-120,0,-89.26611000000003,-6.873807999999997,-60.0,180.0,-83.08731,-83.93505,31.41967586117688
Poole2025,Measured,P0019,P0019,1,44,180,60,-2.606092999999987,82.9846,0.0,120.0,-0.31819,82.99178,37.009388556678715
Poole2025,Measured,P0019,P0019,1,46,150,0,141.7054,16.92057,30.0,180.0,36.36147,158.81281,18.79072875613377
Poole2025,Measured,P0019,P0019,1,48,90,60,86.01685,44.56003,30.0,90.0,45.29961,85.96514,15.624096795001629
Poole2025,Measured,P0019,P0019,1,50,0,60,6.341123,60.95668,0.0,60.0,3.07362,61.10567,3.2662664916155877
Poole2025,Measured,P0019,P0019,1,52,135,-30,132.6886,-22.280250000000024,37.76124,219.23152,42.85701,211.1448,7.993045349234523
Poole2025,Measured,P0019,P0019,1,53,120,0,96.92277,4.960015,60.0,180.0,81.49079,144.2452,23.575722321954213
Poole2025,Measured,P0019,P0019,1,57,0,30,25.80855,61.47982,0.0,30.0,11.99774,63.93172,35.74949541121545
Poole2025,Measured,P0019,P0019,1,60,0,0,19.32366,43.05196,0.0,0.0,13.99299,44.7116,46.40403716549206
Poole2025,Measured,P0019,P0019,1,61,-45,30,-57.098749999999995,32.46943,-37.76124,39.23152,-45.10154,49.51438,10.62900796035782
Poole2025,Measured,P0019,P0019,1,62,-135,-30,-116.0073,1.236064,-37.76124,219.23152,-63.96539,177.1829,36.10848543968663
Poole2025,Measured,P0019,P0019,1,65,90,-30,94.54879,4.181888,60.0,-90.0,83.82401,137.32565,34.4583571970605
Poole2025,Measured,P0019,P0019,1,68,30,0,45.62468,11.20894,30.0,0.0,44.5185,15.82046,19.147665014910793
Poole2025,Measured,P0019,P0019,1,70,90,30,83.63982,2.420264,60.0,90.0,83.19666,20.88403,28.231699094656623
Poole2025,Measured,P0019,P0019,1,74,45,-30,30.85371,-7.044867000000011,37.76124,-39.23152,30.59565,-8.19155,26.524114434052485
Poole2025,Measured,P0019,P0019,1,77,180,-30,-0.7228051000000164,-3.349774000000025,0.0,210.0,-0.72157,-3.35004,146.64305686899272
Poole2025,Measured,P0019,P0019,1,78,-150,0,-144.6965,0.939828,-30.0,180.0,-35.29804,178.84845,5.385894985206052
Poole2025,Measured,P0019,P0019,1,79,-90,-30,-86.0883,-1.4823969999999915,-60.0,-90.0,-85.81724,-20.77395,28.758709681725545
Poole2025,Measured,P0019,P0019,1,82,-90,0,-63.57484999999997,-0.2639295999999831,-90.0,0.0,-63.57363,-0.59305,26.426373205510984
Poole2025,Measured,P0019,P0019,1,83,180,30,179.2545,43.07887,0.0,150.0,0.54452,136.91871,13.092420209169186
Poole2025,Measured,P0019,P0019,1,84,90,0,90.71805,-9.450826000000006,90.0,0.0,80.52218,265.6946,9.477817430578416
Poole2025,Measured,P0019,P0019,1,86,45,30,39.79312,2.833172,37.76124,39.23152,39.73481,3.68521,27.611374453703004
Poole2025,Measured,P0019,P0019,1,91,-60,0,-91.02384,10.75846,-60.0,0.0,-79.1935,95.37229,32.65974553864069
Poole2025,Measured,P0019,P0019,1,93,135,30,152.3978,19.28332,37.76124,140.76848,25.93403,158.45578,19.062591156179508
Poole2025,Measured,P0019,P0019,1,95,0,90,-179.4142,11.23778,0.0,90.0,-0.57457,168.76165,78.76222000000001
Poole2025,Measured,P0019,P0019,2,2,90,0,89.8279,1.672223,90.0,0.0,88.31895,84.12565,1.6810531703329157
Poole2025,Measured,P0019,P0019,2,4,180,0,178.271,-0.522270600000013,0.0,180.0,1.72893,180.52251,1.8061353152892052
Poole2025,Measured,P0019,P0019,2,7,90,30,83.36264,12.68265,60.0,90.0,75.71079,62.81426,18.376047172801997
Poole2025,Measured,P0019,P0019,2,9,135,30,101.5901,41.9479,37.76124,140.76848,46.76814,102.60074,29.31992792613339
Poole2025,Measured,P0019,P0019,2,13,-135,-30,-97.82560999999998,-18.103250000000003,-37.76124,219.23152,-70.32988,247.38841,35.781216140995696
Poole2025,Measured,P0019,P0019,2,21,-60,0,-89.46461999999997,2.697693,-60.0,0.0,-87.24973,78.78326,29.57681780649836
Poole2025,Measured,P0019,P0019,2,22,45,-30,71.38039,-18.209180000000003,37.76124,-39.23152,64.18467,-45.85526,26.717783786195874
Poole2025,Measured,P0019,P0019,2,23,0,30,-0.2102892999999994,27.91311,0.0,30.0,-0.18582,27.91327,2.0949842089458057
Poole2025,Measured,P0019,P0019,2,25,-90,0,-90.61626,-0.0279764599999907,-90.0,0.0,-89.38311,182.59933,0.6168946747481094
Poole2025,Measured,P0019,P0019,2,26,-30,0,-31.23302000000001,23.45719,-30.0,0.0,-28.40287,26.90665,23.487745555494037
Poole2025,Measured,P0019,P0019,2,27,-150,0,-148.7492,7.429646,-30.0,180.0,-30.95934,171.3272,7.533615419898403
Poole2025,Measured,P0019,P0019,2,29,0,0,4.59751,4.917092,0.0,0.0,4.58055,4.93289,6.727774726342169
Poole2025,Measured,P0019,P0019,2,31,-45,-30,-49.23475000000002,19.43134,-37.76124,-39.23152,-45.58184,28.38069,49.59930616602511
Poole2025,Measured,P0019,P0019,2,32,180,-30,1.198773,-8.117862000000002,0.0,210.0,1.18676,-8.11962,141.86472413326587
Poole2025,Measured,P0019,P0019,2,33,-90,30,-85.12362999999999,22.41257,-60.0,90.0,-67.08982,78.35376,8.755582937874028
Poole2025,Measured,P0019,P0019,2,37,180,30,4.625884,88.44691,0.0,150.0,0.12524,88.45197,61.54810751688581
Poole2025,Measured,P0019,P0019,2,39,150,0,145.9947,12.70366,30.0,180.0,33.06424,164.78736,13.310205585662407
Poole2025,Measured,P0019,P0019,2,41,30,0,61.23874,-3.154488000000015,30.0,0.0,61.08097,-6.53415,31.38157693409531
Poole2025,Measured,P0019,P0019,2,43,-135,30,-69.82853,-8.579408,-37.76124,140.76848,-68.14998,-23.63003,73.44184523141153
Poole2025,Measured,P0019,P0019,2,50,-120,0,-92.94624,0.2548778,-60.0,180.0,-87.04277,175.05348,27.05487001759514
Poole2025,Measured,P0019,P0019,2,51,45,30,67.31274,18.50681,37.76124,39.23152,61.03447,40.95282,23.298268451777385
Poole2025,Measured,P0019,P0019,2,52,-90,60,-72.34183999999999,56.44481,-30.0,90.0,-31.78253,78.62425,9.918462509479246
Poole2025,Measured,P0019,P0019,2,55,-90,-30,-64.14967000000001,-8.019785000000013,-60.0,-90.0,-63.01618,-17.90735,32.70084647575323
Poole2025,Measured,P0019,P0019,2,59,0,-30,0.1897456,-5.526659999999993,0.0,-30.0,0.18886,-5.52669,24.4739937456329
Poole2025,Measured,P0019,P0019,2,64,90,-30,90.05096,-4.493223999999998,60.0,-90.0,85.50649,269.35154,25.506821436788165
Poole2025,Measured,P0019,P0019,2,72,0,60,1.503891,52.61181,0.0,60.0,0.91311,52.62133,7.4346414035411055
Poole2025,Measured,P0019,P0019,2,76,0,90,179.9234,48.35454,0.0,90.0,0.0509,131.64543,41.64546
Poole2025,Measured,P0019,P0019,2,77,120,0,109.4255,1.419686,60.0,180.0,70.52469,175.73831,10.668299827797606
Poole2025,Measured,P0019,P0019,2,80,-45,30,-69.61923999999999,11.71161,-37.76124,39.23152,-66.61866,30.76337,29.26089673434383
Poole2025,Measured,P0019,P0019,2,84,135,-30,130.7035,-30.910709999999995,37.76124,219.23152,40.57339,222.5554,3.813719312333128
Poole2025,Measured,P0019,P0019,2,88,180,60,-179.2617,86.5078,0.0,120.0,-0.04497,93.49191,26.508124590782614
Poole2025,Measured,P0019,P0019,2,92,60,0,74.03541,2.628529,60.0,0.0,73.82602,9.47614,14.27456209398581
Poole2025,Measured,P0019,P0019,2,96,90,60,80.40844,48.62202,30.0,90.0,40.67615,81.64949,12.649821301464469
Poole2025,Measured,P0031,P0031,0,2,-30,0,-73.94963999999999,2.61127,-30.0,0.0,-73.74413,9.36682,44.0113222425053
Poole2025,Measured,P0031,P0031,0,6,-135,-30,-116.3545,-20.77202,-37.76124,219.23152,-56.91057,220.51186,19.16814020285596
Poole2025,Measured,P0031,P0031,0,13,-120,0,-150.659,-0.5888388000000191,-60.0,180.0,-29.3393,180.67548,30.66410391637064
Poole2025,Measured,P0031,P0031,0,14,180,0,0.5678623,-29.71935000000002,0.0,180.0,0.49317,-29.72056,150.27572070755542
Poole2025,Measured,P0031,P0031,0,15,-90,60,-62.28217000000001,37.77296,-30.0,90.0,-44.40614,59.02737,28.31659461052024
Poole2025,Measured,P0031,P0031,0,17,135,30,51.28288,29.92176,37.76124,140.76848,42.55074,42.61868,70.6370529114869
Poole2025,Measured,P0031,P0031,0,20,-135,30,-63.706020000000024,30.31542,-37.76124,140.76848,-50.7091,52.85257,60.51825587712563
Poole2025,Measured,P0031,P0031,0,23,150,0,26.88044,11.63025,30.0,180.0,26.28571,12.99375,122.35544100683502
Poole2025,Measured,P0031,P0031,0,24,120,0,106.4407,-0.1791367999999806,60.0,180.0,73.55835,180.63292,13.560461097023571
Poole2025,Measured,P0031,P0031,0,37,90,60,51.99673,36.38517,30.0,90.0,39.37236,50.11866,33.80723267157628
Poole2025,Measured,P0031,P0031,0,40,0,90,0.4901886,59.98006,0.0,90.0,0.24524,59.98097,30.019939999999995
Poole2025,Measured,P0031,P0031,0,42,0,30,-17.473929999999996,15.10204,0.0,30.0,-16.85206,15.79697,21.905328344920218
Poole2025,Measured,P0031,P0031,0,45,-45,30,-71.25184999999999,1.610219,-37.76124,39.23152,-71.18531,4.99848,37.772839393451065
Poole2025,Measured,P0031,P0031,0,46,45,-30,62.88694,17.09968,37.76124,-39.23152,58.29458,34.01972,50.15480201152021
Poole2025,Measured,P0031,P0031,0,48,0,-30,-0.0197823400000061,22.43035,0.0,-30.0,-0.01829,22.43035,52.43035344910105
Poole2025,Measured,P0031,P0031,0,51,90,30,109.236,9.774791,60.0,90.0,68.50706,152.39462,27.039624576399063
Poole2025,Measured,P0031,P0031,0,55,180,30,1.355663,44.4729,0.0,150.0,0.96733,44.48092,105.51681413733688
Poole2025,Measured,P0031,P0031,0,56,-45,-30,-57.24939999999998,31.43336,-37.76124,-39.23152,-45.85746,48.48752,62.52525983179391
Poole2025,Measured,P0031,P0031,0,62,-150,0,-145.1749,0.8829308,-30.0,180.0,-34.82037,178.92448,4.905029359380784
Poole2025,Measured,P0031,P0031,0,64,135,-30,121.1615,2.009447,37.76124,219.23152,58.78028,176.121,34.63002121262393
Poole2025,Measured,P0031,P0031,0,65,0,0,-1.765137999999979,23.24595,0.0,0.0,-1.6218,23.25581,23.30916194829426
Poole2025,Measured,P0031,P0031,0,67,60,0,104.9596,0.4201138,60.0,0.0,75.03464,178.37293,44.96114236059563
Poole2025,Measured,P0031,P0031,0,69,90,0,88.6547,0.9569532,90.0,0.0,88.34911,35.43041,1.6508855864865668
Poole2025,Measured,P0031,P0031,0,70,90,-30,76.69485,0.05233916,60.0,-90.0,76.69475,0.22742,32.61379876073632
Poole2025,Measured,P0031,P0031,0,71,-60,0,-103.5344,0.3800071,-60.0,0.0,-76.46037,178.37665,43.53572633038898
Poole2025,Measured,P0031,P0031,0,72,-90,-30,-128.5296,14.16206,-60.0,-90.0,-49.33309,157.94792,57.68612763847173
Poole2025,Measured,P0031,P0031,0,79,-90,0,-90.32072,2.121172,-90.0,0.0,-87.85473,98.59405,2.145270373202499
Poole2025,Measured,P0031,P0031,0,87,0,60,0.02797646,67.2117,0.0,60.0,0.01084,67.2117,7.211710536904337
Poole2025,Measured,P0031,P0031,0,89,180,-30,-178.3254,1.108711,0.0,210.0,-1.67429,178.89082,31.149695804521084
Poole2025,Measured,P0031,P0031,0,90,45,30,49.14423,17.56731,37.76124,39.23152,46.14408,25.82548,12.994716488698757
Poole2025,Measured,P0031,P0031,0,91,180,60,4.283817,72.2198,0.0,120.0,1.30703,72.26636,47.74719012053095
Poole2025,Measured,P0031,P0031,0,92,30,0,34.10831,16.87884,30.0,0.0,32.45263,20.12578,17.357482093414703
Poole2025,Measured,P0031,P0031,0,97,-90,30,-77.25094999999999,19.4056,-60.0,90.0,-66.91684,57.93438,15.673825986753036
Poole2025,Measured,P0031,P0031,1,6,-90,30,-102.76099999999995,8.303924,-60.0,90.0,-74.81274,146.54443,24.77078071045077
Poole2025,Measured,P0031,P0031,1,7,90,-30,102.8749,5.788517,60.0,-90.0,75.90377,155.53674,37.85939465999989
Poole2025,Measured,P0031,P0031,1,19,135,30,71.84354,32.86331,37.76124,140.76848,52.95331,64.24933,53.144786370273195
Poole2025,Measured,P0031,P0031,1,21,150,0,126.216,-22.582820000000027,30.0,180.0,48.15349,215.14315,32.33775657336781
Poole2025,Measured,P0031,P0031,1,23,0,-30,0.7720242,12.6606,0.0,-30.0,0.75325,12.66171,42.66708497556394
Poole2025,Measured,P0031,P0031,1,27,180,30,178.5888,-12.737570000000003,0.0,150.0,1.37646,192.74131,42.75919631436042
Poole2025,Measured,P0031,P0031,1,28,0,30,-6.054435000000012,25.23791,0.0,30.0,-5.47465,25.36173,7.170758367822542
Poole2025,Measured,P0031,P0031,1,29,-135,30,-126.737,30.6017,-37.76124,140.76848,-43.6125,135.32291,7.157867714268891
Poole2025,Measured,P0031,P0031,1,30,-60,0,-79.27355999999997,1.351036,-60.0,0.0,-79.1898,7.22181,19.319058927338386
Poole2025,Measured,P0031,P0031,1,33,-30,0,-47.75817000000001,26.85764,-30.0,0.0,-41.33478,36.98992,31.82922797040041
Poole2025,Measured,P0031,P0031,1,38,0,0,2.002911,28.24362,0.0,0.0,1.76437,28.25822,28.308715505596897
Poole2025,Measured,P0031,P0031,1,40,90,0,89.57531,-0.4639382999999953,90.0,0.0,89.37104,-47.52984,0.628964546254125
Poole2025,Measured,P0031,P0031,1,41,-150,0,-145.34,-15.405179999999971,-30.0,180.0,-33.24859,198.52034,16.078218745460568
Poole2025,Measured,P0031,P0031,1,45,90,30,109.6218,15.02584,60.0,90.0,65.46727,141.3626,23.440795279155317
Poole2025,Measured,P0031,P0031,1,47,-135,-30,-133.2474,-31.113819999999976,-37.76124,219.23152,-38.58067,221.37772,1.8756620466954257
Poole2025,Measured,P0031,P0031,1,49,90,60,35.51783,37.1702,30.0,90.0,27.57645,42.97044,41.000384151240695
Poole2025,Measured,P0031,P0031,1,50,0,90,-9.806261000000006,51.30019,0.0,90.0,-6.11297,51.71101,38.69981000000001
Poole2025,Measured,P0031,P0031,1,51,45,30,38.65827,23.18276,37.76124,39.23152,35.04601,28.74075,8.863458677014858
Poole2025,Measured,P0031,P0031,1,54,180,-30,-179.2303,45.1002,0.0,210.0,-0.5433,134.89721,75.10347030864716
Poole2025,Measured,P0031,P0031,1,55,180,60,-177.3281,64.04669,0.0,120.0,-1.16898,115.92879,4.235438581290974
Poole2025,Measured,P0031,P0031,1,56,45,-30,58.30312,22.67782,37.76124,-39.23152,51.72614,38.49413,54.20730203019453
Poole2025,Measured,P0031,P0031,1,59,-45,-30,-44.3535,22.79034,-37.76124,-39.23152,-40.12855,30.43881,52.793996374368675
Poole2025,Measured,P0031,P0031,1,61,60,0,75.38255,0.5128186,60.0,0.0,75.37375,2.03126,15.390889456410669
Poole2025,Measured,P0031,P0031,1,62,-45,30,-71.84273999999999,30.70584,-37.76124,39.23152,-54.78424,62.31326,23.118911683444725
Poole2025,Measured,P0031,P0031,1,63,-90,-30,-110.02949999999998,-23.35379999999998,-60.0,-90.0,-59.60367,231.57735,19.057615755299892
Poole2025,Measured,P0031,P0031,1,66,-90,0,-88.26175999999998,0.9371173,-90.0,0.0,-88.02531,28.33573,1.9746892624850017
Poole2025,Measured,P0031,P0031,1,68,-120,0,-119.2284,1.232576,-60.0,180.0,-60.74792,177.47698,1.454138339012732
Poole2025,Measured,P0031,P0031,1,70,0,60,0.3901695,52.00126,0.0,60.0,0.2402,52.0019,8.001678228075782
Poole2025,Measured,P0031,P0031,1,73,-90,60,-131.0473,64.66322,-30.0,90.0,-18.82854,107.27193,19.249955465384016
Poole2025,Measured,P0031,P0031,1,77,180,0,-179.2517,29.2472,0.0,180.0,-0.6529,150.75072,29.255925182733776
Poole2025,Measured,P0031,P0031,1,85,30,0,31.63984,16.72779,30.0,0.0,30.15755,19.44376,16.805689159686395
Poole2025,Measured,P0031,P0031,1,86,120,0,105.2959,0.5366834,60.0,180.0,74.69491,177.96639,14.71367508691374
Poole2025,Measured,P0031,P0031,1,97,135,-30,135.2054,-18.203089999999975,37.76124,219.23152,42.01363,204.86282,11.798391432485232
Poole2025,Measured,P0031,P0031,2,0,135,30,113.3218,36.08303,37.76124,140.76848,47.91351,118.51282,19.11410609416201
Poole2025,Measured,P0031,P0031,2,1,0,0,-0.6783968999999956,18.58595,0.0,0.0,-0.64301,18.58716,18.59788973845085
Poole2025,Measured,P0031,P0031,2,4,45,30,46.98152,22.05902,37.76124,39.23152,42.65738,30.70894,8.137608903545908
Poole2025,Measured,P0031,P0031,2,5,-45,30,-65.72771999999998,30.19182,-37.76124,39.23152,-51.99345,54.75777,17.909545955847282
Poole2025,Measured,P0031,P0031,2,6,180,60,-177.4226,59.15685,0.0,120.0,-1.32108,120.81763,1.5535913249523623
Poole2025,Measured,P0031,P0031,2,10,-120,0,-119.60899999999998,0.9009206,-60.0,180.0,-60.37854,178.17703,0.98210301270442
Poole2025,Measured,P0031,P0031,2,11,120,0,116.4286,1.397598,60.0,180.0,63.53713,176.86243,3.8347943411523624
Poole2025,Measured,P0031,P0031,2,14,-45,-30,-70.59974,23.7702,-37.76124,-39.23152,-59.67861,52.97706,59.12123249143816
Poole2025,Measured,P0031,P0031,2,22,90,30,114.3596,6.154694,60.0,90.0,64.92096,165.34845,33.07189227924308
Poole2025,Measured,P0031,P0031,2,23,-60,0,-70.96170999999998,22.77221,-60.0,0.0,-60.64692,52.15087,25.146032355710183
Poole2025,Measured,P0031,P0031,2,24,30,0,34.18113,13.47137,30.0,0.0,33.11721,16.14937,14.09383593182701
Poole2025,Measured,P0031,P0031,2,28,0,-30,0.2046302,28.06641,0.0,-30.0,0.18057,28.06656,58.06673903985046
Poole2025,Measured,P0031,P0031,2,29,180,0,179.2169,-12.010190000000025,0.0,180.0,0.76596,192.01128,12.035318900011644
Poole2025,Measured,P0031,P0031,2,34,90,0,121.7362,-12.23284000000001,90.0,0.0,56.21896,202.40022,33.78104254171322
Poole2025,Measured,P0031,P0031,2,37,90,60,68.78694,56.59006,30.0,90.0,30.88496,76.57593,11.600156284852044
Poole2025,Measured,P0031,P0031,2,47,0,30,0.745461,46.23048,0.0,30.0,0.51567,46.2329,16.240870981445322
Poole2025,Measured,P0031,P0031,2,48,180,30,3.110554,68.41991,0.0,150.0,1.14358,68.44879,81.55290796543308
Poole2025,Measured,P0031,P0031,2,49,150,0,48.6272,32.64461,30.0,180.0,39.18913,44.10508,99.55777553139896
Poole2025,Measured,P0031,P0031,2,50,-90,30,-88.79845,24.60621,-60.0,90.0,-65.3663,87.37836,5.498309219987387
Poole2025,Measured,P0031,P0031,2,55,135,-30,88.89319,-10.96384999999998,37.76124,219.23152,78.98111,-84.30589,46.79860770863037
Poole2025,Measured,P0031,P0031,2,61,60,0,90.78839,-0.2940859000000273,60.0,0.0,89.15855,200.45732,30.789656640713932
Poole2025,Measured,P0031,P0031,2,62,-90,60,-83.37323000000004,64.94993,-30.0,90.0,-24.87129,86.91273,5.813952125126429
Poole2025,Measured,P0031,P0031,2,63,-150,0,-155.2234,-7.0898879999999735,-30.0,180.0,-24.57455,187.80024,8.79834885024119
Poole2025,Measured,P0031,P0031,2,65,0,90,8.795043,79.70938,0.0,90.0,1.56519,79.82784,10.290620000000008
Poole2025,Measured,P0031,P0031,2,66,-30,0,-43.54966000000002,18.17331,-30.0,0.0,-40.89045,24.36679,22.5308970593126
Poole2025,Measured,P0031,P0031,2,70,0,60,0.1251145,16.75159,0.0,60.0,0.11981,16.75163,43.24850545657958
Poole2025,Measured,P0031,P0031,2,71,180,-30,179.9184,-23.43581999999998,0.0,210.0,0.07487,203.43584,6.56458387461403
Poole2025,Measured,P0031,P0031,2,72,-90,-30,-89.71116,-4.292724000000021,-60.0,-90.0,-85.69759,-86.1578,25.70872543004386
Poole2025,Measured,P0031,P0031,2,73,45,-30,64.06881,18.05404,37.76124,-39.23152,58.76432,36.70133,51.44631646040329
Poole2025,Measured,P0031,P0031,2,81,-90,0,-89.19348000000002,3.201123,-90.0,0.0,-86.69894,75.87328,3.3010583165142044
Poole2025,Measured,P0031,P0031,2,90,-135,30,-126.7868,20.11497,-37.76124,140.76848,-48.76565,148.55044,12.362266792583798
Poole2025,Measured,P0031,P0031,2,93,-135,-30,-147.1453,-25.22298999999998,-37.76124,219.23152,-29.39222,209.28137,11.765475460294551
Poole2025,Measured,P0031,P0031,2,97,90,-30,119.5063,0.2804634,60.0,-90.0,60.49249,179.43057,41.30151142695405
Poole2025,Measured,P0043,P0043,0,0,-135,30,-119.4111,47.45834,-37.76124,140.76848,-36.08509,114.25835,21.18856426365306
Poole2025,Measured,P0043,P0043,0,4,120,0,127.9436,-6.643577999999991,60.0,180.0,51.56565,190.72618,10.341880792093027
Poole2025,Measured,P0043,P0043,0,13,180,60,-164.9902,49.12221,0.0,120.0,-9.75826,129.89622,13.863919707966046
Poole2025,Measured,P0043,P0043,0,14,135,30,146.7864,44.88845,37.76124,140.76848,22.83505,130.02685,17.54291345052274
Poole2025,Measured,P0043,P0043,0,16,-120,0,-91.04881,4.17176,-60.0,180.0,-85.69865,104.08739,29.22443286964647
Poole2025,Measured,P0043,P0043,0,22,60,0,93.32755,27.17319,60.0,0.0,62.63923,96.45113,41.984612830709
Poole2025,Measured,P0043,P0043,0,24,-30,0,-39.45299,27.43884,-30.0,0.0,-34.33006,33.91791,28.901540252608857
Poole2025,Measured,P0043,P0043,0,27,90,-30,107.021,-31.95452,60.0,-90.0,54.22348,244.86018,14.707987097397584
Poole2025,Measured,P0043,P0043,0,28,90,60,75.83528,61.4355,30.0,90.0,27.62032,82.41152,7.060269161561388
Poole2025,Measured,P0043,P0043,0,29,45,-30,66.18294,-17.60575,37.76124,-39.23152,60.69057,-38.16107,22.939252732971863
Poole2025,Measured,P0043,P0043,0,33,30,0,152.7273,-3.5916690000000244,30.0,0.0,27.2147,184.03946,122.65500567364997
Poole2025,Measured,P0043,P0043,0,35,90,0,94.7512,1.662952,90.0,0.0,84.96681,160.6841,5.033186748049884
Poole2025,Measured,P0043,P0043,0,37,-90,60,-65.54416000000003,57.32424,-30.0,90.0,-29.43568,75.12936,12.918085992030065
Poole2025,Measured,P0043,P0043,0,39,180,-30,-176.0175,-1.3105990000000247,0.0,210.0,-3.98146,181.31377,28.9379362447394
Poole2025,Measured,P0043,P0043,0,42,-60,0,-65.07357999999999,19.85983,-60.0,0.0,-58.53029,40.59784,20.47228100242315
Poole2025,Measured,P0043,P0043,0,45,180,0,-179.8765,5.408127,0.0,180.0,-0.12295,174.59186,5.409532750159741
Poole2025,Measured,P0043,P0043,0,49,135,-30,144.6041,-19.91709000000003,37.76124,219.23152,32.9958,203.96454,13.30884627411526
Poole2025,Measured,P0043,P0043,0,50,45,30,140.8739,35.32296,37.76124,39.23152,30.98813,137.58889,77.48003654717154
Poole2025,Measured,P0043,P0043,0,51,-90,30,-76.39762000000002,12.02536,-60.0,90.0,-71.91965,42.16907,21.96150861898975
Poole2025,Measured,P0043,P0043,0,52,-150,0,-147.0959,1.535951,-30.0,180.0,-32.89078,178.17076,3.284953814380179
Poole2025,Measured,P0043,P0043,0,53,-90,0,-88.04002000000003,1.822738,-90.0,0.0,-87.3237,42.93736,2.676303287639392
Poole2025,Measured,P0043,P0043,0,55,0,90,-178.4253,60.94726,0.0,90.0,-0.76462,119.04355,29.05273999999999
Poole2025,Measured,P0043,P0043,0,57,180,30,-179.9441,7.565481,0.0,150.0,-0.05541,172.43452,22.43458034292768
Poole2025,Measured,P0043,P0043,0,58,90,30,97.2039,46.55165,60.0,90.0,43.02143,96.77421,17.472338052896127
Poole2025,Measured,P0043,P0043,0,69,0,0,-0.467300200000011,1.134014,0.0,0.0,-0.46721,1.13405,1.226510788364674
Poole2025,Measured,P0043,P0043,0,71,0,-30,-0.1594903999999815,-11.999990000000023,0.0,-30.0,-0.15601,-12.00004,18.000618501331385
Poole2025,Measured,P0043,P0043,0,72,-45,-30,-40.91269,2.981503,-37.76124,-39.23152,-40.84551,3.94264,33.21230695894253
Poole2025,Measured,P0043,P0043,0,73,-135,-30,-104.48309999999998,-29.236120000000028,-37.76124,219.23152,-57.6595,245.92349,26.461977918740654
Poole2025,Measured,P0043,P0043,0,76,150,0,151.9929,-5.151607000000013,30.0,180.0,27.88407,185.83051,5.522680132129618
Poole2025,Measured,P0043,P0043,0,77,0,30,178.3622,30.38875,0.0,30.0,1.41274,149.60103,119.59113943542064
Poole2025,Measured,P0043,P0043,0,88,0,60,1.177029,9.481372,0.0,60.0,1.16095,9.48334,50.5263522478721
Poole2025,Measured,P0043,P0043,0,91,-45,30,-56.14411999999999,36.62786,-37.76124,39.23152,-41.79383,53.15277,11.417211963311432
Poole2025,Measured,P0043,P0043,0,97,-90,-30,-71.68959999999998,-20.92674999999997,-60.0,-90.0,-62.46716,-50.59467,18.82089545709966
Poole2025,Measured,P0043,P0043,1,2,0,0,2.626518,1.070275,0.0,0.0,2.62606,1.0714,2.8360682043604872
Poole2025,Measured,P0043,P0043,1,5,-150,0,-137.7861,-15.082839999999976,-30.0,180.0,-40.4477,199.99508,19.3183617670956
Poole2025,Measured,P0043,P0043,1,6,60,0,86.75787,19.80556,60.0,0.0,69.94135,81.07507,32.84940547845818
Poole2025,Measured,P0043,P0043,1,11,-90,0,-84.43058000000002,0.1958353,-90.0,0.0,-84.42715,2.01702,5.572851131481299
Poole2025,Measured,P0043,P0043,1,21,0,60,0.8950371,28.85741,0.0,60.0,0.78389,28.86037,31.148508846127257
Poole2025,Measured,P0043,P0043,1,26,45,30,65.99583,38.31815,37.76124,39.23152,45.78485,62.7621,19.20148000782961
Poole2025,Measured,P0043,P0043,1,27,-135,30,-82.99293,46.25052,-37.76124,140.76848,-43.34122,83.33919,43.1284199741686
Poole2025,Measured,P0043,P0043,1,28,-120,0,-90.48845,3.03796,-60.0,180.0,-86.92306,99.12545,29.65349317874103
Poole2025,Measured,P0043,P0043,1,29,0,-30,1.273646,-4.289300000000026,0.0,-30.0,1.27008,-4.29036,25.738864427930142
Poole2025,Measured,P0043,P0043,1,31,45,-30,53.94326,-30.563620000000014,37.76124,-39.23152,44.11611,-45.09502,7.741487444975726
Poole2025,Measured,P0043,P0043,1,33,-90,-30,-68.96145000000001,-15.465370000000007,-60.0,-90.0,-64.09827,-37.62099,24.16695335079948
Poole2025,Measured,P0043,P0043,1,34,-45,-30,-35.80227000000002,23.57493,-37.76124,-39.23152,-32.42297,28.28181,54.2982852009167
Poole2025,Measured,P0043,P0043,1,36,0,90,-0.0862292300000149,59.95482,0.0,90.0,-0.04317,59.95485,30.04518000000001
Poole2025,Measured,P0043,P0043,1,39,-45,30,-55.61005,35.15573,-37.76124,39.23152,-42.42974,51.27034,10.311675313160691
Poole2025,Measured,P0043,P0043,1,42,120,0,127.6703,-1.9216270000000009,60.0,180.0,52.28799,183.14248,7.905951228752101
Poole2025,Measured,P0043,P0043,1,43,90,30,98.34488,42.32898,60.0,90.0,47.00921,99.05313,14.032332221572032
Poole2025,Measured,P0043,P0043,1,46,150,0,162.7288,-7.288899000000015,30.0,180.0,17.1273,187.62911,14.638050799866042
Poole2025,Measured,P0043,P0043,1,47,30,0,57.7957,-2.529406999999992,30.0,0.0,57.70718,-4.73839,27.901412332577753
Poole2025,Measured,P0043,P0043,1,51,135,30,158.9527,31.5586,37.76124,140.76848,17.81977,146.65048,20.596846408047327
Poole2025,Measured,P0043,P0043,1,62,180,60,1.613497,70.55624,0.0,120.0,0.53704,70.56337,49.438783206273854
Poole2025,Measured,P0043,P0043,1,71,-135,-30,-108.9211,-27.283200000000026,-37.76124,219.23152,-57.21717,237.84219,22.998602949361658
Poole2025,Measured,P0043,P0043,1,72,135,-30,136.6477,-33.612720000000024,37.76124,219.23152,34.86896,222.43189,3.874412193994437
Poole2025,Measured,P0043,P0043,1,76,-90,30,-73.19524000000001,9.534051,-60.0,90.0,-70.74716,30.15361,25.78827847061112
Poole2025,Measured,P0043,P0043,1,77,-60,0,-50.51895000000002,21.95048,-60.0,0.0,-45.71557,32.36888,23.81731799349936
Poole2025,Measured,P0043,P0043,1,80,90,0,90.60746,-0.0740187499999933,90.0,0.0,89.38805,186.94735,0.6119527936597909
Poole2025,Measured,P0043,P0043,1,82,180,0,179.231,8.843224,0.0,180.0,0.75986,171.15599,8.876331922994265
Poole2025,Measured,P0043,P0043,1,84,180,30,-179.7897,22.71689,0.0,150.0,-0.19399,157.28297,7.285541591639907
Poole2025,Measured,P0043,P0043,1,87,90,-30,109.4848,-29.320929999999976,60.0,-90.0,55.28121,239.29465,16.925052000824007
Poole2025,Measured,P0043,P0043,1,89,-90,60,-48.57918999999998,49.04836,-30.0,90.0,-29.43801,60.13871,25.86586784257791
Poole2025,Measured,P0043,P0043,1,95,-30,0,-42.53805,23.88756,-30.0,0.0,-38.18247,31.00846,26.806238300919773
Poole2025,Measured,P0043,P0043,1,96,90,60,160.8761,53.04363,30.0,90.0,11.35939,125.40673,37.76618582121676
Poole2025,Measured,P0043,P0043,1,97,0,30,-178.3801,30.77906,0.0,30.0,-1.39168,149.21087,119.20142067255576
Poole2025,Measured,P0043,P0043,1,98,180,-30,179.6289,-19.36989,0.0,210.0,0.35009,199.37027,10.635431385692891
Poole2025,Measured,P0043,P0043,2,0,0,90,-171.6754,83.85461,0.0,90.0,-0.88807,96.08113,6.145389999999985
Poole2025,Measured,P0043,P0043,2,2,120,0,129.3241,-2.675544000000002,60.0,180.0,50.59972,184.21749,9.69711617651745
Poole2025,Measured,P0043,P0043,2,10,90,0,101.2655,1.626423,90.0,0.0,78.6192,171.73023,11.38079804030042
Poole2025,Measured,P0043,P0043,2,12,-90,30,-73.79389000000003,14.03475,-60.0,90.0,-68.68544,41.84947,21.868142478014736
Poole2025,Measured,P0043,P0043,2,17,-90,0,-85.05813999999998,-11.818919999999991,-90.0,0.0,-77.20307,-67.62436,12.79692538955407
Poole2025,Measured,P0043,P0043,2,18,-60,0,-53.963959999999986,8.497476,-60.0,0.0,-53.10815,14.24985,10.410243072304052
Poole2025,Measured,P0043,P0043,2,21,45,-30,65.36381,-21.716049999999996,37.76124,-39.23152,57.61436,-43.69408,20.06857333635045
Poole2025,Measured,P0043,P0043,2,23,-45,30,-52.21821,35.50402,-37.76124,39.23152,-40.0461,49.34453,8.189584406607374
Poole2025,Measured,P0043,P0043,2,25,-45,-30,-42.62680999999998,19.07327,-37.76124,-39.23152,-39.79495,25.16982,49.12648359282173
Poole2025,Measured,P0043,P0043,2,26,60,0,96.85028,11.75797,60.0,0.0,76.41637,119.81436,38.4256977154977
Poole2025,Measured,P0043,P0043,2,29,90,30,99.59086,40.69444,60.0,90.0,48.38291,100.96474,13.231551012898944
Poole2025,Measured,P0043,P0043,2,32,45,30,145.9599,39.24014,37.76124,39.23152,25.69275,135.41433,79.11933702301603
Poole2025,Measured,P0043,P0043,2,34,90,60,108.4598,61.20557,30.0,90.0,27.18627,99.87252,9.109789430014784
Poole2025,Measured,P0043,P0043,2,41,180,30,-177.7923,29.40322,0.0,150.0,-1.9232,150.57858,2.008317503238358
Poole2025,Measured,P0043,P0043,2,42,0,30,0.315899,8.039101,0.0,30.0,0.31279,8.03922,21.962895753845093
Poole2025,Measured,P0043,P0043,2,49,-150,0,-149.3064,1.235114,-30.0,180.0,-30.6857,178.56375,1.4165143949778822
Poole2025,Measured,P0043,P0043,2,52,30,0,127.8946,-8.989222999999981,30.0,0.0,51.2102,194.44279,97.79702968307424
Poole2025,Measured,P0043,P0043,2,54,135,30,146.8295,29.7429,37.76124,140.76848,28.36282,145.68185,10.256564458922515
Poole2025,Measured,P0043,P0043,2,56,-120,0,-86.66712000000001,3.090982,-60.0,180.0,-85.45561,42.88733,33.459405968766916
Poole2025,Measured,P0043,P0043,2,58,0,60,0.6991359,33.00515,0.0,60.0,0.58631,33.0071,26.99879005050127
Poole2025,Measured,P0043,P0043,2,61,90,-30,116.8237,-21.262020000000007,60.0,-90.0,56.26915,220.77194,25.637260285590884
Poole2025,Measured,P0043,P0043,2,63,135,-30,148.9542,-29.817139999999995,37.76124,219.23152,26.5802,213.77945,12.089718600461024
Poole2025,Measured,P0043,P0043,2,65,-30,0,-21.843230000000005,30.70786,-30.0,0.0,-18.65674,32.61446,31.670200317623465
Poole2025,Measured,P0043,P0043,2,68,0,0,-0.3743001000000276,2.210366,0.0,0.0,-0.37402,2.21041,2.2418182149784647
Poole2025,Measured,P0043,P0043,2,69,-90,60,-64.77540999999997,43.38891,-30.0,90.0,-41.10279,65.73251,22.538918773680532
Poole2025,Measured,P0043,P0043,2,71,180,-30,-173.0336,-9.224900999999988,0.0,210.0,-6.87586,189.29232,21.771701770047343
Poole2025,Measured,P0043,P0043,2,72,180,0,-179.2488,9.236121,0.0,180.0,-0.74146,170.7631,9.266355060360985
Poole2025,Measured,P0043,P0043,2,77,180,60,176.9962,45.11723,0.0,120.0,2.11917,134.84338,14.99052921369884
Poole2025,Measured,P0043,P0043,2,82,-90,-30,-67.55835000000002,-12.653430000000014,-60.0,-90.0,-64.39847,-30.46013,27.060520105194104
Poole2025,Measured,P0043,P0043,2,84,-135,30,-82.55081999999999,47.9773,-37.76124,140.76848,-41.58843,83.33648,43.55024774063875
Poole2025,Measured,P0043,P0043,2,87,-135,-30,-102.1784,-24.179759999999987,-37.76124,219.23152,-63.09206,244.83385,29.68929462021017
Poole2025,Measured,P0043,P0043,2,95,0,-30,0.8047857,-17.740310000000022,0.0,-30.0,0.76651,-17.74195,12.281625730799318
Poole2025,Measured,P0043,P0043,2,97,150,0,165.0261,-4.869811000000027,30.0,180.0,14.91859,185.04012,15.778221822965
Poole2025,Measured,P0124,P0124,0,2,-150,0,-161.9572,-20.084330000000023,-30.0,180.0,-16.91138,201.03414,23.247229148571822
Poole2025,Measured,P0124,P0124,0,5,0,0,0.03426402,0.3609945,0.0,0.0,0.03426,0.36099,0.3626169281240302
Poole2025,Measured,P0124,P0124,0,6,90,30,90.42519,0.4873863,60.0,90.0,89.35322,131.10011,29.51538702037901
Poole2025,Measured,P0124,P0124,0,8,180,60,-179.9802,1.974966,0.0,120.0,-0.01979,178.02503,58.02503601535099
Poole2025,Measured,P0124,P0124,0,9,135,30,136.7543,0.8047857,37.76124,140.76848,43.24038,178.89523,29.2428525743077
Poole2025,Measured,P0124,P0124,0,10,180,30,179.4662,1.781252,0.0,150.0,0.53354,178.21867,28.223299730618937
Poole2025,Measured,P0124,P0124,0,12,-60,0,-89.69812000000002,0.2705197,-60.0,0.0,-89.59465,41.86439,29.699239690985557
Poole2025,Measured,P0124,P0124,0,14,-30,0,-35.85095000000001,0.3856296,-30.0,0.0,-35.85001,0.47576,5.863600327893682
Poole2025,Measured,P0124,P0124,0,16,45,30,89.75102,33.91521,37.76124,39.23152,56.08399,89.6297,37.87311878246973
Poole2025,Measured,P0124,P0124,0,18,-45,30,-88.61436000000003,11.76544,-37.76124,39.23152,-78.15439,83.37757,44.292728660556314
Poole2025,Measured,P0124,P0124,0,19,120,0,89.93167,0.2639296,60.0,180.0,89.72737,75.48522,30.069379980576137
Poole2025,Measured,P0124,P0124,0,27,-90,0,-90.63588,-0.1823843000000238,-90.0,0.0,-89.33848,196.00441,0.6615179827971449
Poole2025,Measured,P0124,P0124,0,28,45,-30,60.85154,18.57863,37.76124,-39.23152,55.87825,34.60893,50.92219244350504
Poole2025,Measured,P0124,P0124,0,29,-45,-30,-49.73253,0.4605518,-37.76124,-39.23152,-49.73034,0.71251,30.79260739339055
Poole2025,Measured,P0124,P0124,0,32,-90,-30,-113.6044,-3.887408999999991,-60.0,-90.0,-66.09572,189.63151,34.34667443845707
Poole2025,Measured,P0124,P0124,0,35,135,-30,153.1708,2.250642,37.76124,219.23152,26.80685,177.4782,36.624022153845914
Poole2025,Measured,P0124,P0124,0,43,-120,0,-141.0605,-28.13243,-60.0,180.0,-33.65898,214.5052,34.618478449463986
Poole2025,Measured,P0124,P0124,0,48,-90,30,-134.355,24.96697,-60.0,90.0,-40.40633,146.33615,39.42928420764012
Poole2025,Measured,P0124,P0124,0,50,0,-30,-0.1631294000000025,0.09065409,0.0,-30.0,-0.16313,0.09065,30.091055216186714
Poole2025,Measured,P0124,P0124,0,52,60,0,63.20051,1.700308,60.0,0.0,63.15061,3.76685,3.6237140887436294
Poole2025,Measured,P0124,P0124,0,53,180,0,-178.4724,-0.7930291000000125,0.0,180.0,-1.52745,180.79331,1.7211356393744022
Poole2025,Measured,P0124,P0124,0,59,90,0,78.54496,-0.5500081000000137,90.0,0.0,78.53194,-2.76737,11.46806038310032
Poole2025,Measured,P0124,P0124,0,64,180,-30,179.9209,1.071371,0.0,210.0,0.07909,178.92863,31.07146260432548
Poole2025,Measured,P0124,P0124,0,70,90,-30,150.2723,-0.174712999999997,60.0,-90.0,29.72755,180.20119,64.47111397053511
Poole2025,Measured,P0124,P0124,0,72,150,0,159.4548,-5.634543000000008,30.0,180.0,20.44148,186.01455,10.993290401140936
Poole2025,Measured,P0124,P0124,0,77,-90,60,-27.12736000000001,14.16976,-30.0,90.0,-26.23775,15.83779,64.33886604766462
Poole2025,Measured,P0124,P0124,0,79,-135,-30,-170.839,-26.261810000000025,-37.76124,219.23152,-8.20851,206.5548,31.69811031481404
Poole2025,Measured,P0124,P0124,0,80,90,60,137.3861,36.24646,30.0,90.0,33.09519,135.10911,38.27359842329736
Poole2025,Measured,P0124,P0124,0,84,30,0,14.34313,9.167741,30.0,0.0,14.15606,9.45745,18.08532571199719
Poole2025,Measured,P0124,P0124,0,86,0,30,178.2772,1.004052,0.0,30.0,1.72254,178.99549,148.95243854843008
Poole2025,Measured,P0124,P0124,0,87,0,90,-179.6029,10.48781,0.0,90.0,-0.39047,169.51194,79.51219000000002
Poole2025,Measured,P0124,P0124,0,91,-135,30,-162.6872,-16.699889999999982,-37.76124,140.76848,-16.56105,197.4453,53.78336092441446
Poole2025,Measured,P0124,P0124,0,93,0,60,0.3494264,0.5252593,0.0,60.0,0.34941,0.52527,59.475359143848536
Poole2025,Measured,P0124,P0124,1,10,135,30,147.9703,13.72697,37.76124,140.76848,31.01152,163.9265,20.203306901680214
Poole2025,Measured,P0124,P0124,1,18,90,30,92.92849,5.589844,60.0,90.0,83.69166,117.56475,24.56574341611506
Poole2025,Measured,P0124,P0124,1,20,0,90,0.2306999,1.018564,0.0,90.0,0.23066,1.01857,88.981436
Poole2025,Measured,P0124,P0124,1,21,90,60,153.5643,14.52016,30.0,90.0,25.52936,163.86816,64.36623138207935
Poole2025,Measured,P0124,P0124,1,26,135,-30,154.6561,-0.1027920999999878,37.76124,219.23152,25.34386,180.11374,35.268360571520155
Poole2025,Measured,P0124,P0124,1,30,90,0,90.98443,2.122094,90.0,0.0,87.66078,114.8753,2.339218285927639
Poole2025,Measured,P0124,P0124,1,32,180,60,-178.6618,-0.7664278999999965,0.0,120.0,-1.33808,180.76664,60.77538048971291
Poole2025,Measured,P0124,P0124,1,34,0,60,1.763696,46.66457,0.0,60.0,1.21027,46.67812,13.375750329071714
Poole2025,Measured,P0124,P0124,1,35,0,0,-0.1327039999999897,0.4020255,0.0,0.0,-0.1327,0.40203,0.4233610341747165
Poole2025,Measured,P0124,P0124,1,38,90,-30,115.0159,-13.762189999999975,60.0,-90.0,61.66349,210.0792,28.21250983945712
Poole2025,Measured,P0124,P0124,1,44,-135,30,-161.6738,12.26657,-37.76124,140.76848,-17.89347,167.09945,30.410280866526115
Poole2025,Measured,P0124,P0124,1,46,-150,0,-171.8351,-7.450166000000024,-30.0,180.0,-8.09551,187.52559,23.012174767638136
Poole2025,Measured,P0124,P0124,1,47,-135,-30,0.8853652,-0.9099972000000208,-37.76124,219.23152,0.88525,-0.91011,127.8605938534691
Poole2025,Measured,P0124,P0124,1,48,0,-30,-179.2472,-3.288190999999983,0.0,-30.0,-0.75156,183.28847,146.70401937888255
Poole2025,Measured,P0124,P0124,1,50,-45,30,-36.04406,6.352121,-37.76124,39.23152,-35.7885,7.83911,25.10464618750514
Poole2025,Measured,P0124,P0124,1,52,-90,60,-19.230799999999988,9.597531,-30.0,90.0,-18.95128,10.15325,72.13524375114004
Poole2025,Measured,P0124,P0124,1,55,30,0,21.81982,9.491069,30.0,0.0,21.50615,10.20864,12.505268108401475
Poole2025,Measured,P0124,P0124,1,56,45,30,57.58286,18.22923,37.76124,39.23152,53.30243,31.56513,16.420016887369393
Poole2025,Measured,P0124,P0124,1,64,180,30,-175.0331,0.7483428,0.0,150.0,-4.96648,179.24884,29.630702181383903
Poole2025,Measured,P0124,P0124,1,65,180,-30,-179.0435,0.7855918,0.0,210.0,-0.95641,179.2143,30.79909659777195
Poole2025,Measured,P0124,P0124,1,66,-90,30,-106.285,12.01375,-60.0,90.0,-69.86018,142.80512,23.487703022392697
Poole2025,Measured,P0124,P0124,1,70,-120,0,-139.6764,-26.535500000000013,-60.0,180.0,-35.37577,213.22387,32.603652411737016
Poole2025,Measured,P0124,P0124,1,75,-90,-30,-152.4972,-35.03539000000001,-60.0,-90.0,-22.21692,218.32495,52.084575357220736
Poole2025,Measured,P0124,P0124,1,76,150,0,148.3826,-18.047270000000022,30.0,180.0,29.89766,200.93816,18.117197355255428
Poole2025,Measured,P0124,P0124,1,77,180,0,0.7843454,0.2571706,0.0,180.0,0.78434,0.25719,179.17457266061183
Poole2025,Measured,P0124,P0124,1,81,-45,-30,-0.4768338000000085,-1.1770290000000043,-37.76124,-39.23152,-0.47673,-1.17707,51.127604099461955
Poole2025,Measured,P0124,P0124,1,83,0,30,0.07661668,-0.6943615999999793,0.0,30.0,0.07661,-0.69436,30.694448502422016
Poole2025,Measured,P0124,P0124,1,86,120,0,91.49559,-0.3846133999999779,60.0,180.0,88.45576,194.42374,28.506787025645764
Poole2025,Measured,P0124,P0124,1,88,-60,0,-89.16766999999999,-0.7833468000000039,-60.0,0.0,-88.85704,-43.26626,29.17726267718123
Poole2025,Measured,P0124,P0124,1,89,60,0,59.17747,0.4756011,60.0,0.0,59.17416,0.92816,0.950124448665107
Poole2025,Measured,P0124,P0124,1,91,45,-30,36.78728,1.409033,37.76124,-39.23152,36.77433,1.75919,32.37198223887154
Poole2025,Measured,P0124,P0124,1,96,-90,0,-130.7852,-24.967030000000022,-90.0,0.0,-43.3464,215.4806,46.65360160488655
Poole2025,Measured,P0124,P0124,1,98,-30,0,-15.234950000000026,1.243325,-30.0,0.0,-15.23128,1.2886,14.816146112076678
Poole2025,Measured,P0124,P0124,2,0,-120,0,-157.4531,0.03956468,-60.0,180.0,-22.54689,179.95716,37.45311783275093
Poole2025,Measured,P0124,P0124,2,2,45,-30,146.0323,-8.304964999999982,37.76124,-39.23152,33.56387,189.98228,95.26519884649252
Poole2025,Measured,P0124,P0124,2,5,90,-30,111.9954,-6.157177999999988,60.0,-90.0,67.2003,196.06829,31.571568698252342
Poole2025,Measured,P0124,P0124,2,6,0,60,179.7266,43.5033,0.0,60.0,0.19831,136.49637,76.49645670860257
Poole2025,Measured,P0124,P0124,2,11,180,0,-178.8741,-1.2151479999999992,0.0,180.0,-1.12565,181.21538,1.6565160430810473
Poole2025,Measured,P0124,P0124,2,13,-135,30,-159.3301,12.42686,-37.76124,140.76848,-20.16431,166.74743,28.571622462613337
Poole2025,Measured,P0124,P0124,2,17,-135,-30,-164.7322,-21.08186000000001,-37.76124,219.23152,-14.22353,201.78205,28.17226590870795
Poole2025,Measured,P0124,P0124,2,20,-30,0,-23.234129999999993,1.591024,-30.0,0.0,-23.22465,1.73136,6.949573837529327
Poole2025,Measured,P0124,P0124,2,23,45,30,49.83962,23.59239,37.76124,39.23152,44.45619,34.10494,7.725449493987137
Poole2025,Measured,P0124,P0124,2,25,180,-30,-0.856608499999993,0.289391,0.0,210.0,-0.8566,0.28942,150.2782041848677
Poole2025,Measured,P0124,P0124,2,26,30,0,0.4792896,-0.2973941000000195,30.0,0.0,0.47928,-0.2974,29.522073393301884
Poole2025,Measured,P0124,P0124,2,28,-60,0,-88.33337,-0.1266688000000044,-60.0,0.0,-88.32856,-4.34691,28.33362967969684
Poole2025,Measured,P0124,P0124,2,29,0,30,1.530463,36.04628,0.0,30.0,1.23739,36.05601,6.180667682895495
Poole2025,Measured,P0124,P0124,2,32,180,60,180.0,23.59461,0.0,120.0,0.0,156.40539,36.40539
Poole2025,Measured,P0124,P0124,2,33,-45,30,-57.49874999999997,0.3685048,-37.76124,39.23152,-57.49689,0.6858,31.929495936023336
Poole2025,Measured,P0124,P0124,2,36,135,-30,148.4922,-16.72696000000002,37.76124,219.23152,30.03317,199.41736,18.121794016723793
Poole2025,Measured,P0124,P0124,2,39,90,0,77.99454,1.68249,90.0,0.0,77.87893,8.03788,12.12106802554928
Poole2025,Measured,P0124,P0124,2,42,0,0,-0.699695399999996,2.079049,0.0,0.0,-0.69923,2.0792,2.193582344845413
Poole2025,Measured,P0124,P0124,2,45,90,60,111.4938,42.22206,30.0,90.0,43.55466,111.98743,22.1047845392676
Poole2025,Measured,P0124,P0124,2,50,-90,0,-92.10357,0.02797646,-90.0,0.0,-87.89624,179.23787,2.1037559448553087
Poole2025,Measured,P0124,P0124,2,51,60,0,61.32478,8.110095,60.0,0.0,60.29395,16.54001,8.216869576250062
Poole2025,Measured,P0124,P0124,2,52,-45,-30,-64.36095,0.05233916,-37.76124,-39.23152,-64.3609,0.12096,35.254764188488984
Poole2025,Measured,P0124,P0124,2,62,0,90,-0.3032579000000055,-0.601333899999986,0.0,90.0,-0.30324,-0.60134,90.6013339
Poole2025,Measured,P0124,P0124,2,64,120,0,87.35725,-0.8393012000000226,60.0,180.0,87.22727,-17.62618,32.65234502678856
Poole2025,Measured,P0124,P0124,2,71,90,30,91.94773,2.739312,60.0,90.0,86.63926,125.38809,27.323138363470868
Poole2025,Measured,P0124,P0124,2,78,-90,-30,-90.14574,1.40235,-60.0,-90.0,-88.5901,95.93201,31.402657984144337
Poole2025,Measured,P0124,P0124,2,81,150,0,164.2408,-9.08856400000002,30.0,180.0,15.5563,189.43726,16.84314557335192
Poole2025,Measured,P0124,P0124,2,85,-90,60,-46.485239999999976,31.10509,-30.0,90.0,-38.38401,41.22766,40.723976317804166
Poole2025,Measured,P0124,P0124,2,89,135,30,151.1461,2.273139,37.76124,140.76848,28.82906,177.40507,31.67473542020641
Poole2025,Measured,P0124,P0124,2,90,180,30,-0.2683410000000208,0.7950006,0.0,150.0,-0.26832,0.79501,149.20393657938894
Poole2025,Measured,P0124,P0124,2,92,-90,30,-120.62189999999998,4.786716,-60.0,90.0,-59.04216,170.66426,38.33662521911127
Poole2025,Measured,P0124,P0124,2,93,0,-30,1.329721,-0.4519746999999938,0.0,-30.0,1.32968,-0.4521,29.575108715334338
Poole2025,Measured,P0124,P0124,2,95,-150,0,-178.9888,1.36659,-30.0,180.0,-1.01091,178.6332,29.018200213390383
Poole2025,Measured,P0172,P0172,0,0,-150,0,-155.3407,-2.6639599999999746,-30.0,180.0,-24.63088,182.93083,5.966505763351204
Poole2025,Measured,P0172,P0172,0,1,0,0,0.6258884,1.056103,0.0,0.0,0.62578,1.05617,1.227617802726685
Poole2025,Measured,P0172,P0172,0,5,90,0,87.55899,0.20842,90.0,0.0,87.55011,4.88172,2.4498862079128263
Poole2025,Measured,P0172,P0172,0,9,135,30,154.3658,16.85031,37.76124,140.76848,24.45947,161.43067,22.045857812577974
Poole2025,Measured,P0172,P0172,0,14,-120,0,-119.8997,-11.133899999999985,-60.0,180.0,-58.27515,201.54466,11.134346067550528
Poole2025,Measured,P0172,P0172,0,16,180,-30,177.0177,-30.141290000000023,0.0,210.0,2.57877,210.17502,2.5846971843338267
Poole2025,Measured,P0172,P0172,0,17,60,0,50.37954,-4.086674000000016,60.0,0.0,50.20389,-6.3927,10.44494398496139
Poole2025,Measured,P0172,P0172,0,18,180,30,178.9321,-1.0125909999999865,0.0,150.0,1.06773,181.01277,31.029311730636344
Poole2025,Measured,P0172,P0172,0,22,-30,0,-31.343560000000025,13.2243,-30.0,0.0,-30.42265,15.38423,13.291165997891312
Poole2025,Measured,P0172,P0172,0,31,-135,-30,-144.9399,-16.818510000000003,-37.76124,219.23152,-33.35772,200.26795,16.0109355507218
Poole2025,Measured,P0172,P0172,0,38,-45,30,-42.48822999999999,26.24055,-37.76124,39.23152,-37.28873,33.76153,4.363197186797591
Poole2025,Measured,P0172,P0172,0,39,-45,-30,-42.10237000000001,-26.478409999999997,-37.76124,-39.23152,-36.87906,-33.87567,4.34902396062504
Poole2025,Measured,P0172,P0172,0,50,0,60,0.220287,25.56007,0.0,60.0,0.19873,25.56023,34.44026775260377
Poole2025,Measured,P0172,P0172,0,51,180,0,-178.6719,-23.522670000000005,0.0,180.0,-1.21772,203.5283,23.558005425304895
Poole2025,Measured,P0172,P0172,0,52,-90,-30,-101.2326,-33.81380999999999,-60.0,-90.0,-54.58093,253.7842,10.262339787988807
Poole2025,Measured,P0172,P0172,0,53,90,-30,87.23607,-38.546010000000024,60.0,-90.0,51.37041,-86.53656,8.844631102253969
Poole2025,Measured,P0172,P0172,0,55,45,-30,31.35885,-36.93801000000002,37.76124,-39.23152,24.57889,-41.3631,13.306766566758643
Poole2025,Measured,P0172,P0172,0,62,-60,0,-57.10798,22.13449,-60.0,0.0,-51.06064,36.83383,22.31320418031154
Poole2025,Measured,P0172,P0172,0,69,45,30,140.2193,0.0,37.76124,39.23152,39.7807,180.0,94.51847982681548
Poole2025,Measured,P0172,P0172,0,70,90,60,147.5855,25.90801,30.0,90.0,28.827,150.08396,51.72229126057432
Poole2025,Measured,P0172,P0172,0,72,150,0,153.9896,-3.476038000000017,30.0,180.0,25.95898,183.86666,5.289632225204548
Poole2025,Measured,P0172,P0172,0,74,-90,0,-86.54282999999998,0.03956468,-90.0,0.0,-86.5426,0.65608,3.4573961116162364
Poole2025,Measured,P0172,P0172,0,80,-135,30,-149.4701,-0.7684676000000081,-37.76124,140.76848,-30.52686,180.89213,33.71878901978913
Poole2025,Measured,P0172,P0172,0,81,120,0,123.9066,-9.099604999999997,60.0,180.0,55.03508,196.01981,9.896250003111597
Poole2025,Measured,P0172,P0172,0,83,0,30,0.08622923,22.88616,0.0,30.0,0.07944,22.88618,7.114258023338193
Poole2025,Measured,P0172,P0172,0,84,-90,30,-95.50612999999998,20.14137,-60.0,90.0,-69.14977,104.66093,11.04360606326615
Poole2025,Measured,P0172,P0172,0,88,0,90,-0.2579304000000206,43.8228,0.0,90.0,-0.18609,43.82309,46.177200000000006
Poole2025,Measured,P0172,P0172,0,90,180,60,-178.4744,-0.8778186000000119,0.0,120.0,-1.52542,180.87813,60.88944092347472
Poole2025,Measured,P0172,P0172,0,92,-90,60,-43.844719999999995,40.86714,-30.0,90.0,-31.59049,50.18662,34.04798972622357
Poole2025,Measured,P0172,P0172,0,93,0,-30,-1.23511400000001,0.3763854,0.0,-30.0,-1.23509,0.37647,30.399175399831194
Poole2025,Measured,P0172,P0172,0,94,135,-30,135.1298,-34.32159999999999,37.76124,219.23152,35.6382,223.92947,4.3229952986092774
Poole2025,Measured,P0172,P0172,0,95,30,0,27.95308,-2.1829230000000166,30.0,0.0,27.93102,-2.4709,2.9921575275226866
Poole2025,Measured,P0172,P0172,0,96,90,30,98.82624,24.27441,60.0,90.0,64.26239,108.79002,9.713913332720622
Poole2025,Measured,P0172,P0172,1,0,45,-30,36.51402,-29.807799999999983,37.76124,-39.23152,31.08419,-35.48131,7.357010879454065
Poole2025,Measured,P0172,P0172,1,3,45,30,49.60591,3.915267,37.76124,39.23152,49.44901,6.02877,26.44599232540443
Poole2025,Measured,P0172,P0172,1,8,-60,0,-58.90223000000003,15.94589,-60.0,0.0,-55.42041,28.95101,15.98265404775106
Poole2025,Measured,P0172,P0172,1,9,30,0,28.20098,-15.627830000000015,30.0,0.0,27.07111,-17.60976,15.728473437595166
Poole2025,Measured,P0172,P0172,1,15,-45,30,-44.34870999999998,18.04613,-37.76124,39.23152,-41.65446,24.49474,11.968576891658431
Poole2025,Measured,P0172,P0172,1,17,-30,0,-27.23075,10.13135,-30.0,0.0,-26.77193,11.36305,10.499185306585098
Poole2025,Measured,P0172,P0172,1,18,60,0,65.53025,1.859201,60.0,0.0,65.46406,4.48093,5.833485377292405
Poole2025,Measured,P0172,P0172,1,20,180,-30,179.8864,-32.27747999999997,0.0,210.0,0.09605,212.27753,2.2795540464509667
Poole2025,Measured,P0172,P0172,1,22,135,-30,132.6537,-37.52711999999997,37.76124,219.23152,35.68083,228.58269,7.774912720811961
Poole2025,Measured,P0172,P0172,1,30,90,0,88.3092,-0.8108414999999809,90.0,0.0,88.12488,-25.62529,1.8751207202445623
Poole2025,Measured,P0172,P0172,1,31,-90,30,-89.63065,16.0756,-60.0,90.0,-73.92027,88.71853,13.928516198751844
Poole2025,Measured,P0172,P0172,1,32,-120,0,-114.4769,-12.68828000000002,-60.0,180.0,-62.61086,208.51964,13.820147554568557
Poole2025,Measured,P0172,P0172,1,35,-135,-30,-147.7212,-17.327819999999974,-37.76124,219.23152,-30.6507,200.25546,17.186552306017237
Poole2025,Measured,P0172,P0172,1,36,-90,60,-143.1434,30.01999,-30.0,90.0,-31.28865,144.1653,46.13597842467089
Poole2025,Measured,P0172,P0172,1,37,0,30,0.5109072,39.34361,0.0,30.0,0.39511,39.34473,9.35300199812039
Poole2025,Measured,P0172,P0172,1,39,180,30,179.6935,-5.480689999999981,0.0,150.0,0.3051,185.48077,35.48190756662267
Poole2025,Measured,P0172,P0172,1,42,90,-30,132.7941,-37.11662000000001,60.0,-90.0,35.81278,228.08437,36.05382197887182
Poole2025,Measured,P0172,P0172,1,43,135,30,148.3642,0.6923862,37.76124,140.76848,31.63322,179.18678,31.9452153976366
Poole2025,Measured,P0172,P0172,1,50,-135,30,-154.5108,0.2987072,-37.76124,140.76848,-25.48883,179.66908,35.02591017182352
Poole2025,Measured,P0172,P0172,1,53,-90,-30,-90.93568,-32.577740000000006,-60.0,-90.0,-57.41031,268.53605,2.6988633899999814
Poole2025,Measured,P0172,P0172,1,54,0,90,177.3428,47.52628,0.0,90.0,1.79393,132.44302,42.47372000000001
Poole2025,Measured,P0172,P0172,1,55,0,0,0.1101434,1.041738,0.0,0.0,0.11013,1.04174,1.0475439333862904
Poole2025,Measured,P0172,P0172,1,56,0,60,1.564355,41.38327,0.0,60.0,1.17368,41.39386,18.64180866463219
Poole2025,Measured,P0172,P0172,1,62,180,60,179.5515,-1.9090590000000136,0.0,120.0,0.44825,181.90912,61.91005332696812
Poole2025,Measured,P0172,P0172,1,67,90,30,107.5942,23.19491,60.0,90.0,61.18407,125.20028,17.11461989117935
Poole2025,Measured,P0172,P0172,1,78,120,0,110.7961,-1.9912499999999795,60.0,180.0,69.11299,185.5929,9.415024395885554
Poole2025,Measured,P0172,P0172,1,80,-150,0,-154.6831,-13.98469,-30.0,180.0,-24.51616,195.40313,14.733143949615547
Poole2025,Measured,P0172,P0172,1,83,-45,-30,-40.55804999999998,-12.12493999999998,-37.76124,-39.23152,-39.47289,-15.78952,18.34385552147968
Poole2025,Measured,P0172,P0172,1,86,90,60,158.8755,36.08223,30.0,90.0,16.93352,142.00173,49.02930490034053
Poole2025,Measured,P0172,P0172,1,90,0,-30,0.1027921,-20.544309999999996,0.0,-30.0,0.09625,-20.54434,9.456145146814828
Poole2025,Measured,P0172,P0172,1,93,180,0,178.5904,-25.152170000000012,0.0,180.0,1.27592,205.15884,25.18907135149176
Poole2025,Measured,P0172,P0172,1,95,150,0,152.61,-10.197069999999997,30.0,180.0,26.92207,191.45235,10.52236911418738
Poole2025,Measured,P0172,P0172,1,96,-90,0,-88.66728,-1.845360000000028,-90.0,0.0,-87.72384,-54.17502,2.27615507263984
Poole2025,Measured,P0172,P0172,2,2,45,30,141.7895,0.9343988,37.76124,39.23152,38.2045,178.81087,95.40618778288352
Poole2025,Measured,P0172,P0172,2,5,0,30,0.9404523,15.60152,0.0,30.0,0.9058,15.60352,14.424346832578951
Poole2025,Measured,P0172,P0172,2,11,-45,30,-41.08229,27.96895,-37.76124,39.23152,-35.47793,35.16398,3.9832397828303456
Poole2025,Measured,P0172,P0172,2,14,0,60,-1.529182999999989,35.07451,0.0,60.0,-1.25144,35.08411,24.945295349874
Poole2025,Measured,P0172,P0172,2,16,180,-30,179.2459,26.2274,0.0,210.0,0.67646,153.77063,56.2320376850607
Poole2025,Measured,P0172,P0172,2,21,-90,30,-102.79539999999996,18.24433,-60.0,90.0,-67.84174,123.8953,16.54416485069976
Poole2025,Measured,P0172,P0172,2,23,0,0,-0.0442346599999723,0.4660423,0.0,0.0,-0.04423,0.46604,0.4681368254923003
Poole2025,Measured,P0172,P0172,2,25,-90,60,-147.4494,39.72712,-30.0,90.0,-24.44429,135.40733,40.49976588135508
Poole2025,Measured,P0172,P0172,2,28,0,90,175.8494,48.41958,0.0,90.0,2.75328,131.50573,41.58042
Poole2025,Measured,P0172,P0172,2,33,-135,30,-149.3436,0.8289794,-37.76124,140.76848,-30.65285,179.03636,32.20191435387002
Poole2025,Measured,P0172,P0172,2,34,-150,0,-158.8093,-22.733000000000004,-30.0,180.0,-19.47481,204.19778,24.295498156091064
Poole2025,Measured,P0172,P0172,2,39,120,0,125.6331,-9.34876300000002,60.0,180.0,53.31855,195.77935,10.901784295421969
Poole2025,Measured,P0172,P0172,2,41,-60,0,-67.16125,10.3113,-60.0,0.0,-65.05551,25.11416,12.531998356918963
Poole2025,Measured,P0172,P0172,2,43,135,-30,132.983,-47.023300000000006,37.76124,219.23152,29.91419,237.57411,17.094740243033172
Poole2025,Measured,P0172,P0172,2,48,180,60,-179.9802,-0.7730374000000211,0.0,120.0,-0.0198,180.77304,60.77303935995919
Poole2025,Measured,P0172,P0172,2,49,60,0,77.59374,-1.7030679999999734,60.0,0.0,77.47921,-7.87936,17.673380613015357
Poole2025,Measured,P0172,P0172,2,54,45,-30,37.72193,-39.588840000000005,37.76124,-39.23152,28.13164,-46.27305,11.289271939853428
Poole2025,Measured,P0172,P0172,2,55,0,-30,-0.9571576000000164,-16.891369999999995,0.0,-30.0,-0.91586,-16.89359,13.137808849421177
Poole2025,Measured,P0172,P0172,2,58,-90,-30,-97.70096,-33.21413000000001,-60.0,-90.0,-56.00472,258.43315,7.300971231269523
Poole2025,Measured,P0172,P0172,2,63,90,30,107.4575,23.43752,60.0,90.0,61.07272,124.68368,16.892907578957864
Poole2025,Measured,P0172,P0172,2,64,180,30,178.9338,-1.1531790000000228,0.0,150.0,1.06598,181.15338,31.1697781156316
Poole2025,Measured,P0172,P0172,2,65,-45,-30,-41.58915999999999,-10.378829999999994,-37.76124,-39.23152,-40.76242,-13.75988,19.87703882320882
Poole2025,Measured,P0172,P0172,2,67,150,0,158.4498,-7.010757000000012,30.0,180.0,21.38112,187.53183,10.963239859536182
Poole2025,Measured,P0172,P0172,2,69,-120,0,-126.9201,-3.779111999999998,-60.0,180.0,-52.91441,186.2751,7.880351471489962
Poole2025,Measured,P0172,P0172,2,71,90,0,87.73789,-2.151223000000016,90.0,0.0,86.8787,-43.5816,3.1212973317518564
Poole2025,Measured,P0172,P0172,2,77,90,60,161.4849,33.8553,30.0,90.0,15.29045,144.72219,52.097716876539266
Poole2025,Measured,P0172,P0172,2,78,135,30,154.8896,13.96629,37.76124,140.76848,24.31913,164.64181,24.360535313392997
Poole2025,Measured,P0172,P0172,2,82,90,-30,114.0169,-33.48725999999999,60.0,-90.0,49.62355,238.39949,20.671794953663923
Poole2025,Measured,P0172,P0172,2,87,-90,0,-89.34217000000001,0.06852804,-90.0,0.0,-89.33861,5.94735,0.6613895938233039
Poole2025,Measured,P0172,P0172,2,88,-135,-30,-150.43,-20.70517000000001,-37.76124,219.23152,-27.49126,203.48848,16.730065975605125
Poole2025,Measured,P0172,P0172,2,89,180,0,179.3896,-25.828919999999982,0.0,180.0,0.54942,205.8302,25.835636405546587
Poole2025,Measured,P0172,P0172,2,94,30,0,32.22792,-1.8330159999999864,30.0,0.0,32.20944,-2.16656,2.8847671438939626
Poole2025,Measured,P0172,P0172,2,96,-30,0,-27.071680000000015,17.49682,-30.0,0.0,-25.72478,19.49526,17.73261104029749
Poole2025,Measured,P0181,P0181,0,0,-45,30,-39.49149,1.916732,-37.76124,39.23152,-39.46508,2.48309,28.565953809919616
Poole2025,Measured,P0181,P0181,0,2,0,60,0.03426402,1.180183,0.0,60.0,0.03426,1.18018,58.8198229863183
Poole2025,Measured,P0181,P0181,0,4,150,0,145.8581,-14.978060000000028,30.0,180.0,32.83189,197.91348,15.527552934887094
Poole2025,Measured,P0181,P0181,0,5,180,-30,179.4195,0.2272819,0.0,210.0,0.5805,179.77271,30.232340171087426
Poole2025,Measured,P0181,P0181,0,7,90,-30,90.69151,-16.167370000000005,60.0,-90.0,73.81824,267.61617,13.847139993555226
Poole2025,Measured,P0181,P0181,0,9,-45,-30,-148.0269,-12.949999999999989,-37.76124,-39.23152,-31.06788,195.16679,94.48477499036451
Poole2025,Measured,P0181,P0181,0,12,135,-30,132.9515,-20.052849999999975,37.76124,219.23152,43.43717,208.17798,10.118140664347363
Poole2025,Measured,P0181,P0181,0,15,-30,0,-72.78005000000002,-13.70510999999999,-30.0,0.0,-68.12203,-39.48053,44.51483870547179
Poole2025,Measured,P0181,P0181,0,18,-90,30,-93.88184,19.19814,-60.0,90.0,-70.42785,101.0025,11.361196116541077
Poole2025,Measured,P0181,P0181,0,22,180,0,-179.0117,1.182171,0.0,180.0,-0.98809,178.81765,1.5408200913356058
Poole2025,Measured,P0181,P0181,0,29,90,60,135.858,0.9765865,30.0,90.0,44.13392,178.63925,68.71979530838554
Poole2025,Measured,P0181,P0181,0,32,-90,-30,-114.4485,-13.931719999999984,-60.0,-90.0,-62.07418,210.93703,27.67905464861064
Poole2025,Measured,P0181,P0181,0,34,90,30,96.67494,-0.0884693300000094,60.0,90.0,83.32448,180.76107,30.752728997170365
Poole2025,Measured,P0181,P0181,0,35,-120,0,-115.6177,-11.670270000000016,-60.0,180.0,-62.0136,205.53473,12.455253203348834
Poole2025,Measured,P0181,P0181,0,39,-60,0,-106.8514,-0.8531750999999872,-60.0,0.0,-73.12764,182.94073,46.85735399198201
Poole2025,Measured,P0181,P0181,0,43,90,0,90.14561,-9.92009999999999,90.0,0.0,80.07884,269.16748,9.92115789602625
Poole2025,Measured,P0181,P0181,0,44,135,30,143.7491,21.10729,37.76124,140.76848,33.48023,154.42109,11.880673754265622
Poole2025,Measured,P0181,P0181,0,46,180,60,0.3071049,58.31334,0.0,120.0,0.16131,58.31371,61.686414465723395
Poole2025,Measured,P0181,P0181,0,54,180,30,179.3948,-0.0395646800000122,0.0,150.0,0.6052,180.03957,30.04509367812352
Poole2025,Measured,P0181,P0181,0,58,45,-30,67.10483,0.3109043,37.76124,-39.23152,67.10283,0.7991,36.903792771851265
Poole2025,Measured,P0181,P0181,0,61,-135,30,-154.5637,-3.1586429999999837,-37.76124,140.76848,-25.39491,183.4969,38.0717219509428
Poole2025,Measured,P0181,P0181,0,65,0,0,0.6029587,-0.3090103999999769,0.0,0.0,0.60295,-0.30903,0.6775271922334298
Poole2025,Measured,P0181,P0181,0,68,-135,-30,-138.9879,-28.17698999999999,-37.76124,219.23152,-35.34174,215.37137,3.93253065584518
Poole2025,Measured,P0181,P0181,0,70,0,30,-0.1251144999999951,0.3339648,0.0,30.0,-0.12511,0.33397,29.666274216778195
Poole2025,Measured,P0181,P0181,0,71,0,-30,1.034765,-28.165419999999983,0.0,-30.0,0.91223,-28.16931,2.0453125993474397
Poole2025,Measured,P0181,P0181,0,75,-90,0,-94.29832,-8.876173999999992,-90.0,0.0,-80.14536,244.36258,9.854639753633718
Poole2025,Measured,P0181,P0181,0,77,120,0,99.06962,-12.340039999999988,60.0,180.0,74.72726,234.22508,24.155791338840668
Poole2025,Measured,P0181,P0181,0,87,60,0,64.073,-1.726124000000027,60.0,0.0,64.01957,-3.94286,4.423099839981191
Poole2025,Measured,P0181,P0181,0,88,-150,0,-157.3392,-0.1582587999999987,-30.0,180.0,-22.66071,180.1715,7.340896767741474
Poole2025,Measured,P0181,P0181,0,89,-90,60,-51.61892999999998,33.9511,-30.0,90.0,-40.56085,47.31768,36.022123453038674
Poole2025,Measured,P0181,P0181,0,91,0,90,179.3864,61.36961,0.0,90.0,0.29401,118.62901,28.63039000000001
Poole2025,Measured,P0181,P0181,0,92,45,30,54.69402,22.6017,37.76124,39.23152,48.8859,35.76536,11.403595929367691
Poole2025,Measured,P0181,P0181,0,96,30,0,42.02741,0.0,30.0,0.0,42.02741,0.0,12.02741000000001
Poole2025,Measured,P0181,P0181,1,0,120,0,107.3462,-8.650220999999988,60.0,180.0,70.67609,207.03358,15.287989363621175
Poole2025,Measured,P0181,P0181,1,1,180,60,2.35576,65.06495,0.0,120.0,0.99294,65.08346,54.9225783760806
Poole2025,Measured,P0181,P0181,1,5,90,60,52.33057,31.71503,30.0,90.0,42.32616,45.32027,37.632807856633455
Poole2025,Measured,P0181,P0181,1,7,135,30,131.8774,27.30244,37.76124,140.76848,41.42412,142.28605,3.844834906700079
Poole2025,Measured,P0181,P0181,1,9,180,-30,-179.9031,1.153009,0.0,210.0,-0.09688,178.84699,31.153146142772187
Poole2025,Measured,P0181,P0181,1,10,0,0,0.2211734,-0.0948727900000108,0.0,0.0,0.22117,-0.09487,0.2406625738287501
Poole2025,Measured,P0181,P0181,1,11,-90,30,-91.72174,21.00065,-60.0,90.0,-68.93207,94.47534,9.132078645543144
Poole2025,Measured,P0181,P0181,1,12,180,0,-179.9031,-17.69040000000001,0.0,180.0,-0.09232,197.69042,17.69065689807757
Poole2025,Measured,P0181,P0181,1,14,-90,0,-101.02089999999998,-12.405050000000015,-90.0,0.0,-73.46407,229.00569,16.535931410891695
Poole2025,Measured,P0181,P0181,1,21,-135,-30,-136.999,-30.456189999999992,-37.76124,219.23152,-36.00849,218.80008,1.786391110398698
Poole2025,Measured,P0181,P0181,1,23,150,0,155.1024,0.85638,30.0,180.0,24.89463,179.05589,5.173580258185085
Poole2025,Measured,P0181,P0181,1,29,180,30,0.4722982,18.77341,0.0,150.0,0.44717,18.774,131.22446784123792
Poole2025,Measured,P0181,P0181,1,31,-30,0,-40.02778999999998,0.4054182,-30.0,0.0,-40.02659,0.52945,10.035898292250396
Poole2025,Measured,P0181,P0181,1,34,0,30,0.9805858,-0.3706227000000126,0.0,30.0,0.98057,-0.37068,30.384992041595197
Poole2025,Measured,P0181,P0181,1,35,0,-30,-0.3769048999999995,-23.07628999999997,0.0,-30.0,-0.34675,-23.07674,6.931898529918756
Poole2025,Measured,P0181,P0181,1,40,-90,60,-50.99849999999998,28.14244,-30.0,90.0,-43.2557,40.36258,41.31409484437844
Poole2025,Measured,P0181,P0181,1,42,90,-30,107.6563,-13.791870000000015,60.0,-90.0,67.73168,218.98408,22.980977233828416
Poole2025,Measured,P0181,P0181,1,46,0,60,1.194194,40.68345,0.0,60.0,0.90556,40.6896,19.330809453572886
Poole2025,Measured,P0181,P0181,1,47,-60,0,-105.9955,-13.905930000000012,-60.0,0.0,-68.92487,221.93883,47.59600362081882
Poole2025,Measured,P0181,P0181,1,49,-150,0,-158.6226,-14.208550000000002,-30.0,180.0,-20.69289,195.21125,16.574060274530723
Poole2025,Measured,P0181,P0181,1,52,90,30,106.3268,10.01726,60.0,90.0,70.91667,147.857,25.122171430316936
Poole2025,Measured,P0181,P0181,1,54,-135,30,-150.6915,0.8460353,-37.76124,140.76848,-29.30499,179.02979,32.74966722649346
Poole2025,Measured,P0181,P0181,1,55,90,0,102.2669,-0.052339159999974,90.0,0.0,77.73299,180.24634,12.26700994592026
Poole2025,Measured,P0181,P0181,1,56,45,30,49.32311,17.26843,37.76124,39.23152,46.40335,25.49798,13.329494414274446
Poole2025,Measured,P0181,P0181,1,62,45,-30,152.2047,-0.4685547000000269,37.76124,-39.23152,27.79429,180.52966,104.59951193650927
Poole2025,Measured,P0181,P0181,1,66,-90,-30,-122.1148,-23.53525000000002,-60.0,-90.0,-50.94376,219.32712,29.29061197552691
Poole2025,Measured,P0181,P0181,1,71,0,90,-178.0672,55.55709,0.0,90.0,-1.09302,124.4277,34.44291
Poole2025,Measured,P0181,P0181,1,72,-45,-30,-118.7994,-12.56774999999999,-37.76124,-39.23152,-58.79453,204.83315,69.84081140209034
Poole2025,Measured,P0181,P0181,1,86,-45,30,-41.00119999999998,27.45598,-37.76124,39.23152,-35.60388,34.54653,4.331655685767956
Poole2025,Measured,P0181,P0181,1,89,60,0,114.0899,-16.05432000000002,60.0,0.0,61.31869,215.18498,55.69202583166735
Poole2025,Measured,P0181,P0181,1,91,30,0,44.8386,0.2373883,30.0,0.0,44.83811,0.33477,14.840456111193223
Poole2025,Measured,P0181,P0181,1,95,-120,0,-119.3686,-14.762920000000008,-60.0,180.0,-57.42781,208.25033,14.776116239088916
Poole2025,Measured,P0181,P0181,1,98,135,-30,130.8805,-20.986190000000025,37.76124,219.23152,44.90418,210.37422,9.74814046447502
Poole2025,Measured,P0181,P0181,2,0,90,-30,91.35959,-9.491753000000015,60.0,-90.0,80.41225,261.92292,20.547538296027916
Poole2025,Measured,P0181,P0181,2,6,90,0,110.9062,0.2502292,90.0,0.0,69.09237,179.29879,20.907630408356336
Poole2025,Measured,P0181,P0181,2,7,135,-30,134.3548,-23.281150000000025,37.76124,219.23152,41.05663,211.61125,6.7435051984133345
Poole2025,Measured,P0181,P0181,2,11,135,30,145.1959,35.29517,37.76124,140.76848,27.76567,139.23396,10.078049999623492
Poole2025,Measured,P0181,P0181,2,13,30,0,51.19214,-12.741559999999993,30.0,0.0,49.46973,-19.83983,24.5755677380221
Poole2025,Measured,P0181,P0181,2,17,0,90,-179.6792,48.1294,0.0,90.0,-0.21412,131.87015,41.87060000000001
Poole2025,Measured,P0181,P0181,2,20,-90,0,-109.8047,-12.75211999999999,-90.0,0.0,-66.58434,213.74144,23.41565991596173
Poole2025,Measured,P0181,P0181,2,22,45,30,60.49883,24.30902,37.76124,39.23152,52.48364,42.52955,14.901105840618923
Poole2025,Measured,P0181,P0181,2,27,-135,30,-158.5527,-0.2502291999999784,-37.76124,140.76848,-21.44709,180.26885,37.65644893319275
Poole2025,Measured,P0181,P0181,2,30,90,30,93.78516,-0.8296872000000235,60.0,90.0,86.1251,192.37296,31.04022278061982
Poole2025,Measured,P0181,P0181,2,35,-45,-30,-138.9973,-6.445945999999992,-37.76124,-39.23152,-40.68855,188.5143,90.22091106787478
Poole2025,Measured,P0181,P0181,2,44,150,0,152.7081,-0.3732530999999994,30.0,180.0,27.29127,180.42001,2.7336824477806214
Poole2025,Measured,P0181,P0181,2,51,-90,30,-101.39780000000002,27.78577,-60.0,90.0,-60.14057,110.5583,10.216834796957825
Poole2025,Measured,P0181,P0181,2,54,-45,30,-33.045410000000004,21.2855,-37.76124,39.23152,-30.53766,24.92782,13.843105067817238
Poole2025,Measured,P0181,P0181,2,60,-120,0,-127.7363,-14.45589000000001,-60.0,180.0,-49.97805,202.84163,16.35683908351213
Poole2025,Measured,P0181,P0181,2,65,90,60,144.4956,43.27654,30.0,90.0,25.01328,130.84604,36.38084240116907
Poole2025,Measured,P0181,P0181,2,66,-90,60,-55.49646000000001,37.42767,-30.0,90.0,-40.87631,53.49285,31.40017117515638
Poole2025,Measured,P0181,P0181,2,67,-150,0,-159.0583,-0.9121450999999752,-30.0,180.0,-20.93892,180.97665,9.1037280242451
Poole2025,Measured,P0181,P0181,2,68,-30,0,-29.23462999999998,0.132704,-30.0,0.0,-29.23454,0.15207,0.7767886076830128
Poole2025,Measured,P0181,P0181,2,69,120,0,111.7776,-13.355439999999987,60.0,180.0,64.62427,212.61583,15.644329555302708
Poole2025,Measured,P0181,P0181,2,73,-60,0,-114.37189999999998,16.93169,-60.0,0.0,-60.62193,143.58292,56.132728013104625
Poole2025,Measured,P0181,P0181,2,74,180,30,178.6055,1.320269,0.0,150.0,1.39413,178.67934,28.71032975108084
Poole2025,Measured,P0181,P0181,2,79,180,60,-1.0996729999999957,43.90285,0.0,120.0,-0.79231,43.90812,76.0932335571899
Poole2025,Measured,P0181,P0181,2,80,180,-30,-1.1964849999999956,-46.21343000000002,0.0,210.0,-0.82791,-46.21967,103.77886176304116
Poole2025,Measured,P0181,P0181,2,83,0,-30,0.9134313,-31.523410000000013,0.0,-30.0,0.77862,-31.52666,1.7137061042034958
Poole2025,Measured,P0181,P0181,2,84,-90,-30,-118.5612,-22.324630000000013,-60.0,-90.0,-54.33843,220.6589,26.67712352110027
Poole2025,Measured,P0181,P0181,2,85,-135,-30,-147.3718,-30.08058,-37.76124,219.23152,-27.81179,214.51884,10.705010292295256
Poole2025,Measured,P0181,P0181,2,88,180,0,-179.9657,0.3851218,0.0,180.0,-0.0343,179.61488,0.3866461859598516
Poole2025,Measured,P0181,P0181,2,90,0,60,-0.6901215999999977,21.16605,0.0,60.0,-0.64356,21.16745,38.837040312622086
Poole2025,Measured,P0181,P0181,2,92,0,30,-0.6110178999999789,0.7589878,0.0,30.0,-0.61096,0.75903,29.24678722518316
Poole2025,Measured,P0181,P0181,2,95,60,0,90.72336,-12.280869999999991,60.0,0.0,77.69817,266.68085,32.86278325223245
Poole2025,Measured,P0181,P0181,2,96,45,-30,150.965,0.3971285,37.76124,-39.23152,29.03424,179.54579,103.98454903963592
Poole2025,Measured,P0181,P0181,2,97,0,0,0.5200178,-0.4873863000000256,0.0,0.0,0.52,-0.48741,0.7127112985917335
Poole2025,Measured,P0015,P0015,0,6,-90,0,-90.5111,0.4524074,-90.0,0.0,-89.31744,138.48493,0.6825615259541439
Poole2025,Measured,P0015,P0015,0,10,-30,0,-41.11311999999998,25.18317,-30.0,0.0,-36.51614,31.96832,27.37913417894653
Poole2025,Measured,P0015,P0015,0,11,90,60,156.1117,27.4497,30.0,90.0,21.0611,150.39828,54.627266985055435
Poole2025,Measured,P0015,P0015,0,12,30,0,42.38142,29.6283,30.0,0.0,35.8687,37.59401,31.89327620991303
Poole2025,Measured,P0015,P0015,0,15,0,90,-179.6262,17.68719,0.0,90.0,-0.35613,162.31246,72.31281
Poole2025,Measured,P0015,P0015,0,17,120,0,114.4651,0.268341,60.0,180.0,65.53352,179.35207,5.541380764147559
Poole2025,Measured,P0015,P0015,0,23,90,-30,89.91721,-0.2571705999999949,60.0,-90.0,89.72983,-72.15538,29.742933812509044
Poole2025,Measured,P0015,P0015,0,26,135,-30,152.0564,-0.588506499999994,37.76124,219.23152,27.942,180.66617,33.58910111014775
Poole2025,Measured,P0015,P0015,0,29,45,30,55.27748,33.36543,37.76124,39.23152,43.34984,49.14076,9.365452188150028
Poole2025,Measured,P0015,P0015,0,32,90,0,90.15646,0.7671934,90.0,0.0,89.21702,101.52604,0.7829840238259426
Poole2025,Measured,P0015,P0015,0,34,-120,0,-90.15731,-0.7493880000000104,-60.0,180.0,-89.23428,258.14539,29.85123116183404
Poole2025,Measured,P0015,P0015,0,36,-90,-30,-89.82175000000001,-22.43547000000001,-60.0,-90.0,-67.56386,-89.5683,7.56621581282235
Poole2025,Measured,P0015,P0015,0,37,-45,30,-70.60723999999999,22.13857,-37.76124,39.23152,-60.89415,50.7806,24.24328275434939
Poole2025,Measured,P0015,P0015,0,38,-150,0,-161.8447,-29.16710999999998,-30.0,180.0,-15.78833,210.4287,31.283393031841417
Poole2025,Measured,P0015,P0015,0,39,180,-30,0.6413296,-30.27130999999997,0.0,210.0,0.55388,-30.27287,119.72559860364848
Poole2025,Measured,P0015,P0015,0,46,-135,30,-136.8761,-0.1027920999999878,-37.76124,140.76848,-43.12381,180.14083,30.15578131934714
Poole2025,Measured,P0015,P0015,0,47,-90,60,-134.4407,32.78932,-30.0,90.0,-36.88537,137.38438,39.72637833050754
Poole2025,Measured,P0015,P0015,0,48,135,30,146.6308,22.5899,37.76124,140.76848,30.51955,153.51837,12.778962387475833
Poole2025,Measured,P0015,P0015,0,50,60,0,58.57348,17.89723,60.0,0.0,54.2935,31.77247,17.952135765503378
Poole2025,Measured,P0015,P0015,0,54,0,60,0.9655032,-0.2422834000000193,0.0,60.0,0.96549,-0.24232,60.24696845557992
Poole2025,Measured,P0015,P0015,0,57,-45,-30,-51.072670000000016,-34.44943999999998,-37.76124,-39.23152,-39.90467,-47.51149,6.793584576155177
Poole2025,Measured,P0015,P0015,0,67,180,60,-179.5753,20.5905,0.0,120.0,-0.39757,159.40898,39.41066045435338
Poole2025,Measured,P0015,P0015,0,71,-90,30,-89.22221000000002,17.02606,-60.0,90.0,-72.95671,87.46184,12.993397203915793
Poole2025,Measured,P0015,P0015,0,72,-135,-30,-113.2185,-33.459130000000016,-37.76124,219.23152,-50.05931,239.18165,18.80960983145369
Poole2025,Measured,P0015,P0015,0,74,90,30,111.3236,22.84002,60.0,90.0,59.14874,130.80617,20.35363292841661
Poole2025,Measured,P0015,P0015,0,83,150,0,140.8954,-17.80264999999997,30.0,180.0,36.90825,202.48033,19.92833961099176
Poole2025,Measured,P0015,P0015,0,85,-60,0,-90.8549,-18.784089999999992,-60.0,0.0,-71.19717,267.48816,35.63493104339863
Poole2025,Measured,P0015,P0015,0,88,0,30,1.501417,-0.2797648000000095,0.0,30.0,1.5014,-0.27986,30.31353309704775
Poole2025,Measured,P0015,P0015,0,89,180,0,-178.71,-31.18651,0.0,180.0,-1.10355,211.19294,31.210492133527097
Poole2025,Measured,P0015,P0015,0,92,45,-30,90.9289,-0.3202056000000084,37.76124,-39.23152,89.01746,199.02079,52.76041461047992
Poole2025,Measured,P0015,P0015,0,93,0,0,0.3916712,0.4668813,0.0,0.0,0.39166,0.46689,0.6094104378686487
Poole2025,Measured,P0015,P0015,0,94,180,30,-178.9111,1.376861,0.0,150.0,-1.08859,178.62289,28.64183325430743
Poole2025,Measured,P0015,P0015,0,98,0,-30,0.2017412,1.518782,0.0,-30.0,0.20167,1.51879,31.519370156885874
Poole2025,Measured,P0015,P0015,1,1,0,90,-179.0083,23.4242,0.0,90.0,-0.90996,156.57267,66.57580000000002
Poole2025,Measured,P0015,P0015,1,4,0,60,0.1557664,17.64434,0.0,60.0,0.14844,17.6444,42.35580974444887
Poole2025,Measured,P0015,P0015,1,7,-45,30,-64.90305000000001,0.5395923,-37.76124,39.23152,-64.89763,1.272,35.01814445445414
Poole2025,Measured,P0015,P0015,1,9,-120,0,-89.99619999999999,-0.1235406999999782,-60.0,180.0,-89.8764,-88.23819,30.004030653429556
Poole2025,Measured,P0015,P0015,1,10,0,30,0.8091505,0.05233916,0.0,30.0,0.80915,0.05234,29.95757102817432
Poole2025,Measured,P0015,P0015,1,11,120,0,90.5191,0.393167,60.0,180.0,89.34882,142.85886,29.48328605038105
Poole2025,Measured,P0015,P0015,1,15,-90,0,-89.86302,-0.0791293699999755,-90.0,0.0,-89.84181,-30.01382,0.1581928116793633
Poole2025,Measured,P0015,P0015,1,22,-60,0,-90.08569,0.09891172,-60.0,0.0,-89.86913,130.90326,30.085837368182418
Poole2025,Measured,P0015,P0015,1,23,180,30,179.8587,-0.1690204999999878,0.0,150.0,0.1413,180.16902,30.16932074567923
Poole2025,Measured,P0015,P0015,1,25,-90,-30,-90.34893999999996,-0.1312212000000272,-60.0,-90.0,-89.6272,200.60925,29.870626460492616
Poole2025,Measured,P0015,P0015,1,26,90,30,90.59918,26.97078,60.0,90.0,63.02306,91.17725,3.074638823049149
Poole2025,Measured,P0015,P0015,1,34,0,0,0.8985283,0.9773876,0.0,0.0,0.8984,0.97751,1.3276148957097609
Poole2025,Measured,P0015,P0015,1,40,180,0,-179.6885,-24.654049999999984,0.0,180.0,-0.2831,204.65437,24.65589482823551
Poole2025,Measured,P0015,P0015,1,45,90,0,89.69144,-0.3711503000000107,90.0,0.0,89.51734,-50.26171,0.4826598046920243
Poole2025,Measured,P0015,P0015,1,47,150,0,145.4111,-18.947330000000026,30.0,180.0,32.4746,202.63649,19.475259173499644
Poole2025,Measured,P0015,P0015,1,48,45,30,90.15385,33.0752,37.76124,39.23152,56.92448,90.23623,38.31348488578774
Poole2025,Measured,P0015,P0015,1,51,90,60,143.4382,32.07419,30.0,90.0,30.3157,142.03851,44.58121378436148
Poole2025,Measured,P0015,P0015,1,54,0,-30,-0.6087719999999877,-22.47199999999998,0.0,-30.0,-0.56254,-22.47314,7.547729418276392
Poole2025,Measured,P0015,P0015,1,57,135,-30,135.6226,-17.230430000000013,37.76124,219.23152,41.91243,203.45632,12.782222798115557
Poole2025,Measured,P0015,P0015,1,59,-90,60,-130.3728,26.28148,-30.0,90.0,-43.08586,142.67935,43.53059252468341
Poole2025,Measured,P0015,P0015,1,65,30,0,44.45205,24.21832,30.0,0.0,39.69323,32.21581,27.97763434976226
Poole2025,Measured,P0015,P0015,1,70,-150,0,-131.4053,-29.526369999999982,-30.0,180.0,-40.74095,220.57543,34.44126202190868
Poole2025,Measured,P0015,P0015,1,74,-30,0,-62.76508000000001,23.34569,-30.0,0.0,-54.72052,43.32358,39.46139783862861
Poole2025,Measured,P0015,P0015,1,75,45,-30,43.84657,-32.54566999999997,37.76124,-39.23152,35.72852,-41.50579,2.729830650166074
Poole2025,Measured,P0015,P0015,1,78,-135,-30,-110.00990000000002,-35.28055999999998,-37.76124,219.23152,-50.09011,244.19022,21.63204971855458
Poole2025,Measured,P0015,P0015,1,79,-135,30,-123.62,0.0,-37.76124,140.76848,-56.38,180.0,31.896990841718154
Poole2025,Measured,P0015,P0015,1,83,-45,-30,-90.59474999999998,-0.5542608000000087,-37.76124,-39.23152,-89.18703,222.98323,52.3532567574134
Poole2025,Measured,P0015,P0015,1,85,60,0,90.07244,-0.0395646800000122,60.0,0.0,89.91746,208.64213,30.072463591524553
Poole2025,Measured,P0015,P0015,1,89,90,-30,91.59413,-22.89064000000002,60.0,-90.0,67.0569,266.23038,7.250907431531626
Poole2025,Measured,P0015,P0015,1,91,180,-30,1.346829,-0.3609945000000039,0.0,210.0,1.3468,-0.36109,149.61189585741633
Poole2025,Measured,P0015,P0015,1,92,180,60,-179.3124,28.24004,0.0,120.0,-0.60575,151.75824,31.76341255855895
Poole2025,Measured,P0015,P0015,1,96,-90,30,-91.31117,22.90049,-60.0,90.0,-67.06402,93.1006,7.19569599144302
Poole2025,Measured,P0015,P0015,1,97,135,30,144.9714,19.19891,37.76124,140.76848,32.8241,156.9628,14.086507848582556
Poole2025,Measured,P0015,P0015,2,3,0,0,1.658356,-25.197270000000003,0.0,0.0,1.50052,-25.20652,25.24822621244932
Poole2025,Measured,P0015,P0015,2,4,180,-30,179.8198,0.0,0.0,210.0,0.1802,180.0,30.000490810666857
Poole2025,Measured,P0015,P0015,2,5,-135,30,-91.21429,0.1713202,-37.76124,140.76848,-88.77369,171.96871,51.19260261737446
Poole2025,Measured,P0015,P0015,2,6,180,0,-0.6364292000000091,-26.978110000000015,0.0,180.0,-0.56717,-26.97954,153.01494718116794
Poole2025,Measured,P0015,P0015,2,9,-45,-30,-90.66527000000002,-22.852689999999996,-37.76124,-39.23152,-67.13815,268.42189,41.24506608471821
Poole2025,Measured,P0015,P0015,2,10,90,-30,90.60622,-22.65375,60.0,-90.0,67.33857,268.54783,7.366268185126775
Poole2025,Measured,P0015,P0015,2,13,-120,0,-89.12041999999997,0.4116447,-60.0,180.0,-89.02887,25.0809,30.882052697647016
Poole2025,Measured,P0015,P0015,2,17,-30,0,-41.72388999999998,14.70232,-30.0,0.0,-40.07203,19.36948,18.723496538252142
Poole2025,Measured,P0015,P0015,2,24,0,30,1.098248,-0.2332304999999905,0.0,30.0,1.09824,-0.23327,30.251328333380545
Poole2025,Measured,P0015,P0015,2,27,180,30,-179.712,0.1266688,0.0,150.0,-0.288,179.87333,29.874589690526673
Poole2025,Measured,P0015,P0015,2,28,-150,0,-147.9419,-25.989779999999996,-30.0,180.0,-28.49633,209.90873,26.065491251893313
Poole2025,Measured,P0015,P0015,2,30,180,60,179.7421,22.10618,0.0,120.0,0.23894,157.89362,37.89425777115616
Poole2025,Measured,P0015,P0015,2,33,90,60,149.3408,30.23362,30.0,90.0,26.14022,145.88219,48.97776092793927
Poole2025,Measured,P0015,P0015,2,35,45,30,89.86267,26.91561,37.76124,39.23152,63.08407,89.72949,39.31424119425556
Poole2025,Measured,P0015,P0015,2,38,-60,0,-89.44723999999997,0.2601963,-60.0,0.0,-89.38906,25.20789,29.448286485966456
Poole2025,Measured,P0015,P0015,2,48,-90,30,-90.12643000000004,16.83644,-60.0,90.0,-73.1631,90.41779,13.16406771493314
Poole2025,Measured,P0015,P0015,2,51,-90,-30,-89.65954999999997,-0.4000738999999953,-60.0,-90.0,-89.47468,-49.60391,29.60169941599911
Poole2025,Measured,P0015,P0015,2,53,135,-30,124.5053,-19.282969999999978,37.76124,219.23152,51.06346,211.69961,14.33070497403374
Poole2025,Measured,P0015,P0015,2,54,60,0,89.09544,0.3256589,60.0,0.0,89.03861,19.8008,29.097103046877468
Poole2025,Measured,P0015,P0015,2,56,-90,0,-90.27389,-1.4441489999999817,-90.0,0.0,-88.53011,259.26338,1.4698864513208243
Poole2025,Measured,P0015,P0015,2,57,30,0,34.26655,20.37904,30.0,0.0,31.8571,24.20399,20.80226563337842
Poole2025,Measured,P0015,P0015,2,59,90,30,92.35036,22.96711,60.0,90.0,66.91942,95.52719,7.340119190229683
Poole2025,Measured,P0015,P0015,2,63,-90,60,-65.31254999999999,33.23672,-30.0,90.0,-49.46109,57.48771,31.27886829419615
Poole2025,Measured,P0015,P0015,2,68,120,0,90.15225,-0.6760854999999992,60.0,180.0,89.30698,257.30965,29.854700715906667
Poole2025,Measured,P0015,P0015,2,74,-45,30,-89.97728000000001,22.63338,-37.76124,39.23152,-67.36661,89.94551,40.724806959715735
Poole2025,Measured,P0015,P0015,2,76,0,60,-0.4865826999999854,1.486879,0.0,60.0,-0.48642,1.48693,58.514332022775946
Poole2025,Measured,P0015,P0015,2,78,0,90,-179.7398,21.27075,0.0,90.0,-0.24247,158.72905,68.72925000000001
Poole2025,Measured,P0015,P0015,2,80,150,0,145.45,0.1046783,30.0,180.0,34.54993,179.87291,4.551201435092068
Poole2025,Measured,P0015,P0015,2,89,90,0,90.52594,-0.827798400000006,90.0,0.0,89.01926,237.57242,0.9807363700919826
Poole2025,Measured,P0015,P0015,2,93,135,30,154.6658,21.72772,37.76124,140.76848,23.42179,156.20671,19.495027128972268
Poole2025,Measured,P0015,P0015,2,96,-135,-30,-121.5158,-25.093889999999988,-37.76124,219.23152,-50.53675,221.85638,12.911390845864036
Poole2025,Measured,P0015,P0015,2,97,0,-30,0.07132626,-21.309750000000008,0.0,-30.0,0.06645,-21.30977,8.690487066913867
Poole2025,Measured,P0015,P0015,2,98,45,-30,90.27811,-19.135400000000004,37.76124,-39.23152,70.86265,269.19852,42.30072289133442
Poole2025,Measured,P0107,P0107,0,1,0,30,-177.991,5.699252,0.0,30.0,-1.99907,174.29727,144.2487719055166
Poole2025,Measured,P0107,P0107,0,2,-30,0,-131.6772,-32.06574999999998,-30.0,0.0,-39.26847,223.29383,99.8761903457915
Poole2025,Measured,P0107,P0107,0,3,180,-30,179.8847,-26.39861000000002,0.0,210.0,0.10328,206.39866,3.6028223931134327
Poole2025,Measured,P0107,P0107,0,5,120,0,122.97,-1.348717000000022,60.0,180.0,57.00554,182.47726,3.2616419090436426
Poole2025,Measured,P0107,P0107,0,7,-90,30,-89.99167999999997,2.95035,-60.0,90.0,-87.04964,89.83857,27.04965114885185
Poole2025,Measured,P0107,P0107,0,8,-135,-30,-145.588,-32.873440000000016,-37.76124,219.23152,-28.33623,218.07388,9.474578695361458
Poole2025,Measured,P0107,P0107,0,12,45,-30,94.79873,-35.468500000000006,37.76124,-39.23152,54.25057,263.30313,41.807004508865504
Poole2025,Measured,P0107,P0107,0,14,-150,0,-156.4393,-31.792179999999973,-30.0,180.0,-19.86153,214.06687,32.37064157293452
Poole2025,Measured,P0107,P0107,0,15,-90,60,-104.3834,34.22946,-30.0,90.0,-53.21382,110.05811,27.428716964927816
Poole2025,Measured,P0107,P0107,0,17,45,30,92.96491,1.541166,37.76124,39.23152,86.65878,152.51838,53.621559831682504
Poole2025,Measured,P0107,P0107,0,19,90,-30,92.10849,-30.343050000000005,60.0,-90.0,59.59075,266.40351,1.8548100422407945
Poole2025,Measured,P0107,P0107,0,23,-90,0,-87.33602000000002,-0.4005627000000231,-90.0,0.0,-87.30609,-8.55425,2.693905024136798
Poole2025,Measured,P0107,P0107,0,24,-45,30,-95.60908999999998,24.86554,-37.76124,39.23152,-64.54896,101.90897,44.855862393241665
Poole2025,Measured,P0107,P0107,0,25,0,-30,0.3286494,-0.1266688000000044,0.0,-30.0,0.32865,-0.12667,29.874970007251974
Poole2025,Measured,P0107,P0107,0,28,90,60,164.6086,16.83599,30.0,90.0,14.71643,162.57502,67.79960074541943
Poole2025,Measured,P0107,P0107,0,32,0,0,0.08846933,0.2755364,0.0,0.0,0.08847,0.27554,0.2893908598073378
Poole2025,Measured,P0107,P0107,0,33,0,90,177.8372,22.90518,0.0,90.0,1.99219,157.08018,67.09482
Poole2025,Measured,P0107,P0107,0,34,-135,30,-146.6405,25.33935,-37.76124,140.76848,-29.80072,150.44889,11.305615214286078
Poole2025,Measured,P0107,P0107,0,38,-90,-30,-93.18210999999997,-37.26828,-60.0,-90.0,-52.61578,265.82762,7.734643846955551
Poole2025,Measured,P0107,P0107,0,39,-120,0,-107.0154,-0.954496199999994,-60.0,180.0,-72.95864,183.25858,13.01903411464566
Poole2025,Measured,P0107,P0107,0,42,135,30,98.30564,30.63417,37.76124,140.76848,58.36576,103.70821,31.540191258341288
Poole2025,Measured,P0107,P0107,0,43,135,-30,135.9937,-35.15070000000003,37.76124,219.23152,34.61405,224.39104,5.218223033919267
Poole2025,Measured,P0107,P0107,0,44,90,30,91.01378,33.34105,60.0,90.0,56.64532,91.54047,3.4505938087034176
Poole2025,Measured,P0107,P0107,0,46,180,0,-178.4463,-2.371329000000003,0.0,180.0,-1.55237,182.3722,2.834749789115228
Poole2025,Measured,P0107,P0107,0,48,0,60,-2.6589589999999816,30.20921,0.0,60.0,-2.29765,30.23605,29.84439527741531
Poole2025,Measured,P0107,P0107,0,49,150,0,161.753,-20.33892000000003,30.0,180.0,17.07315,201.32121,23.365300935291096
Poole2025,Measured,P0107,P0107,0,55,180,60,-177.2089,36.31657,0.0,120.0,-2.24864,143.65097,23.751509327313023
Poole2025,Measured,P0107,P0107,0,72,30,0,44.14684,0.4845679,30.0,0.0,44.14485,0.67529,14.154967217650984
Poole2025,Measured,P0107,P0107,0,76,60,0,89.23433,0.1907741,60.0,0.0,89.21092,13.99137,29.23489748150977
Poole2025,Measured,P0107,P0107,0,82,-60,0,-81.85978999999998,-0.3045455999999831,-60.0,0.0,-81.85413,-2.14982,21.86180739077705
Poole2025,Measured,P0107,P0107,0,85,180,30,-179.304,-2.4713219999999865,0.0,150.0,-0.69535,182.4715,32.478133948238536
Poole2025,Measured,P0107,P0107,0,90,90,0,92.14503,14.91675,90.0,0.0,74.93328,97.99791,15.06672313741245
Poole2025,Measured,P0107,P0107,0,95,-45,-30,-155.927,20.82095,-37.76124,-39.23152,-22.41192,157.38788,117.82998496908588
Poole2025,Measured,P0107,P0107,1,0,180,60,-178.3597,31.01993,0.0,120.0,-1.40567,148.9697,29.00082718624432
Poole2025,Measured,P0107,P0107,1,6,-90,30,-91.29318,29.93535,-60.0,90.0,-60.03932,92.24436,1.1221491702265765
Poole2025,Measured,P0107,P0107,1,7,0,0,0.8844808,0.3494264,0.0,0.0,0.88446,0.34947,0.950997053373142
Poole2025,Measured,P0107,P0107,1,16,135,-30,149.8726,-34.700109999999995,37.76124,219.23152,24.37164,218.68026,13.39784785665014
Poole2025,Measured,P0107,P0107,1,18,45,30,98.55865,26.55932,37.76124,39.23152,62.19142,106.57921,46.866921878346496
Poole2025,Measured,P0107,P0107,1,20,60,0,87.0153,20.59797,60.0,0.0,69.19621,82.11228,33.49512829087397
Poole2025,Measured,P0107,P0107,1,22,90,30,91.52673,41.85492,60.0,90.0,48.12238,91.70356,11.918616656870338
Poole2025,Measured,P0107,P0107,1,24,-45,30,-95.96278999999998,32.10468,-37.76124,39.23152,-57.40458,99.40134,43.300386242122066
Poole2025,Measured,P0107,P0107,1,26,90,-30,94.82556,-24.68918000000002,60.0,-90.0,64.87269,259.63039,6.822874024285705
Poole2025,Measured,P0107,P0107,1,29,-90,60,-149.8077,34.84666,-30.0,90.0,-24.37614,141.14861,45.47712243031808
Poole2025,Measured,P0107,P0107,1,31,150,0,176.0507,-2.7159169999999904,30.0,180.0,3.94486,182.72237,26.18204870168981
Poole2025,Measured,P0107,P0107,1,33,-150,0,-159.4463,-8.544172000000003,-30.0,180.0,-20.31546,189.11559,12.711090815713847
Poole2025,Measured,P0107,P0107,1,36,120,0,129.5463,-2.178165999999976,60.0,180.0,50.40359,183.4186,9.78939543646527
Poole2025,Measured,P0107,P0107,1,37,0,90,-170.7274,89.7506,0.0,90.0,-0.04019,90.24614,0.249400000000355
Poole2025,Measured,P0107,P0107,1,48,-45,-30,-150.5476,16.91976,-37.76124,-39.23152,-28.06132,160.74323,111.567460152393
Poole2025,Measured,P0107,P0107,1,55,-30,0,-43.30824000000001,0.6148488,-30.0,0.0,-43.30513,0.84492,13.322179545450364
Poole2025,Measured,P0107,P0107,1,56,-90,-30,-84.14256,-24.543499999999995,-60.0,-90.0,-64.80939,-77.40218,7.539073487274458
Poole2025,Measured,P0107,P0107,1,57,30,0,35.73096,0.3516591,30.0,0.0,35.73018,0.4332,5.7417030535559235
Poole2025,Measured,P0107,P0107,1,61,45,-30,144.8736,-26.530430000000024,37.76124,-39.23152,30.98361,211.4003,84.8092200716205
Poole2025,Measured,P0107,P0107,1,63,-135,-30,-126.18009999999998,-29.475810000000024,-37.76124,219.23152,-44.64312,223.75516,7.67435695300303
Poole2025,Measured,P0107,P0107,1,66,-60,0,-90.45341000000002,-1.800483999999983,-60.0,0.0,-88.14332,255.8699,30.501487274683644
Poole2025,Measured,P0107,P0107,1,67,-135,30,-127.83679999999998,22.25887,-37.76124,140.76848,-46.96271,146.2874,10.058112601567425
Poole2025,Measured,P0107,P0107,1,72,180,30,0.4747775,1.33178,0.0,150.0,0.47465,1.33183,148.6649449300173
Poole2025,Measured,P0107,P0107,1,75,-120,0,-96.57335999999998,-1.823810999999978,-60.0,180.0,-83.17939,195.54436,23.493536942814263
Poole2025,Measured,P0107,P0107,1,76,135,30,87.76115,0.5740312,37.76124,140.76848,87.68877,14.38457,53.632501405988776
Poole2025,Measured,P0107,P0107,1,77,0,60,-1.2161140000000046,23.96161,0.0,60.0,-1.11129,23.9664,36.048411624710816
Poole2025,Measured,P0107,P0107,1,78,-90,0,-87.00098000000003,-1.8979550000000245,-90.0,0.0,-86.45133,-32.34932,3.548670672556627
Poole2025,Measured,P0107,P0107,1,80,180,-30,-179.2596,-14.842089999999985,0.0,210.0,-0.7157,194.84327,15.173217864420767
Poole2025,Measured,P0107,P0107,1,82,0,30,176.901,43.98663,0.0,30.0,2.22921,135.97147,105.95906052040246
Poole2025,Measured,P0107,P0107,1,84,0,-30,0.57743,-13.616989999999989,0.0,-30.0,0.5612,-13.61766,16.391690444112424
Poole2025,Measured,P0107,P0107,1,87,90,60,141.7686,25.61974,30.0,90.0,33.91739,148.59675,49.1966567752692
Poole2025,Measured,P0107,P0107,1,89,90,0,92.93249,11.31205,90.0,0.0,78.31882,104.34574,11.681178322437756
Poole2025,Measured,P0107,P0107,1,98,180,0,-178.5071,-19.113229999999987,0.0,180.0,-1.41058,199.11925,19.16927267776017
Poole2025,Measured,P0107,P0107,2,3,45,-30,120.6561,-4.2081249999999955,37.76124,-39.23152,59.08429,188.21129,75.48332558493333
Poole2025,Measured,P0107,P0107,2,4,135,-30,143.5407,-35.43932000000001,37.76124,219.23152,28.9571,221.5052,9.0057140478161
Poole2025,Measured,P0107,P0107,2,7,0,30,-179.1981,21.35446,0.0,30.0,-0.74684,158.64364,128.6397451787614
Poole2025,Measured,P0107,P0107,2,11,-45,-30,-144.5697,18.97301,-37.76124,-39.23152,-33.24481,157.12347,107.3803718734354
Poole2025,Measured,P0107,P0107,2,12,90,0,90.73479,0.3064671,90.0,0.0,89.20386,157.35915,0.7961364696831109
Poole2025,Measured,P0107,P0107,2,18,45,30,93.39342,12.41131,37.76124,39.23152,77.14017,105.05436,48.00418145128416
Poole2025,Measured,P0107,P0107,2,19,-90,30,-90.73573,15.29788,-60.0,90.0,-74.68486,92.68772,14.71765946848247
Poole2025,Measured,P0107,P0107,2,24,0,0,-0.9059024000000022,26.08935,0.0,0.0,-0.81359,26.09218,26.103971414753957
Poole2025,Measured,P0107,P0107,2,25,120,0,123.4084,-0.5814821999999822,60.0,180.0,56.58713,181.056,3.457587766641571
Poole2025,Measured,P0107,P0107,2,29,60,0,87.41679,0.6211812,60.0,0.0,87.3432,13.52605,27.42328078367419
Poole2025,Measured,P0107,P0107,2,32,-30,0,-45.78859,-0.674346700000001,-30.0,0.0,-45.78451,-0.96702,15.80261840840086
Poole2025,Measured,P0107,P0107,2,34,-120,0,-93.74277999999998,1.401932,-60.0,180.0,-86.00362,159.44842,26.291965599446417
Poole2025,Measured,P0107,P0107,2,38,135,30,149.9719,4.508717,37.76124,140.76848,29.92567,174.79589,29.150588524235655
Poole2025,Measured,P0107,P0107,2,39,-45,30,-129.9447,27.48495,-37.76124,39.23152,-42.85401,140.98313,72.63508626581155
Poole2025,Measured,P0107,P0107,2,40,-60,0,-84.42205000000001,-1.8669740000000272,-60.0,0.0,-84.11884,-18.53909,24.48894462044423
Poole2025,Measured,P0107,P0107,2,41,150,0,169.9115,-15.121800000000007,30.0,180.0,9.73571,195.34816,24.81560327386766
Poole2025,Measured,P0107,P0107,2,43,-90,0,-91.56360999999998,0.9585876,-90.0,0.0,-88.166,148.48363,1.833995171292282
Poole2025,Measured,P0107,P0107,2,45,-135,30,-133.4014,18.81935,-37.76124,140.76848,-43.44961,153.61856,11.274533158878956
Poole2025,Measured,P0107,P0107,2,50,180,0,-177.4726,-1.1905830000000035,0.0,180.0,-2.52685,181.19174,2.793621145034443
Poole2025,Measured,P0107,P0107,2,51,30,0,42.51883,0.7893192,30.0,0.0,42.51384,1.07085,12.54329235682949
Poole2025,Measured,P0107,P0107,2,54,180,30,-176.1063,4.233367,0.0,150.0,-3.88306,175.75687,26.028153639154823
Poole2025,Measured,P0107,P0107,2,55,180,60,-2.969265000000007,55.77255,0.0,120.0,-1.66964,55.80834,64.20342452445115
Poole2025,Measured,P0107,P0107,2,62,-90,-30,-90.5217,-28.51231999999999,-60.0,-90.0,-61.48331,269.03974,1.5557421984081805
Poole2025,Measured,P0107,P0107,2,70,-150,0,-148.6762,-18.034899999999993,-30.0,180.0,-29.62569,200.86426,18.081808524962153
Poole2025,Measured,P0107,P0107,2,74,0,60,179.7467,17.47829,0.0,60.0,0.24161,162.52155,102.52143646483114
Poole2025,Measured,P0107,P0107,2,80,90,-30,90.94922,-25.70125999999999,60.0,-90.0,64.28241,268.02865,4.3798321440304
Poole2025,Measured,P0107,P0107,2,81,180,-30,179.0571,21.16437,0.0,210.0,0.87929,158.83302,51.17241336562776
Poole2025,Measured,P0107,P0107,2,82,90,30,91.51876,30.7411,60.0,90.0,59.22507,92.55172,1.5053776462759751
Poole2025,Measured,P0107,P0107,2,85,0,90,-8.849730000000022,83.6843,0.0,90.0,-0.96971,83.75889,6.315700000000016
Poole2025,Measured,P0107,P0107,2,88,90,60,114.1286,40.2615,30.0,90.0,44.14133,115.76573,24.78219697073221
Poole2025,Measured,P0107,P0107,2,89,0,-30,178.9286,-16.925250000000005,0.0,-30.0,1.02499,196.92804,133.06338945658896
Poole2025,Measured,P0107,P0107,2,96,-90,60,-94.62520999999998,41.50984,-30.0,90.0,-48.27977,95.20599,18.70919164273615
Poole2025,Measured,P0107,P0107,2,98,-135,-30,-135.1425,-25.653779999999983,-37.76124,219.23152,-39.48065,214.11872,4.348045048292707
Poole2025,Measured,P0155,P0155,0,0,-135,-30,-143.5976,-2.1284479999999917,-37.76124,219.23152,-36.37326,182.6438,29.040979794826303
Poole2025,Measured,P0155,P0155,0,5,-90,-30,-83.76276999999999,-1.670817999999997,-60.0,-90.0,-83.54371,-15.02859,28.941815556775676
Poole2025,Measured,P0155,P0155,0,9,135,-30,130.0418,-16.74176,37.76124,219.23152,47.14899,205.05935,14.012482975709071
Poole2025,Measured,P0155,P0155,0,14,-45,30,-31.417320000000014,10.13223,-37.76124,39.23152,-30.87309,11.8273,23.560828385958615
Poole2025,Measured,P0155,P0155,0,19,0,90,1.392689,-0.5355885000000171,0.0,90.0,1.39263,-0.53575,90.53558850000002
Poole2025,Measured,P0155,P0155,0,21,120,0,75.10609,0.0656106,60.0,180.0,75.10595,0.25526,44.89394770539544
Poole2025,Measured,P0155,P0155,0,24,135,30,127.8051,23.7196,37.76124,140.76848,46.33232,144.36734,8.975450482304998
Poole2025,Measured,P0155,P0155,0,26,-90,30,-63.77433000000002,17.53576,-60.0,90.0,-58.80099,35.56657,26.947080465767904
Poole2025,Measured,P0155,P0155,0,27,0,0,-0.6252627999999731,3.443271,0.0,0.0,-0.62413,3.44348,3.49951396313122
Poole2025,Measured,P0155,P0155,0,30,30,0,28.989,9.06215,30.0,0.0,28.59351,10.33388,9.117902504659009
Poole2025,Measured,P0155,P0155,0,32,0,-30,-1.1048210000000154,-5.860633000000007,0.0,-30.0,-1.09905,-5.86172,24.161795725975356
Poole2025,Measured,P0155,P0155,0,35,-90,60,-54.65271000000001,35.30956,-30.0,90.0,-41.72933,50.75806,33.55418033419553
Poole2025,Measured,P0155,P0155,0,38,-45,-30,-32.13620000000003,0.8767033,-37.76124,-39.23152,-32.13199,1.0353,33.22338840552422
Poole2025,Measured,P0155,P0155,0,40,90,60,111.7191,47.20045,30.0,90.0,39.13885,108.91508,18.004122623342614
Poole2025,Measured,P0155,P0155,0,43,-90,0,-87.61124999999998,7.133307,-90.0,0.0,-82.47932,71.57996,7.520683440852834
Poole2025,Measured,P0155,P0155,0,44,45,30,86.39704,18.76315,37.76124,39.23152,70.90629,79.51949,39.108874551195
Poole2025,Measured,P0155,P0155,0,46,150,0,140.5403,-5.431447999999989,30.0,180.0,39.24826,187.0207,10.895772159005432
Poole2025,Measured,P0155,P0155,0,47,180,60,0.4528397,26.84854,0.0,120.0,0.40402,26.84926,93.15066048769484
Poole2025,Measured,P0155,P0155,0,48,0,60,-0.8343907999999942,1.580534,0.0,60.0,-0.83407,1.5807,58.42303038025679
Poole2025,Measured,P0155,P0155,0,55,180,0,0.1266688,-2.6023349999999823,0.0,180.0,0.12654,-2.60234,177.39458613605137
Poole2025,Measured,P0155,P0155,0,56,90,0,83.32802,3.95265,90.0,0.0,82.24964,30.74038,7.750358325273862
Poole2025,Measured,P0155,P0155,0,58,-30,0,-54.9649,9.900813,-30.0,0.0,-53.76564,16.91136,26.739053529790027
Poole2025,Measured,P0155,P0155,0,63,90,30,88.04662,25.67276,60.0,90.0,64.25806,85.94381,4.658975726274798
Poole2025,Measured,P0155,P0155,0,65,-60,0,-78.93934000000002,22.07028,-60.0,0.0,-65.43764,64.67794,28.770647142677696
Poole2025,Measured,P0155,P0155,0,70,-150,0,-158.2216,-31.06860999999998,-30.0,180.0,-18.52964,212.97547,32.03257721215614
Poole2025,Measured,P0155,P0155,0,74,0,30,-0.6912548000000243,19.0455,0.0,30.0,-0.65341,19.04679,10.972448498543493
Poole2025,Measured,P0155,P0155,0,75,90,-30,101.7762,-16.602070000000026,60.0,-90.0,69.74182,235.60781,17.192658717400853
Poole2025,Measured,P0155,P0155,0,77,180,30,-1.9172419999999877,3.253595,0.0,150.0,-1.91415,3.25541,146.6958639404623
Poole2025,Measured,P0155,P0155,0,78,-135,30,-155.2356,25.11463,-37.76124,140.76848,-22.28949,152.6964,18.56413318635244
Poole2025,Measured,P0155,P0155,0,83,60,0,99.42081,18.54939,60.0,0.0,69.27071,116.00325,42.914442496045446
Poole2025,Measured,P0155,P0155,0,85,180,-30,-2.0148940000000266,-34.48140000000001,0.0,210.0,-1.66079,-34.49794,115.49058074491896
Poole2025,Measured,P0155,P0155,0,96,45,-30,54.03057,-38.275739999999985,37.76124,-39.23152,39.44638,-53.33724,11.139491120907044
Poole2025,Measured,P0155,P0155,0,98,-120,0,-90.52821,-0.6243231999999921,-60.0,180.0,-89.18221,229.76856,29.477808367191862
Poole2025,Measured,P0155,P0155,1,2,120,0,94.79382,9.025825,60.0,180.0,79.78943,117.7492,26.673656996234016
Poole2025,Measured,P0155,P0155,1,3,90,60,36.8432,45.0091,30.0,90.0,25.08315,51.33931,34.468624554972905
Poole2025,Measured,P0155,P0155,1,5,0,30,0.454995,-31.372990000000016,0.0,30.0,0.38847,-31.37379,61.3745118284131
Poole2025,Measured,P0155,P0155,1,10,180,0,0.09065409,-39.01164,0.0,180.0,0.07044,-39.01168,140.98827147374968
Poole2025,Measured,P0155,P0155,1,13,-90,0,-106.0053,0.8488063,-90.0,0.0,-73.9728,176.92429,16.02720379093791
Poole2025,Measured,P0155,P0155,1,14,90,0,95.97546,10.46501,90.0,0.0,77.9657,119.40593,12.03429785559332
Poole2025,Measured,P0155,P0155,1,16,0,-30,-0.3310223999999948,-0.6872802999999976,0.0,-30.0,-0.331,-0.68729,29.31441103152998
Poole2025,Measured,P0155,P0155,1,18,135,30,141.7177,27.01682,37.76124,140.76848,33.49942,146.99326,6.612314526530475
Poole2025,Measured,P0155,P0155,1,22,0,0,-0.7428315000000225,8.162,0.0,0.0,-0.73531,8.16268,8.195505168815332
Poole2025,Measured,P0155,P0155,1,27,150,0,155.8495,-13.311350000000004,30.0,180.0,23.46212,194.53633,14.518623046445429
Poole2025,Measured,P0155,P0155,1,33,0,90,0.3274564,19.08606,0.0,90.0,0.30946,19.08635,70.91394
Poole2025,Measured,P0155,P0155,1,35,-30,0,-41.531769999999995,8.266977,-30.0,0.0,-41.00657,10.98413,14.156201077945196
Poole2025,Measured,P0155,P0155,1,37,-135,-30,-155.9594,-16.339800000000025,-37.76124,219.23152,-23.01236,197.79772,23.547888316915984
Poole2025,Measured,P0155,P0155,1,38,-90,60,-57.043619999999976,57.88276,-30.0,90.0,-26.49389,71.14604,16.953483784420655
Poole2025,Measured,P0155,P0155,1,45,-120,0,-130.8203,-7.343125999999984,-60.0,180.0,-48.63864,191.15227,13.052093333808791
Poole2025,Measured,P0155,P0155,1,49,90,-30,91.13412,-10.437810000000011,60.0,-90.0,79.50144,263.86748,19.590720327863988
Poole2025,Measured,P0155,P0155,1,50,-150,0,-164.4024,-7.027525000000026,-30.0,180.0,-15.47747,187.29338,15.992798830229416
Poole2025,Measured,P0155,P0155,1,54,-90,30,-74.37526000000003,14.72962,-60.0,90.0,-68.65368,44.30698,20.974050538000483
Poole2025,Measured,P0155,P0155,1,56,60,0,78.49524,7.273298,60.0,0.0,76.4152,32.61552,19.82731662983888
Poole2025,Measured,P0155,P0155,1,57,30,0,29.77778,12.89024,30.0,0.0,28.95495,14.7708,12.892122905595697
Poole2025,Measured,P0155,P0155,1,60,135,-30,129.1232,-28.407190000000018,37.76124,219.23152,43.02968,220.6019,5.3705865097976915
Poole2025,Measured,P0155,P0155,1,64,-60,0,-64.44702000000001,18.54281,-60.0,0.0,-58.79853,37.86964,19.050359926275178
Poole2025,Measured,P0155,P0155,1,67,180,-30,-1.6604790000000094,-24.056460000000015,0.0,210.0,-1.51622,-24.06542,125.9200425384252
Poole2025,Measured,P0155,P0155,1,68,-45,-30,-151.9157,13.45745,-37.76124,-39.23152,-27.24809,164.82481,111.18776317578546
Poole2025,Measured,P0155,P0155,1,70,-45,30,-43.753870000000006,21.07702,-37.76124,39.23152,-40.18779,28.08306,8.993301864578264
Poole2025,Measured,P0155,P0155,1,72,0,60,0.2478722,10.64194,0.0,60.0,0.24361,10.64204,49.35840722600113
Poole2025,Measured,P0155,P0155,1,79,45,30,51.38812,24.20153,37.76124,39.23152,45.45616,35.76235,8.118193794195369
Poole2025,Measured,P0155,P0155,1,80,-135,30,-150.6393,25.18349,-37.76124,140.76848,-26.34034,151.65258,14.657860237652343
Poole2025,Measured,P0155,P0155,1,81,45,-30,44.86152,-17.112430000000018,37.76124,-39.23152,42.38952,-23.47802,12.88819100680583
Poole2025,Measured,P0155,P0155,1,85,180,30,176.2199,67.00997,0.0,150.0,1.47549,112.9452,37.07995614538609
Poole2025,Measured,P0155,P0155,1,86,180,60,-1.047918999999979,16.50766,0.0,120.0,-1.00472,16.51027,103.48761577347024
Poole2025,Measured,P0155,P0155,1,95,-90,-30,-121.5658,-20.696219999999983,-60.0,-90.0,-52.84981,215.81795,29.89082091648033
Poole2025,Measured,P0155,P0155,1,98,90,30,93.99235,28.99016,60.0,90.0,60.75989,97.16194,3.618444596529802
Poole2025,Measured,P0155,P0155,2,2,180,0,0.3420692,6.074831,0.0,180.0,0.34015,6.07494,173.9155818498136
Poole2025,Measured,P0155,P0155,2,3,45,-30,131.8084,-30.772730000000024,37.76124,-39.23152,39.82401,221.77268,72.7078290120127
Poole2025,Measured,P0155,P0155,2,5,180,30,-0.1008706000000074,15.88503,0.0,150.0,-0.09702,15.88505,134.11486698357905
Poole2025,Measured,P0155,P0155,2,6,0,-30,-0.3238513000000012,0.3976209,0.0,-30.0,-0.32384,0.39763,30.39918728603529
Poole2025,Measured,P0155,P0155,2,7,-90,60,-76.19709999999998,48.66694,-30.0,90.0,-39.89354,78.14878,13.840487652432556
Poole2025,Measured,P0155,P0155,2,13,0,0,-0.4427898000000141,8.655169,0.0,0.0,-0.43775,8.65542,8.66640176746593
Poole2025,Measured,P0155,P0155,2,16,180,-30,-1.500112999999999,-25.888109999999983,0.0,210.0,-1.34954,-25.89583,124.09341324981548
Poole2025,Measured,P0155,P0155,2,17,0,30,-0.6584912000000145,16.55357,0.0,30.0,-0.6312,16.5546,13.4599316008099
Poole2025,Measured,P0155,P0155,2,22,-135,-30,-139.5891,-15.044100000000014,-37.76124,219.23152,-38.75903,199.44269,15.540025503146852
Poole2025,Measured,P0155,P0155,2,26,0,60,1.583009,33.95379,0.0,60.0,1.31304,33.96392,26.066856542615728
Poole2025,Measured,P0155,P0155,2,31,-150,0,-134.7693,6.086503,-30.0,180.0,-44.90603,171.39025,16.375053199778204
Poole2025,Measured,P0155,P0155,2,35,120,0,125.5079,5.507478,60.0,180.0,54.12306,170.57432,7.783040914998569
Poole2025,Measured,P0155,P0155,2,37,150,0,139.7628,1.804719,30.0,180.0,40.21316,177.63643,10.39338921242866
Poole2025,Measured,P0155,P0155,2,40,-45,30,-130.4337,1.468737,-37.76124,39.23152,-49.54421,177.7361,85.31143198777998
Poole2025,Measured,P0155,P0155,2,41,-60,0,-99.0582,10.01215,-60.0,0.0,-76.52944,131.72554,40.12139510777815
Poole2025,Measured,P0155,P0155,2,43,90,0,88.2762,3.798544,90.0,0.0,85.82914,65.62605,4.1708593708096275
Poole2025,Measured,P0155,P0155,2,46,0,90,2.242714,12.69689,0.0,90.0,2.18784,12.70631,77.30310999999999
Poole2025,Measured,P0155,P0155,2,47,-120,0,-109.1049,-0.3286494000000175,-60.0,180.0,-70.89238,181.00404,10.89999584560488
Poole2025,Measured,P0155,P0155,2,49,90,60,35.14507,30.19462,30.0,90.0,29.83776,35.43635,46.8170089432625
Poole2025,Measured,P0155,P0155,2,51,-90,30,-84.54219999999998,26.28577,-60.0,90.0,-63.19313,79.1002,6.077592577983761
Poole2025,Measured,P0155,P0155,2,59,-45,-30,-164.1327,8.884093,-37.76124,-39.23152,-15.67201,170.76994,119.58870756923096
Poole2025,Measured,P0155,P0155,2,60,135,-30,136.3576,-23.04361,37.76124,219.23152,39.42635,210.44732,7.061427155604696
Poole2025,Measured,P0155,P0155,2,61,-135,30,-152.8995,10.62871,-37.76124,140.76848,-26.59857,168.09586,25.552555048571
Poole2025,Measured,P0155,P0155,2,62,-90,-30,-96.77840000000003,-10.749810000000023,-60.0,-90.0,-77.31283,238.13115,20.258379513758268
Poole2025,Measured,P0155,P0155,2,63,90,-30,96.88076,-18.111940000000004,60.0,-90.0,70.66614,249.88319,13.437607027505788
Poole2025,Measured,P0155,P0155,2,66,60,0,63.92823,17.63712,60.0,0.0,58.87281,35.88198,18.05570101389734
Poole2025,Measured,P0155,P0155,2,67,180,60,-0.1802258000000165,29.85838,0.0,120.0,-0.1563,29.8585,90.14149708612936
Poole2025,Measured,P0155,P0155,2,71,135,30,149.0838,13.48734,37.76124,140.76848,29.9745,164.38082,21.021977051304216
Poole2025,Measured,P0155,P0155,2,76,-30,0,-175.5047,13.3985,-30.0,0.0,-4.37271,166.56165,143.29660890810817
Poole2025,Measured,P0155,P0155,2,91,90,30,84.67274,13.87966,60.0,90.0,75.15187,69.40687,16.85350110423776
Poole2025,Measured,P0155,P0155,2,93,-90,0,-96.39177,9.644407,-90.0,0.0,-78.44654,123.22928,11.553458492290002
Poole2025,Measured,P0155,P0155,2,95,45,30,51.78566,22.81576,37.76124,39.23152,46.4045,34.21783,9.405182701773352
Poole2025,Measured,P0155,P0155,2,97,30,0,19.18938,11.00124,30.0,0.0,18.82334,11.63129,15.377049068710184
Poole2025,Measured,P0204,P0204,0,0,120,0,90.98719,0.4458725,60.0,180.0,88.9168,155.6918,29.01593798203209
Poole2025,Measured,P0204,P0204,0,7,0,30,-0.3077413999999976,-23.86644000000001,0.0,30.0,-0.28143,-23.86675,53.86725041177062
Poole2025,Measured,P0204,P0204,0,11,150,0,138.8276,0.1493534,30.0,180.0,41.17223,179.80159,11.173385554907536
Poole2025,Measured,P0204,P0204,0,12,90,30,89.39066,-0.0279764599999907,60.0,90.0,89.39002,-2.62881,30.03358331572307
Poole2025,Measured,P0204,P0204,0,18,0,0,0.1186941,-31.2894,0.0,0.0,0.10143,-31.28945,31.28960229020188
Poole2025,Measured,P0204,P0204,0,20,90,-30,89.7106,-21.890710000000013,60.0,-90.0,68.10747,-89.2798,8.113452495646987
Poole2025,Measured,P0204,P0204,0,23,-120,0,-133.5108,-25.673729999999978,-60.0,180.0,-40.81702,214.92265,28.796778849782225
Poole2025,Measured,P0204,P0204,0,29,60,0,90.09797,0.6361217,60.0,0.0,89.35638,98.75505,30.104061592728133
Poole2025,Measured,P0204,P0204,0,30,-45,-30,-42.12027999999998,-28.775680000000023,-37.76124,-39.23152,-36.00576,-36.51719,2.7917764039489694
Poole2025,Measured,P0204,P0204,0,32,0,-30,0.6731851,-36.280539999999974,0.0,-30.0,0.54267,-36.28243,6.3057269724765215
Poole2025,Measured,P0204,P0204,0,34,-90,30,-90.29807,43.80178,-60.0,90.0,-46.19741,90.3108,13.803811224851376
Poole2025,Measured,P0204,P0204,0,36,0,90,0.04423466,-29.242399999999975,0.0,90.0,0.0386,-29.24241,119.2424
Poole2025,Measured,P0204,P0204,0,37,-150,0,179.5808,-20.000839999999982,-30.0,180.0,0.39392,200.00133,35.87142170058277
Poole2025,Measured,P0204,P0204,0,39,135,-30,127.5723,-22.405939999999987,37.76124,219.23152,47.1174,214.06465,10.097494396659789
Poole2025,Measured,P0204,P0204,0,42,-135,30,-43.05268000000001,39.37976,-37.76124,140.76848,-31.84853,48.32319,72.87351557445743
Poole2025,Measured,P0204,P0204,0,46,-135,-30,179.2129,-24.477269999999976,-37.76124,219.23152,0.71636,204.47931,40.81769098298368
Poole2025,Measured,P0204,P0204,0,47,-90,0,-90.19867999999995,0.8084246,-90.0,0.0,-89.16752,103.80657,0.8324791028810667
Poole2025,Measured,P0204,P0204,0,48,45,-30,48.08939,1.208689,37.76124,-39.23152,48.07519,1.80916,31.34755408253514
Poole2025,Measured,P0204,P0204,0,49,45,30,90.68463,0.5767518,37.76124,39.23152,89.10482,139.88663,52.40948492526938
Poole2025,Measured,P0204,P0204,0,50,0,60,0.07912937,0.9147157,0.0,60.0,0.07912,0.91472,59.08531614079773
Poole2025,Measured,P0204,P0204,0,52,90,60,91.13968,-0.5410408999999845,30.0,90.0,88.73843,205.39724,60.547549131386056
Poole2025,Measured,P0204,P0204,0,57,-90,-30,-131.3774,-27.563710000000015,-60.0,-90.0,-41.69785,218.29692,36.152525886050846
Poole2025,Measured,P0204,P0204,0,62,-30,0,-44.13530000000003,34.36912,-30.0,0.0,-35.0845,43.61963,36.8292313835861
Poole2025,Measured,P0204,P0204,0,63,135,30,89.99834,-0.4937681999999768,37.76124,140.76848,89.50623,-89.80738,52.55330526972155
Poole2025,Measured,P0204,P0204,0,69,180,0,-178.7299,0.7664279,0.0,180.0,-1.26999,179.23338,1.4833979623061837
Poole2025,Measured,P0204,P0204,0,77,180,-30,179.7797,-24.850889999999993,0.0,210.0,0.1999,204.85105,5.1528170355456675
Poole2025,Measured,P0204,P0204,0,81,-60,0,-89.97856000000002,0.4780633,-60.0,0.0,-89.52146,87.4322,29.982017235500315
Poole2025,Measured,P0204,P0204,0,83,180,30,179.8322,-19.51402999999999,0.0,150.0,0.15816,199.51411,49.5142937140755
Poole2025,Measured,P0204,P0204,0,84,-90,60,-179.7224,37.5699,-30.0,90.0,-0.22003,142.42977,57.99719495382993
Poole2025,Measured,P0204,P0204,0,85,90,0,90.98338,-1.762252999999987,90.0,0.0,87.98201,240.84631,2.017985851375301
Poole2025,Measured,P0204,P0204,0,86,30,0,30.82365,0.5781073,30.0,0.0,30.82191,0.67319,1.006272503213735
Poole2025,Measured,P0204,P0204,0,88,-45,30,-46.98336999999998,34.96931,-37.76124,39.23152,-36.80921,45.7132,5.2430089497070735
Poole2025,Measured,P0204,P0204,0,98,180,60,178.8655,-38.355110000000025,0.0,120.0,0.88963,218.36058,98.35956106958584
Poole2025,Measured,P0204,P0204,1,0,0,90,-179.8972,0.06852804,0.0,90.0,-0.1028,179.93147,89.93147196000001
Poole2025,Measured,P0204,P0204,1,2,60,0,90.75875,-1.1090639999999894,60.0,0.0,88.65625,235.6267,30.776780591457104
Poole2025,Measured,P0204,P0204,1,6,135,-30,125.2419,0.3274564,37.76124,219.23152,54.75678,179.43253,31.72036084192656
Poole2025,Measured,P0204,P0204,1,9,0,30,-179.4486,-0.5482263999999759,0.0,30.0,-0.55137,180.54825,150.54355373278207
Poole2025,Measured,P0204,P0204,1,12,90,-30,90.59174,-17.185090000000002,60.0,-90.0,72.80503,268.08738,12.826303185644068
Poole2025,Measured,P0204,P0204,1,16,120,0,90.028,0.2914124,60.0,180.0,89.70725,95.4883,29.973285005394793
Poole2025,Measured,P0204,P0204,1,17,-90,60,-47.015589999999975,44.92404,-30.0,90.0,-31.19562,55.64312,29.478445039531294
Poole2025,Measured,P0204,P0204,1,19,180,0,-179.5441,0.08392937,0.0,180.0,-0.4559,179.91607,0.463560999747088
Poole2025,Measured,P0204,P0204,1,22,-90,0,-90.00234,0.5453635,-90.0,0.0,-89.45463,90.24583,0.5453685199633516
Poole2025,Measured,P0204,P0204,1,28,-150,0,-179.3442,0.0,-30.0,180.0,-0.6558,180.0,29.344199999999997
Poole2025,Measured,P0204,P0204,1,33,180,30,0.1384764,37.49548,0.0,150.0,0.10987,37.49556,112.50439554254534
Poole2025,Measured,P0204,P0204,1,35,180,60,-179.8092,-0.2609471999999755,0.0,120.0,-0.1908,180.26095,60.261130137277405
Poole2025,Measured,P0204,P0204,1,41,180,-30,180.0,-17.12734999999998,0.0,210.0,0.0,197.12735,12.872650000000029
Poole2025,Measured,P0204,P0204,1,46,-45,30,-47.83785,40.29679,-37.76124,39.23152,-34.42683,51.63562,10.553279084241876
Poole2025,Measured,P0204,P0204,1,48,90,60,52.86328,-0.3494264000000271,30.0,90.0,52.86187,-0.57878,66.83940829497551
Poole2025,Measured,P0204,P0204,1,49,0,0,-0.6783968999999956,-0.2357339999999794,0.0,0.0,-0.67839,-0.23575,0.718185404903156
Poole2025,Measured,P0204,P0204,1,54,135,30,90.89211,-0.4925777999999923,37.76124,140.76848,88.98094,208.90683,51.86538838994603
Poole2025,Measured,P0204,P0204,1,55,-135,-30,179.3306,-19.50342000000001,-37.76124,219.23152,0.63099,199.50465,42.49096964432044
Poole2025,Measured,P0204,P0204,1,56,45,30,89.89619,-1.4478030000000215,37.76124,39.23152,88.54848,-85.89968,53.08339392930069
Poole2025,Measured,P0204,P0204,1,57,0,-30,-178.938,-19.95245,0.0,-30.0,-0.99825,199.95561,130.03708481718513
Poole2025,Measured,P0204,P0204,1,62,90,0,90.40224,-1.20154500000001,90.0,0.0,88.73292,251.49372,1.267076827001213
Poole2025,Measured,P0204,P0204,1,66,30,0,49.72784,45.18446,30.0,0.0,32.53199,57.28857,48.43586473082658
Poole2025,Measured,P0204,P0204,1,67,-45,-30,-51.23995000000002,-29.961979999999983,-37.76124,-39.23152,-42.49791,-42.63835,5.404456032815188
Poole2025,Measured,P0204,P0204,1,70,-120,0,-134.8129,-0.1370560999999952,-60.0,180.0,-45.18694,180.19446,14.813519851579844
Poole2025,Measured,P0204,P0204,1,72,-60,0,-90.23711000000004,0.513962,-60.0,0.0,-89.43398,114.76501,30.241064582445222
Poole2025,Measured,P0204,P0204,1,75,-90,-30,-90.59787,-11.957359999999994,-60.0,-90.0,-78.02792,267.17925,18.051170715993557
Poole2025,Measured,P0204,P0204,1,77,150,0,137.8709,-0.0279764599999907,30.0,180.0,42.12909,180.03772,12.129131781194149
Poole2025,Measured,P0204,P0204,1,81,90,30,89.86723,0.6058724,60.0,90.0,89.37975,77.64013,29.394399015261925
Poole2025,Measured,P0204,P0204,1,84,45,-30,48.1828,1.253826,37.76124,-39.23152,48.16747,1.88011,31.401002351767445
Poole2025,Measured,P0204,P0204,1,86,-135,30,-139.7396,-1.016448000000025,-37.76124,140.76848,-40.25277,181.33187,31.344120818150433
Poole2025,Measured,P0204,P0204,1,87,-30,0,-33.780629999999974,27.65209,-30.0,0.0,-29.50554,32.22607,27.889130194716884
Poole2025,Measured,P0204,P0204,1,95,-90,30,-91.07527,32.0204,-60.0,90.0,-57.96347,91.71881,2.2206192770850945
Poole2025,Measured,P0204,P0204,1,98,0,60,0.3226406,0.6274496,0.0,60.0,0.32262,0.62746,59.3730782094276
Poole2025,Measured,P0204,P0204,2,11,0,0,-0.2340679999999793,0.0,0.0,0.0,-0.23407,0.0,0.234068000000245
Poole2025,Measured,P0204,P0204,2,12,0,30,0.8989637,33.49487,0.0,30.0,0.74967,33.49812,3.577445744484218
Poole2025,Measured,P0204,P0204,2,15,-45,-30,-39.98782,-27.614509999999996,-37.76124,-39.23152,-34.70986,-34.32329,4.997117585699391
Poole2025,Measured,P0204,P0204,2,24,0,90,180.0,-0.4772439999999847,0.0,90.0,0.0,180.47724,90.47724399999998
Poole2025,Measured,P0204,P0204,2,26,180,30,179.8231,0.1582588,0.0,150.0,0.1769,179.84174,29.84221647274143
Poole2025,Measured,P0204,P0204,2,28,90,0,90.36227,-0.0948727900000108,90.0,0.0,89.62551,194.6754,0.3744866876636309
Poole2025,Measured,P0204,P0204,2,29,-135,30,178.1964,0.5271187,-37.76124,140.76848,1.80352,179.47262,53.31820639013086
Poole2025,Measured,P0204,P0204,2,30,-45,30,-48.027289999999994,41.73676,-37.76124,39.23152,-33.69562,53.14296,11.988123838454774
Poole2025,Measured,P0204,P0204,2,42,-135,-30,179.2444,-18.677430000000015,-37.76124,219.23152,0.71581,198.67894,42.90007843524795
Poole2025,Measured,P0204,P0204,2,43,90,-30,90.04584,-0.1083524000000011,60.0,-90.0,89.88235,247.06855,29.89167946558151
Poole2025,Measured,P0204,P0204,2,46,-150,0,-179.9374,-26.51425999999998,-30.0,180.0,-0.05602,206.51427,39.15614161654174
Poole2025,Measured,P0204,P0204,2,49,30,0,38.49464,-0.0906540899999868,30.0,0.0,38.49458,-0.11583,8.495120163428833
Poole2025,Measured,P0204,P0204,2,54,180,-30,-179.1551,-20.169730000000015,0.0,210.0,-0.79308,200.17175,9.859886847065235
Poole2025,Measured,P0204,P0204,2,55,180,60,-179.0904,0.6119779,0.0,120.0,-0.90955,179.38794,59.39221636317758
Poole2025,Measured,P0204,P0204,2,56,45,30,89.25796,0.4173099,37.76124,39.23152,89.14867,29.35373,51.400193967406835
Poole2025,Measured,P0204,P0204,2,63,-90,-30,-91.02517999999998,-21.311390000000017,-60.0,-90.0,-68.66511,267.37407,8.737456500823441
Poole2025,Measured,P0204,P0204,2,64,135,-30,89.85027,-21.904539999999997,37.76124,219.23152,68.09497,-89.62763,41.13103655075908
Poole2025,Measured,P0204,P0204,2,65,0,60,-1.332073999999977,51.56175,0.0,60.0,-0.82807,51.56929,8.470985643228348
Poole2025,Measured,P0204,P0204,2,66,135,30,90.24068,0.4256662,37.76124,140.76848,89.511,119.48414,51.78332889960149
Poole2025,Measured,P0204,P0204,2,69,0,-30,0.0,0.4660423,0.0,-30.0,0.0,0.46604,30.466042300000005
Poole2025,Measured,P0204,P0204,2,72,-60,0,-90.28323999999998,-0.0279764599999907,-60.0,0.0,-89.71538,185.641,30.283251696322857
Poole2025,Measured,P0204,P0204,2,73,-120,0,-89.86759999999998,0.4302385,-60.0,180.0,-89.54985,72.89529,30.13518286252286
Poole2025,Measured,P0204,P0204,2,81,120,0,89.18961,-1.0651429999999775,60.0,180.0,88.66165,-52.73923,30.826987121364507
Poole2025,Measured,P0204,P0204,2,83,60,0,90.19698,-0.1713202000000251,60.0,0.0,89.73894,221.01473,30.197420129651075
Poole2025,Measured,P0204,P0204,2,84,90,30,90.3642,-0.1266688000000044,60.0,90.0,89.6144,199.17783,30.12866596318138
Poole2025,Measured,P0204,P0204,2,85,45,-30,40.75474,-0.1467097999999964,37.76124,-39.23152,40.75458,-0.19367,30.125657584720727
Poole2025,Measured,P0204,P0204,2,88,150,0,140.7559,-21.95859999999999,30.0,180.0,35.92539,207.50167,23.736071125298263
Poole2025,Measured,P0204,P0204,2,91,-90,60,-39.15296999999998,42.09431,-30.0,90.0,-27.93829,49.35743,35.43212632123125
Poole2025,Measured,P0204,P0204,2,92,-90,0,-90.29757999999998,0.3906707,-90.0,0.0,-89.5089,127.29654,0.49109681315286
Poole2025,Measured,P0204,P0204,2,93,-30,0,-38.544010000000014,30.09879,-30.0,0.0,-32.62212,36.54286,31.178291097966344
Poole2025,Measured,P0204,P0204,2,95,180,0,179.4593,0.6100564,0.0,180.0,0.54067,179.38992,0.8151774364930252
Poole2025,Measured,P0204,P0204,2,96,-90,30,-88.67878999999999,44.82102,-60.0,90.0,-45.16365,88.67087,14.857555549418338
Poole2025,Measured,P0204,P0204,2,97,90,60,90.68636,-0.7162784000000215,30.0,90.0,89.00797,226.22411,60.71863484313733
Poole2025,Measured,P0213,P0213,0,1,-60,0,-88.31950999999998,-0.8711056000000212,-60.0,0.0,-88.10721,-27.40576,28.331795676192417
Poole2025,Measured,P0213,P0213,0,2,-135,30,-125.0908,0.3800071,-37.76124,140.76848,-54.90741,179.33899,31.084900191771563
Poole2025,Measured,P0213,P0213,0,6,120,0,90.79614,20.14305,60.0,180.0,69.84188,92.16939,34.96526537640679
Poole2025,Measured,P0213,P0213,0,15,-135,-30,-130.0721,-23.933539999999994,-37.76124,219.23152,-44.38189,214.58464,7.487181570126221
Poole2025,Measured,P0213,P0213,0,19,90,-30,89.3305,-19.941340000000025,60.0,-90.0,70.04788,-88.15537,10.076875799668832
Poole2025,Measured,P0213,P0213,0,23,-90,-30,-90.63973,-0.9775877999999808,-60.0,-90.0,-88.83171,236.8025,29.028785767827067
Poole2025,Measured,P0213,P0213,0,24,45,-30,99.70331,-0.1769386999999938,37.76124,-39.23152,80.29509,181.04968,59.871551342543405
Poole2025,Measured,P0213,P0213,0,26,60,0,90.79653,-0.2832402999999885,60.0,0.0,89.15461,199.57575,30.797704560747583
Poole2025,Measured,P0213,P0213,0,28,0,30,-0.2927521999999953,59.58648,0.0,30.0,-0.1482,59.58681,29.587144097261728
Poole2025,Measured,P0213,P0213,0,29,0,-30,179.05,18.64934,0.0,-30.0,0.90011,161.34827,168.61655170365464
Poole2025,Measured,P0213,P0213,0,31,-30,0,-65.80541,-23.520969999999977,-30.0,0.0,-56.75889,-46.7223,41.95885199326555
Poole2025,Measured,P0213,P0213,0,32,45,30,88.43262,24.4245,37.76124,39.23152,65.52834,86.55325,38.79811607610777
Poole2025,Measured,P0213,P0213,0,33,90,60,89.9072,24.90444,30.0,90.0,65.0954,89.80012,35.095619279117585
Poole2025,Measured,P0213,P0213,0,36,180,0,-179.8022,-0.1266688000000044,0.0,180.0,-0.1978,180.12667,0.2348824411312388
Poole2025,Measured,P0213,P0213,0,40,135,-30,139.0141,-20.60048999999998,37.76124,219.23152,37.87454,206.47083,10.073259431953495
Poole2025,Measured,P0213,P0213,0,43,-45,30,-50.65052000000003,23.1307,-37.76124,39.23152,-45.32683,33.96882,8.524794332532764
Poole2025,Measured,P0213,P0213,0,49,180,-30,-177.6262,-19.15960000000001,0.0,210.0,-2.24224,199.17485,11.05221473336767
Poole2025,Measured,P0213,P0213,0,54,-90,0,-90.86946999999998,-0.2719624999999723,-90.0,0.0,-89.08899,197.36997,0.9110082352337124
Poole2025,Measured,P0213,P0213,0,55,-90,30,-54.93294000000003,27.68628,-60.0,90.0,-46.44957,42.40457,30.685361514746443
Poole2025,Measured,P0213,P0213,0,57,150,0,156.0299,0.4784724,30.0,180.0,23.96921,179.47637,6.048783679660549
Poole2025,Measured,P0213,P0213,0,59,-120,0,-91.58769999999998,0.7527748,-60.0,180.0,-88.24292,154.62889,28.42143965257153
Poole2025,Measured,P0213,P0213,0,60,0,60,1.111708,49.9435,0.0,60.0,0.71541,49.94881,10.076353928714113
Poole2025,Measured,P0213,P0213,0,61,90,0,89.85799,-31.275689999999997,90.0,0.0,58.72402,-89.76621,31.275979726355
Poole2025,Measured,P0213,P0213,0,71,90,30,88.80862,0.5546138,60.0,90.0,88.68587,24.96529,29.46719791886127
Poole2025,Measured,P0213,P0213,0,75,180,60,178.9292,49.83159,0.0,120.0,0.69068,130.16348,10.186672985415417
Poole2025,Measured,P0213,P0213,0,78,135,30,91.23051,5.302268,37.76124,140.76848,84.55722,103.02848,48.01694383322809
Poole2025,Measured,P0213,P0213,0,82,0,0,62.48799,86.97233,0.0,0.0,2.68502,88.60039,88.60192674126121
Poole2025,Measured,P0213,P0213,0,84,-150,0,-128.6103,0.7470343,-30.0,180.0,-51.3836,178.80297,21.40212972158917
Poole2025,Measured,P0213,P0213,0,88,180,30,-2.1601200000000063,73.53556,0.0,150.0,-0.61209,73.54663,76.45416088332084
Poole2025,Measured,P0213,P0213,0,89,-90,60,-38.25146999999998,-25.401400000000024,-30.0,90.0,-34.00472,-31.161,95.27046377152487
Poole2025,Measured,P0213,P0213,0,91,30,0,93.25257,-29.143039999999985,30.0,0.0,60.69186,264.18973,66.8534693832976
Poole2025,Measured,P0213,P0213,0,93,-45,-30,-49.90078,-29.99131,-37.76124,-39.23152,-41.49135,-41.86146,4.244071127651313
Poole2025,Measured,P0213,P0213,0,94,0,90,-0.3737770000000182,65.03746,0.0,90.0,-0.15774,65.03793,24.962540000000004
Poole2025,Measured,P0213,P0213,1,4,180,60,30.28931,-1.0871460000000184,0.0,120.0,30.28329,-1.25896,116.62174056126518
Poole2025,Measured,P0213,P0213,1,7,180,-30,-179.8733,0.8393012,0.0,210.0,-0.12669,179.1607,30.839537834084044
Poole2025,Measured,P0213,P0213,1,8,150,0,132.9852,-26.79584,30.0,180.0,40.76644,216.52892,31.40031576148988
Poole2025,Measured,P0213,P0213,1,13,0,30,-4.224613999999974,50.41185,0.0,30.0,-2.69075,50.48839,20.65678735766072
Poole2025,Measured,P0213,P0213,1,14,-45,-30,-91.44277,-32.34838000000002,-37.76124,-39.23152,-57.62295,267.72346,39.49485271999116
Poole2025,Measured,P0213,P0213,1,15,135,-30,134.3828,-29.14494999999999,37.76124,219.23152,38.62327,218.56287,1.0095801681567058
Poole2025,Measured,P0213,P0213,1,18,45,30,58.48998,-0.4869846999999936,37.76124,39.23152,58.4866,-0.93171,33.08598360801162
Poole2025,Measured,P0213,P0213,1,22,-90,30,-64.24261999999999,-0.0948727900000108,-60.0,90.0,-64.24246,-0.21832,38.817175092558294
Poole2025,Measured,P0213,P0213,1,23,-30,0,-48.64728000000002,-32.55531000000002,-30.0,0.0,-39.25017,-44.01816,37.00093464017185
Poole2025,Measured,P0213,P0213,1,24,-135,30,-124.0134,-0.5471545999999989,-37.76124,140.76848,-55.98273,180.97807,32.291705098562495
Poole2025,Measured,P0213,P0213,1,35,-90,60,-49.46046999999999,-29.146770000000004,-30.0,90.0,-41.58482,-40.62889,95.15971451575528
Poole2025,Measured,P0213,P0213,1,36,30,0,90.46285,1.906083,30.0,0.0,88.03855,103.64384,60.48081185522541
Poole2025,Measured,P0213,P0213,1,44,45,-30,89.87822,19.85626,37.76124,-39.23152,70.14338,89.66279,65.96105121173161
Poole2025,Measured,P0213,P0213,1,48,90,30,127.0991,2.987144,60.0,90.0,52.79808,175.05562,44.28680515143007
Poole2025,Measured,P0213,P0213,1,51,90,-30,92.74054,-25.57334000000003,60.0,-90.0,64.29007,264.29433,5.046587372128313
Poole2025,Measured,P0213,P0213,1,56,120,0,94.26105,-2.059566000000018,60.0,180.0,85.26814,205.82705,25.81561695591425
Poole2025,Measured,P0213,P0213,1,57,135,30,175.3181,51.37886,37.76124,140.76848,2.9203,128.52779,36.60250555551557
Poole2025,Measured,P0213,P0213,1,58,90,0,91.07181,-1.1519910000000095,90.0,0.0,88.42656,227.07047,1.573437362501078
Poole2025,Measured,P0213,P0213,1,59,-135,-30,-126.9784,-27.358330000000024,-37.76124,219.23152,-45.19502,220.70246,7.514634959856119
Poole2025,Measured,P0213,P0213,1,60,-120,0,-96.18819000000002,-0.582490899999982,-60.0,180.0,-83.78456,185.38797,23.818518594949655
Poole2025,Measured,P0213,P0213,1,62,-150,0,-148.4995,-22.032719999999983,-30.0,180.0,-28.96972,205.39065,22.081217289627812
Poole2025,Measured,P0213,P0213,1,65,0,90,3.157465,45.33657,0.0,90.0,2.21894,45.38009,44.66343
Poole2025,Measured,P0213,P0213,1,66,-90,-30,-76.04975000000002,-31.96251000000001,-60.0,-90.0,-55.42374,-68.87497,12.111031902313062
Poole2025,Measured,P0213,P0213,1,69,180,0,179.1289,-20.692970000000003,0.0,180.0,0.8149,200.69516,20.710493454605295
Poole2025,Measured,P0213,P0213,1,73,-60,0,-60.31718000000001,-2.481281000000024,-60.0,0.0,-60.22307,-5.00108,2.501458705064012
Poole2025,Measured,P0213,P0213,1,74,-45,30,-35.53775000000002,37.95776,-37.76124,39.23152,-27.27659,43.7911,11.16314163034538
Poole2025,Measured,P0213,P0213,1,75,0,0,-178.9384,35.98784,0.0,0.0,-0.85897,144.00748,143.99861999212237
Poole2025,Measured,P0213,P0213,1,76,180,30,164.5223,43.24039,0.0,150.0,11.21003,135.70241,18.09586017558056
Poole2025,Measured,P0213,P0213,1,77,0,-30,176.4693,25.36697,0.0,-30.0,3.18991,154.59087,174.4116393695685
Poole2025,Measured,P0213,P0213,1,84,60,0,55.56456,0.8536337,60.0,0.0,55.55529,1.50934,4.516676018635204
Poole2025,Measured,P0213,P0213,1,86,0,60,0.0,26.31046,0.0,60.0,0.0,26.31046,33.689539999999994
Poole2025,Measured,P0213,P0213,1,95,90,60,74.93079,39.37339,30.0,90.0,48.28343,72.4212,22.69009832364957
Poole2025,Measured,P0213,P0213,1,98,-90,0,-91.23523999999998,3.197574,-90.0,0.0,-86.57236,111.10032,3.42763954989712
Poole2025,Measured,P0213,P0213,2,1,90,60,89.5947,0.1735894,30.0,90.0,89.55909,23.18562,59.82723968040427
Poole2025,Measured,P0213,P0213,2,9,-45,-30,-91.36786999999998,-32.22834,-37.76124,-39.23152,-57.74577,267.83148,39.45196149784512
Poole2025,Measured,P0213,P0213,2,11,180,60,3.481497,52.18775,0.0,120.0,2.1336,52.239,67.77723968051376
Poole2025,Measured,P0213,P0213,2,12,90,0,92.19306,1.088045,90.0,0.0,87.55199,153.60425,2.448014681663244
Poole2025,Measured,P0213,P0213,2,18,45,30,88.97594,-0.5675175999999738,37.76124,39.23152,88.82921,-28.9966,51.812561168305045
Poole2025,Measured,P0213,P0213,2,19,90,-30,90.6768,-28.84258,60.0,-90.0,61.15016,268.77129,1.2988932812900391
Poole2025,Measured,P0213,P0213,2,20,0,-30,-179.4774,-0.2255534999999895,0.0,-30.0,-0.5226,180.22556,149.77034666916853
Poole2025,Measured,P0213,P0213,2,24,45,-30,133.4057,-27.40893,37.76124,-39.23152,40.16203,217.03915,75.43021405883675
Poole2025,Measured,P0213,P0213,2,26,-30,0,-51.727329999999995,0.3815487,-30.0,0.0,-51.72572,0.61598,21.73051776295726
Poole2025,Measured,P0213,P0213,2,29,0,30,-11.728690000000029,64.10556,0.0,30.0,-5.0931,64.57741,34.9042512649627
Poole2025,Measured,P0213,P0213,2,33,135,30,137.2737,-22.28674000000001,37.76124,140.76848,38.88885,209.1586,52.33241866819809
Poole2025,Measured,P0213,P0213,2,37,-90,30,-88.66110000000003,-0.2502291999999784,-60.0,90.0,-88.63792,-10.58699,30.277109681095855
Poole2025,Measured,P0213,P0213,2,38,180,-30,-176.965,-1.0368429999999762,0.0,210.0,-3.0345,181.0383,29.106532673318252
Poole2025,Measured,P0213,P0213,2,40,-135,-30,-137.682,-27.14222000000001,-37.76124,219.23152,-36.80583,214.73443,3.7030255081651817
Poole2025,Measured,P0213,P0213,2,42,30,0,90.66969,26.14009,30.0,0.0,63.85194,91.3643,63.912561877544064
Poole2025,Measured,P0213,P0213,2,43,-150,0,-153.6333,-3.22032999999999,-30.0,180.0,-26.32186,183.59331,4.853605550735758
Poole2025,Measured,P0213,P0213,2,45,90,30,91.01714,1.56698,60.0,90.0,88.13191,122.98005,28.449430592012657
Poole2025,Measured,P0213,P0213,2,46,-135,30,-123.53230000000002,21.26991,-37.76124,140.76848,-50.96788,144.82781,13.516302570487468
Poole2025,Measured,P0213,P0213,2,50,150,0,148.5972,-0.9809847000000218,30.0,180.0,31.39767,181.14929,1.7117203402997012
Poole2025,Measured,P0213,P0213,2,55,-120,0,-93.53796,-2.8977970000000255,-60.0,180.0,-85.42794,219.36131,26.608851290860784
Poole2025,Measured,P0213,P0213,2,60,0,0,176.1648,50.34767,0.0,0.0,2.44626,129.58923,129.54606662564274
Poole2025,Measured,P0213,P0213,2,64,180,0,179.9604,-0.3511022999999795,0.0,180.0,0.0396,180.3511,0.3533284101752937
Poole2025,Measured,P0213,P0213,2,66,135,-30,133.4429,-27.92838999999998,37.76124,219.23152,39.90365,217.62927,2.479340317251096
Poole2025,Measured,P0213,P0213,2,69,60,0,89.51272,0.191797,60.0,0.0,89.47633,21.48527,29.51328710020903
Poole2025,Measured,P0213,P0213,2,70,-45,30,-91.65087,-0.4039677000000097,-37.76124,39.23152,-88.30044,193.75213,53.776520099832624
Poole2025,Measured,P0213,P0213,2,77,0,90,89.85344,-3.863712000000021,0.0,90.0,86.13351,-87.83097,93.86371200000002
Poole2025,Measured,P0213,P0213,2,82,0,60,-1.7262380000000237,38.05325,0.0,60.0,-1.35923,38.06587,21.97412599446259
Poole2025,Measured,P0213,P0213,2,87,-60,0,-54.69882000000001,-0.4219727000000262,-60.0,0.0,-54.69663,-0.73019,5.31790014593445
Poole2025,Measured,P0213,P0213,2,88,180,30,166.2744,-12.539240000000008,0.0,150.0,13.39204,192.89569,44.54714657934103
Poole2025,Measured,P0213,P0213,2,90,-90,0,-93.38232,0.3753442,-90.0,0.0,-86.59694,173.66392,3.40305864774726
Poole2025,Measured,P0213,P0213,2,92,120,0,92.78644,-30.24675000000002,60.0,180.0,59.63728,265.23429,39.80377187983266
Poole2025,Measured,P0213,P0213,2,97,-90,-30,-91.89961,-33.55923999999999,-60.0,-90.0,-56.39332,267.13934,3.908191934620019
Poole2025,Measured,P0213,P0213,2,98,-90,60,-0.2502291999999784,37.68071,-30.0,90.0,-0.19804,37.68097,57.9205011417356
Poole2025,Measured,P0224,P0224,0,2,-30,0,-0.2914124000000129,-0.1046782999999891,-30.0,0.0,-0.29141,-0.10468,29.708755185475372
Poole2025,Measured,P0224,P0224,0,14,0,-30,150.4335,-23.813710000000015,0.0,-30.0,26.83508,206.90377,119.15951826255188
Poole2025,Measured,P0224,P0224,0,20,-135,30,-50.10079999999999,36.34847,-37.76124,140.76848,-38.16315,48.92242,69.00032456834587
Poole2025,Measured,P0224,P0224,0,21,90,60,66.17285,36.8881,30.0,90.0,47.02408,61.70722,27.66771017959116
Poole2025,Measured,P0224,P0224,0,22,0,30,56.60069,67.04458,0.0,30.0,19.00227,76.87563,49.73432420070784
Poole2025,Measured,P0224,P0224,0,29,-60,0,-55.08873,0.7027649,-60.0,0.0,-55.08256,1.22782,4.96117338077152
Poole2025,Measured,P0224,P0224,0,32,-135,-30,-142.2414,-26.49538000000001,-37.76124,219.23152,-33.23145,212.2319,7.275880062629205
Poole2025,Measured,P0224,P0224,0,38,120,0,90.42222,0.2255535,60.0,180.0,89.52131,151.88815,29.578562211496266
Poole2025,Measured,P0224,P0224,0,39,90,30,89.92308,0.2130625,60.0,90.0,89.77348,70.14945,29.78702751029535
Poole2025,Measured,P0224,P0224,0,40,45,-30,61.78409,-21.21314000000001,37.76124,-39.23152,55.23169,-39.38406,17.47074816182806
Poole2025,Measured,P0224,P0224,0,41,-90,60,-31.92219,42.46236,-30.0,90.0,-22.95964,47.15441,38.766884807897235
Poole2025,Measured,P0224,P0224,0,42,135,-30,119.6827,-28.816660000000013,37.76124,219.23152,49.56983,228.0084,13.38586257456777
Poole2025,Measured,P0224,P0224,0,44,45,30,45.10804,22.62514,37.76124,39.23152,40.8377,30.56283,7.375494334611993
Poole2025,Measured,P0224,P0224,0,48,135,30,61.6583,0.6864257,37.76124,140.76848,61.65068,1.44569,75.27203803794914
Poole2025,Measured,P0224,P0224,0,50,0,60,2.714114,48.53925,0.0,60.0,1.79666,48.57116,11.567346292657788
Poole2025,Measured,P0224,P0224,0,54,0,0,20.95915,-14.970190000000002,0.0,0.0,20.2161,-15.97837,25.558979833127513
Poole2025,Measured,P0224,P0224,0,55,0,90,20.362,22.46963,0.0,90.0,18.75576,23.80513,67.53036999999999
Poole2025,Measured,P0224,P0224,0,57,-45,30,-32.043920000000014,27.36875,-37.76124,39.23152,-28.11096,31.41262,11.659359403906466
Poole2025,Measured,P0224,P0224,0,59,150,0,123.0602,-18.51549,30.0,180.0,52.62845,211.54586,32.29183808249378
Poole2025,Measured,P0224,P0224,0,61,90,-30,91.84277,-26.71735000000001,60.0,-90.0,63.22384,266.34442,3.6611540066404697
Poole2025,Measured,P0224,P0224,0,62,180,60,-0.8296872000000235,30.12394,0.0,120.0,-0.71762,30.12655,89.87346207571552
Poole2025,Measured,P0224,P0224,0,65,60,0,89.043,1.081732,60.0,0.0,88.55574,48.50576,29.061383495876633
Poole2025,Measured,P0224,P0224,0,66,-45,-30,-49.392499999999984,25.80711,-37.76124,-39.23152,-43.11528,36.61081,55.965587389064794
Poole2025,Measured,P0224,P0224,0,68,-150,0,-141.8922,-23.721900000000005,-30.0,180.0,-34.40228,209.18164,24.993206284400657
Poole2025,Measured,P0224,P0224,0,70,180,30,98.77774,81.17038,0.0,150.0,8.72539,91.35793,59.04529650988746
Poole2025,Measured,P0224,P0224,0,73,30,0,40.21758,0.7525149,30.0,0.0,40.2134,0.98545,10.244959932346632
Poole2025,Measured,P0224,P0224,0,74,-120,0,-90.04464000000002,1.442251,-60.0,180.0,-88.55706,91.77246,29.986840497542033
Poole2025,Measured,P0224,P0224,0,78,90,0,89.17672,0.3620769,90.0,0.0,89.10062,23.74081,0.8993779056635406
Poole2025,Measured,P0224,P0224,0,79,-90,30,-57.629970000000014,41.24278,-60.0,90.0,-39.42593,58.58989,28.40331180937155
Poole2025,Measured,P0224,P0224,0,80,-90,-30,-92.55611,-16.760040000000004,-60.0,-90.0,-73.05169,261.5764,13.444809518217848
Poole2025,Measured,P0224,P0224,0,84,-90,0,-88.37527,-0.5764125000000035,-90.0,0.0,-88.27608,-19.53641,1.7239228178165351
Poole2025,Measured,P0224,P0224,0,90,180,0,175.0114,20.69351,0.0,180.0,4.66602,159.23451,21.260652505195782
Poole2025,Measured,P0224,P0224,0,98,180,-30,179.9802,11.05535,0.0,210.0,0.01943,168.94465,41.05535442739323
Poole2025,Measured,P0224,P0224,1,6,120,0,86.62949,0.165511,60.0,180.0,86.62543,2.81291,33.37087295302304
Poole2025,Measured,P0224,P0224,1,8,-135,-30,-128.8612,-27.800149999999977,-37.76124,219.23152,-43.53473,220.04083,5.805959358908069
Poole2025,Measured,P0224,P0224,1,9,-90,0,-90.70137,1.145005,-90.0,0.0,-88.65728,121.48542,1.342717706522468
Poole2025,Measured,P0224,P0224,1,12,0,60,173.0906,89.20147,0.0,60.0,0.09606,90.79273,30.792866634304627
Poole2025,Measured,P0224,P0224,1,13,135,-30,118.1467,-27.104919999999993,37.76124,219.23152,51.71181,227.33486,15.06906430343848
Poole2025,Measured,P0224,P0224,1,15,-135,30,-41.6481,37.60049,-37.76124,140.76848,-31.77033,45.86377,74.6355069959994
Poole2025,Measured,P0224,P0224,1,18,-150,0,-161.7863,-0.2255534999999895,-30.0,180.0,-18.21355,180.23745,11.788427479076208
Poole2025,Measured,P0224,P0224,1,20,135,30,55.60207,-15.418439999999975,37.76124,140.76848,52.69657,-26.0208,88.81563847515099
Poole2025,Measured,P0224,P0224,1,22,-45,-30,-50.327639999999974,38.24203,-37.76124,-39.23152,-37.19508,50.99135,68.42318553381197
Poole2025,Measured,P0224,P0224,1,29,30,0,39.1222,1.01085,30.0,0.0,39.11495,1.30288,9.177565138793575
Poole2025,Measured,P0224,P0224,1,33,180,0,177.5906,0.82377,0.0,180.0,2.40915,179.1755,2.546253191895126
Poole2025,Measured,P0224,P0224,1,34,150,0,114.2528,-0.1235406999999782,30.0,180.0,65.7469,180.30076,35.747385029403716
Poole2025,Measured,P0224,P0224,1,36,180,-30,151.6098,-17.82188000000002,0.0,210.0,26.91428,200.07419,28.557501938074033
Poole2025,Measured,P0224,P0224,1,37,60,0,75.56476,0.0,60.0,0.0,75.56476,0.0,15.56476000000003
Poole2025,Measured,P0224,P0224,1,41,90,-30,75.03493,-21.015409999999974,60.0,-90.0,64.39879,-56.09211,16.196337160354012
Poole2025,Measured,P0224,P0224,1,45,0,30,5.528893,49.11898,0.0,30.0,3.61539,49.25115,19.575032965357575
Poole2025,Measured,P0224,P0224,1,46,-45,30,-44.81315999999998,43.90548,-37.76124,39.23152,-30.51711,53.60816,13.90627093087781
Poole2025,Measured,P0224,P0224,1,47,180,60,132.8921,88.03834,0.0,120.0,1.43705,91.33542,28.6975216526448
Poole2025,Measured,P0224,P0224,1,53,180,30,17.0079,86.00545,0.0,150.0,1.16755,86.17962,63.82622319320651
Poole2025,Measured,P0224,P0224,1,56,-120,0,-91.58968,-0.5297107999999753,-60.0,180.0,-88.32441,198.43172,28.414846354103567
Poole2025,Measured,P0224,P0224,1,60,-90,30,-59.121519999999975,33.30997,-60.0,90.0,-45.8284,52.00999,26.39556850693497
Poole2025,Measured,P0224,P0224,1,62,-60,0,-46.10091,1.377856,-60.0,0.0,-46.0837,1.98672,13.965879896414258
Poole2025,Measured,P0224,P0224,1,65,-90,-30,-57.15976999999998,1.551669,-60.0,-90.0,-57.12723,2.85961,44.45371479640721
Poole2025,Measured,P0224,P0224,1,70,90,0,90.21315,-0.1823843000000238,90.0,0.0,89.71947,220.5525,0.2805295027830136
Poole2025,Measured,P0224,P0224,1,72,45,30,73.66624,29.2802,37.76124,39.23152,56.82829,63.36367,24.860601931524112
Poole2025,Measured,P0224,P0224,1,77,-30,0,-20.13236999999998,1.190254,-30.0,0.0,-20.12784,1.26769,9.93845015279438
Poole2025,Measured,P0224,P0224,1,81,45,-30,66.58691,-13.371680000000026,37.76124,-39.23152,63.22549,-30.88914,25.961890138277507
Poole2025,Measured,P0224,P0224,1,85,90,30,82.25585,-13.578120000000013,60.0,90.0,74.40484,-60.84194,44.212584074969506
Poole2025,Measured,P0224,P0224,1,89,-90,60,-29.498289999999997,36.7755,-30.0,90.0,-23.22883,40.65427,44.30143653253218
Poole2025,Measured,P0224,P0224,1,90,0,-30,48.67702,64.91633,0.0,-30.0,18.56496,72.82472,102.1468850882602
Poole2025,Measured,P0224,P0224,1,93,0,0,0.598071,-0.8042993000000251,0.0,0.0,0.59801,-0.80434,1.0022787983400432
Poole2025,Measured,P0224,P0224,1,97,0,90,177.9764,89.02808,0.0,90.0,0.03432,90.97131,0.9719200000001708
Poole2025,Measured,P0224,P0224,1,98,90,60,87.97038,59.35339,30.0,90.0,30.62532,88.79788,1.2115892801012895
Poole2025,Measured,P0224,P0224,2,1,180,-30,-178.6785,0.6006827,0.0,210.0,-1.32143,179.39916,30.626597110298388
Poole2025,Measured,P0224,P0224,2,3,90,-30,90.72836,-19.093090000000014,60.0,-90.0,70.89354,267.8968,10.92691527612748
Poole2025,Measured,P0224,P0224,2,4,-120,0,-90.40426000000002,22.39977,-60.0,180.0,-67.59677,90.98072,36.49359303346715
Poole2025,Measured,P0224,P0224,2,14,-90,60,-23.544089999999983,31.48819,-30.0,90.0,-19.91551,33.74838,51.489220721834826
Poole2025,Measured,P0224,P0224,2,17,135,30,52.4276,13.919,37.76124,140.76848,50.29203,22.11836,76.7652338195622
Poole2025,Measured,P0224,P0224,2,18,150,0,116.1598,-0.2893910000000232,30.0,180.0,63.83871,180.65638,33.84129003045227
Poole2025,Measured,P0224,P0224,2,24,45,-30,60.96522,-22.432849999999977,37.76124,-39.23152,53.91682,-40.38521,16.174998021558636
Poole2025,Measured,P0224,P0224,2,25,90,60,63.9292,28.09233,30.0,90.0,52.41305,50.53398,36.484257415749454
Poole2025,Measured,P0224,P0224,2,27,135,-30,118.2842,-26.842139999999972,37.76124,219.23152,51.78788,226.88292,15.021394371839154
Poole2025,Measured,P0224,P0224,2,28,-90,30,-56.71899000000002,36.60131,-60.0,90.0,-42.15476,53.5411,28.436917737330266
Poole2025,Measured,P0224,P0224,2,29,180,0,-178.8419,1.31641,0.0,180.0,-1.15779,178.68332,1.753252658794467
Poole2025,Measured,P0224,P0224,2,31,90,30,69.84997,1.386069,60.0,90.0,69.80433,4.01785,34.424082657370924
Poole2025,Measured,P0224,P0224,2,32,180,30,-42.79210999999998,89.32108,0.0,150.0,-0.46121,89.50178,60.499268467696226
Poole2025,Measured,P0224,P0224,2,38,0,30,163.5734,57.26039,0.0,30.0,8.79719,121.66302,91.64344669904776
Poole2025,Measured,P0224,P0224,2,41,30,0,39.03341,-16.593819999999994,30.0,0.0,37.12425,-20.9883,18.832398187860736
Poole2025,Measured,P0224,P0224,2,45,-30,0,-26.31763000000001,18.89712,-30.0,0.0,-24.79995,20.9021,19.23968765241431
Poole2025,Measured,P0224,P0224,2,49,90,0,91.59903,-0.2654082000000244,90.0,0.0,88.3791,189.42535,1.620901034661263
Poole2025,Measured,P0224,P0224,2,56,0,90,8.772859,60.92057,0.0,90.0,4.25106,61.20608,29.079429999999995
Poole2025,Measured,P0224,P0224,2,57,120,0,90.75034,-2.420749999999998,60.0,180.0,87.46569,252.78867,29.340832404714117
Poole2025,Measured,P0224,P0224,2,59,60,0,83.99301,0.1493534,60.0,0.0,83.99116,1.42688,23.99344735399668
Poole2025,Measured,P0224,P0224,2,66,-45,-30,-72.46841,44.67655,-37.76124,-39.23152,-42.69208,73.05654,78.76441586542938
Poole2025,Measured,P0224,P0224,2,68,-60,0,-58.22672,5.478044,-60.0,0.0,-57.80672,10.32214,5.757073904748848
Poole2025,Measured,P0224,P0224,2,69,0,0,16.12218,-0.9464671000000068,0.0,0.0,16.11992,-0.98521,16.149201817058504
Poole2025,Measured,P0224,P0224,2,73,-45,30,-31.011649999999975,24.84085,-37.76124,39.23152,-27.87499,28.37508,13.4328513670082
Poole2025,Measured,P0224,P0224,2,76,-135,30,-53.805290000000014,51.21034,-37.76124,140.76848,-30.36887,64.60987,61.785428473808054
Poole2025,Measured,P0224,P0224,2,78,180,60,5.186745,72.86129,0.0,120.0,1.52656,72.92738,47.091532975183206
Poole2025,Measured,P0224,P0224,2,82,-90,0,-89.73442,-1.5036309999999844,-90.0,0.0,-88.4731,-79.98569,1.526899711035535
Poole2025,Measured,P0224,P0224,2,84,-135,-30,-155.2487,-29.003809999999987,-37.76124,219.23152,-21.47976,211.40316,17.62852858556733
Poole2025,Measured,P0224,P0224,2,87,-150,0,-156.0876,16.88196,-30.0,180.0,-22.82211,161.63518,17.91591354255134
Poole2025,Measured,P0224,P0224,2,90,45,30,45.85103,18.61412,37.76124,39.23152,42.84341,25.80651,11.412125237438252
Poole2025,Measured,P0224,P0224,2,91,-90,-30,-58.15287999999998,-19.168510000000023,-60.0,-90.0,-53.3563,-33.37703,30.79102955455039
Poole2025,Measured,P0224,P0224,2,94,0,60,2.319169,61.23435,0.0,60.0,1.11582,61.25415,1.67861241573256
Poole2025,Measured,P0224,P0224,2,95,0,-30,140.3669,89.53516,0.0,-30.0,0.29651,90.358,120.35754797896622
Poole2025,Measured,P0225,P0225,0,0,135,30,138.6026,25.90463,37.76124,140.76848,36.50082,147.07923,5.185603631284802
Poole2025,Measured,P0225,P0225,0,4,-90,0,-149.1429,-23.609050000000025,-90.0,0.0,-28.03227,206.98281,61.967731699356165
Poole2025,Measured,P0225,P0225,0,5,-45,30,-128.613,31.80064,-37.76124,39.23152,-41.61206,135.18491,69.79619975375338
Poole2025,Measured,P0225,P0225,0,9,-90,60,-91.07927999999998,50.92059,-30.0,90.0,-39.07116,90.87634,9.09969104321889
Poole2025,Measured,P0225,P0225,0,13,-120,0,-112.7724,0.7238871,-60.0,180.0,-67.21671,178.1304,7.26356880824702
Poole2025,Measured,P0225,P0225,0,16,45,-30,138.4542,0.8187665,37.76124,-39.23152,41.54062,178.90607,93.40067355318142
Poole2025,Measured,P0225,P0225,0,19,-90,30,-92.76929,40.45286,-60.0,90.0,-49.46873,93.2431,10.69317035681346
Poole2025,Measured,P0225,P0225,0,22,180,-30,179.6088,0.5352231,0.0,210.0,0.39118,179.46476,30.537499343014368
Poole2025,Measured,P0225,P0225,0,26,-150,0,-157.406,2.156584,-30.0,180.0,-22.57711,177.66433,7.711923054061614
Poole2025,Measured,P0225,P0225,0,27,0,30,-0.1887115999999764,0.4383485,0.0,30.0,-0.18871,0.43835,29.562196999922595
Poole2025,Measured,P0225,P0225,0,30,30,0,45.96604,13.01015,30.0,0.0,44.46498,18.38745,20.488032822278697
Poole2025,Measured,P0225,P0225,0,31,180,0,169.4238,-0.0395646800000122,0.0,180.0,10.5762,180.04025,10.576273161390686
Poole2025,Measured,P0225,P0225,0,33,90,-30,91.19853,-26.096420000000023,60.0,-90.0,63.878,267.55477,4.044254419173441
Poole2025,Measured,P0225,P0225,0,35,-135,30,-142.242,31.23926,-37.76124,140.76848,-31.57039,142.50426,6.352946210213307
Poole2025,Measured,P0225,P0225,0,37,-30,0,-89.13871,50.8554,-30.0,0.0,-39.13933,89.299,71.10577075529552
Poole2025,Measured,P0225,P0225,0,41,60,0,90.1926,-0.3815486999999962,60.0,0.0,89.5726,243.21643,30.19478336918008
Poole2025,Measured,P0225,P0225,0,42,45,30,89.53368,24.10618,37.76124,39.23152,65.88958,88.95796,39.85106263867592
Poole2025,Measured,P0225,P0225,0,44,90,0,89.79269,8.490979,90.0,0.0,81.50651,88.61164,8.493490844778938
Poole2025,Measured,P0225,P0225,0,45,0,60,179.1588,29.63841,0.0,60.0,0.73113,150.35894,90.35890639729946
Poole2025,Measured,P0225,P0225,0,47,120,0,113.183,-0.4361107999999944,60.0,180.0,66.81312,181.10769,6.830869880264347
Poole2025,Measured,P0225,P0225,0,50,0,-30,-179.3344,0.6966124,0.0,-30.0,-0.66555,179.30334,150.6897728533094
Poole2025,Measured,P0225,P0225,0,52,180,60,179.9558,31.80592,0.0,120.0,0.03756,148.19407,28.194095333216993
Poole2025,Measured,P0225,P0225,0,53,90,30,90.32378,15.94332,60.0,90.0,74.05348,91.13323,14.0598161680223
Poole2025,Measured,P0225,P0225,0,59,90,60,153.529,-23.759889999999984,30.0,90.0,24.07702,206.18677,98.33400873805228
Poole2025,Measured,P0225,P0225,0,61,135,-30,139.7265,-26.33420000000001,37.76124,219.23152,35.4049,212.97342,5.548584044556881
Poole2025,Measured,P0225,P0225,0,72,-90,-30,-48.586400000000026,-30.38382999999999,-60.0,-90.0,-40.31224,-41.55245,35.592923403346646
Poole2025,Measured,P0225,P0225,0,80,0,90,-179.8333,-33.86716999999999,0.0,90.0,-0.13842,213.86728,123.86717
Poole2025,Measured,P0225,P0225,0,81,-135,-30,-131.613,-30.615740000000017,-37.76124,219.23152,-40.04784,221.70391,2.98807859222329
Poole2025,Measured,P0225,P0225,0,85,150,0,136.741,-0.052339159999974,30.0,180.0,43.25898,180.07187,13.25910145191706
Poole2025,Measured,P0225,P0225,0,86,180,30,179.2382,0.2973941,0.0,150.0,0.76179,179.70258,29.711455972757495
Poole2025,Measured,P0225,P0225,0,87,0,0,13.26869,12.71502,0.0,0.0,12.93758,13.05198,18.29808392844406
Poole2025,Measured,P0225,P0225,0,90,-60,0,-69.74007,28.18639,-60.0,0.0,-55.77993,57.13037,29.690874254597695
Poole2025,Measured,P0225,P0225,0,95,-45,-30,-149.8661,-23.436480000000017,-37.76124,-39.23152,-27.42625,206.6216,90.28602549822432
Poole2025,Measured,P0225,P0225,1,1,90,-30,89.60055,-1.6791140000000269,60.0,-90.0,88.27404,-76.62225,28.323426643098166
Poole2025,Measured,P0225,P0225,1,3,-90,-30,-52.84521000000001,-28.476159999999993,-60.0,-90.0,-44.47366,-41.92655,32.3154447195078
Poole2025,Measured,P0225,P0225,1,6,180,60,-179.9657,34.84656,0.0,120.0,-0.02815,145.15344,25.153449911704627
Poole2025,Measured,P0225,P0225,1,8,-90,60,-147.3613,40.97184,-30.0,90.0,-24.03024,134.11791,39.515558682022515
Poole2025,Measured,P0225,P0225,1,11,90,60,136.2396,25.05203,30.0,90.0,38.79801,147.09012,47.15642352888267
Poole2025,Measured,P0225,P0225,1,12,0,90,178.2211,48.44656,0.0,90.0,1.17987,131.53973,41.55344
Poole2025,Measured,P0225,P0225,1,15,120,0,115.2711,0.04423466,60.0,180.0,64.72886,179.89638,4.72910641348853
Poole2025,Measured,P0225,P0225,1,19,-90,30,-91.65999999999995,29.71256,-60.0,90.0,-60.24533,92.90591,1.4680785217256267
Poole2025,Measured,P0225,P0225,1,21,135,30,127.324,20.80882,37.76124,140.76848,48.01742,147.92064,11.50514159781452
Poole2025,Measured,P0225,P0225,1,23,0,-30,153.6415,-15.294060000000002,0.0,-30.0,25.35734,196.9715,128.0696926482088
Poole2025,Measured,P0225,P0225,1,27,90,30,90.32175,14.40268,60.0,90.0,75.5938,91.25268,15.60013810625644
Poole2025,Measured,P0225,P0225,1,28,30,0,46.81733,10.09062,30.0,0.0,45.8811,14.57683,19.53704853691544
Poole2025,Measured,P0225,P0225,1,32,-150,0,-149.7354,1.424777,-30.0,180.0,-30.25426,178.35051,1.4491336128056551
Poole2025,Measured,P0225,P0225,1,38,45,-30,124.0389,-22.863249999999994,37.76124,-39.23152,49.77853,216.99052,69.75729855337346
Poole2025,Measured,P0225,P0225,1,42,0,0,-1.018948000000023,2.68088,0.0,0.0,-1.01783,2.6813,2.8678589196947315
Poole2025,Measured,P0225,P0225,1,49,90,0,90.52083,1.706512,90.0,0.0,88.2158,106.96732,1.784199225694752
Poole2025,Measured,P0225,P0225,1,51,150,0,142.1558,-0.8266156000000251,30.0,180.0,37.83957,181.04673,7.887362833716091
Poole2025,Measured,P0225,P0225,1,53,45,30,90.69563,38.02638,37.76124,39.23152,51.96822,90.88943,38.32530993872915
Poole2025,Measured,P0225,P0225,1,57,-135,30,-139.7392,14.75486,-37.76124,140.76848,-38.67901,160.95915,15.857049206278475
Poole2025,Measured,P0225,P0225,1,58,60,0,70.05007,1.703183,60.0,0.0,69.98045,4.98065,10.19190491961582
Poole2025,Measured,P0225,P0225,1,62,0,30,-179.5951,32.15165,0.0,30.0,-0.3428,147.84771,117.84716361597414
Poole2025,Measured,P0225,P0225,1,66,-45,-30,-153.9463,15.54768,-37.76124,-39.23152,-25.03308,162.79273,113.8857190344264
Poole2025,Measured,P0225,P0225,1,68,180,-30,179.8393,-41.86207999999999,0.0,210.0,0.11968,221.86219,11.86278709522675
Poole2025,Measured,P0225,P0225,1,69,180,0,178.8591,0.3846134,0.0,180.0,1.14087,179.61531,1.2039770452555478
Poole2025,Measured,P0225,P0225,1,70,135,-30,131.9317,-26.89440000000002,37.76124,219.23152,41.5657,217.19897,4.113301801368944
Poole2025,Measured,P0225,P0225,1,72,-135,-30,-137.9084,-29.768430000000023,-37.76124,219.23152,-35.58162,217.62422,2.532221881837944
Poole2025,Measured,P0225,P0225,1,73,-45,30,-49.30369999999999,38.29374,-37.76124,39.23152,-36.51622,50.44931,9.02316508686741
Poole2025,Measured,P0225,P0225,1,75,-90,0,-88.64684,16.25387,-90.0,0.0,-73.69141,85.36923,16.308585042076597
Poole2025,Measured,P0225,P0225,1,77,180,30,179.2777,22.05977,0.0,150.0,0.66942,157.93865,7.966639099814118
Poole2025,Measured,P0225,P0225,1,79,-30,0,-19.841110000000015,-0.2755364000000213,-30.0,0.0,-19.84087,-0.29292,10.162586732029183
Poole2025,Measured,P0225,P0225,1,82,0,60,179.0738,33.37188,0.0,60.0,0.77348,146.62468,86.62498874471453
Poole2025,Measured,P0225,P0225,1,90,-120,0,-115.66379999999998,9.319897,-60.0,180.0,-62.80454,159.24654,10.271169356557124
Poole2025,Measured,P0225,P0225,1,94,-60,0,-111.5353,22.65115,-60.0,0.0,-59.1422,131.33568,54.96666046120441
Poole2025,Measured,P0225,P0225,2,4,30,0,55.23583,19.70305,30.0,0.0,50.661,32.13072,31.61377416970231
Poole2025,Measured,P0225,P0225,2,5,135,30,117.3217,24.94485,37.76124,140.76848,53.66478,134.61869,16.457785852227016
Poole2025,Measured,P0225,P0225,2,6,-135,-30,-132.5648,-33.021950000000004,-37.76124,219.23152,-38.13656,223.85667,3.666073194531264
Poole2025,Measured,P0225,P0225,2,10,135,-30,127.1716,-28.037680000000023,37.76124,219.23152,44.69338,221.39336,7.119500333624687
Poole2025,Measured,P0225,P0225,2,11,180,-30,179.6108,-29.654819999999972,0.0,210.0,0.33822,209.65539,0.4828564860646614
Poole2025,Measured,P0225,P0225,2,12,-120,0,-111.11360000000002,11.71425,-60.0,180.0,-65.98495,150.07434,14.665831632818914
Poole2025,Measured,P0225,P0225,2,15,60,0,89.88477,-0.3825729999999794,60.0,0.0,89.60045,-73.23808,29.88699248996807
Poole2025,Measured,P0225,P0225,2,18,90,30,90.34244,0.5623221,60.0,90.0,89.34162,121.33939,29.439480958643927
Poole2025,Measured,P0225,P0225,2,19,-45,-30,-151.2931,19.66818,-37.76124,-39.23152,-26.8917,157.82844,113.39547739874524
Poole2025,Measured,P0225,P0225,2,20,90,-30,95.06142,-24.07053000000002,60.0,-90.0,65.43412,258.82793,7.446388876945585
Poole2025,Measured,P0225,P0225,2,23,-90,60,-91.87679000000004,69.02229,-30.0,90.0,-20.96593,90.71943,9.057305946818062
Poole2025,Measured,P0225,P0225,2,24,-90,0,-90.05160000000001,22.67103,-90.0,0.0,-67.32891,90.12353,22.671085624494395
Poole2025,Measured,P0225,P0225,2,25,45,30,89.15816,34.24591,37.76124,39.23152,55.74501,88.76364,37.34842335227226
Poole2025,Measured,P0225,P0225,2,28,0,30,-179.9407,42.86073,0.0,30.0,-0.04347,137.13925,107.13924961434658
Poole2025,Measured,P0225,P0225,2,30,-90,30,-100.2846,29.95481,-60.0,90.0,-58.4845,107.21301,8.90587339155944
Poole2025,Measured,P0225,P0225,2,40,90,60,70.56097,32.64242,30.0,90.0,52.5659,62.5462,30.213560140432516
Poole2025,Measured,P0225,P0225,2,41,-30,0,-24.654170000000025,13.2173,-30.0,0.0,-23.95946,14.48959,14.23958872900139
Poole2025,Measured,P0225,P0225,2,53,0,0,11.35222,17.07453,0.0,0.0,10.84565,17.39488,20.40992073096721
Poole2025,Measured,P0225,P0225,2,54,0,60,179.1955,50.81964,0.0,60.0,0.50824,129.17759,69.17845126492418
Poole2025,Measured,P0225,P0225,2,57,180,0,179.1767,0.4401304,0.0,180.0,0.82328,179.55982,0.9335546723367084
Poole2025,Measured,P0225,P0225,2,59,180,60,179.1647,41.82027,0.0,120.0,0.62249,138.1767,18.187000328642704
Poole2025,Measured,P0225,P0225,2,61,-45,30,-89.01096000000001,44.4939,-37.76124,39.23152,-45.49741,88.99348,37.37191780371676
Poole2025,Measured,P0225,P0225,2,65,-60,0,-90.16048999999998,21.15544,-60.0,0.0,-68.84398,90.41472,36.25915626528271
Poole2025,Measured,P0225,P0225,2,66,90,0,90.65211,0.6921035,90.0,0.0,89.04909,133.29381,0.9509122058599128
Poole2025,Measured,P0225,P0225,2,73,45,-30,133.7988,-18.884509999999977,37.76124,-39.23152,43.07253,206.30023,79.68799295122136
Poole2025,Measured,P0225,P0225,2,78,-90,-30,-60.23552000000001,-29.786960000000025,-60.0,-90.0,-48.88421,-49.06544,25.73177309425576
Poole2025,Measured,P0225,P0225,2,81,0,-30,173.4635,0.6778198,0.0,-30.0,6.53604,179.31775,150.0258142514059
Poole2025,Measured,P0225,P0225,2,83,180,30,176.2065,0.6029587,0.0,150.0,3.79329,179.39572,29.61775932010593
Poole2025,Measured,P0225,P0225,2,84,120,0,102.3787,0.4049353,60.0,180.0,77.61478,178.11172,17.625804477851442
Poole2025,Measured,P0225,P0225,2,86,0,90,179.0006,34.48388,0.0,90.0,0.82378,145.51205,55.51612000000001
Poole2025,Measured,P0225,P0225,2,89,-150,0,-151.2296,0.1266688,-30.0,180.0,-28.77032,179.85549,1.236106258220977
Poole2025,Measured,P0225,P0225,2,91,150,0,141.6035,0.8677295,30.0,180.0,38.39129,178.89288,8.440898577501663
Poole2025,Measured,P0225,P0225,2,93,-135,30,-137.3192,21.50364,-37.76124,140.76848,-39.10376,151.81185,8.748588257541108
Poole2025,Measured,P0228,P0228,0,0,-120,0,-90.49436000000004,-0.431147199999998,-60.0,180.0,-89.34405,221.09361,29.508506391296297
Poole2025,Measured,P0228,P0228,0,3,120,0,92.15762,-0.4849714999999719,60.0,180.0,87.78857,192.67111,27.8462656401424
Poole2025,Measured,P0228,P0228,0,9,180,0,177.8635,0.0,0.0,180.0,2.1365,180.0,2.1365000000000385
Poole2025,Measured,P0228,P0228,0,12,-150,0,-152.5524,-0.5428461999999854,-30.0,180.0,-27.44626,180.6117,2.6094506696345734
Poole2025,Measured,P0228,P0228,0,15,90,60,58.6262,31.76181,30.0,90.0,46.54616,49.93872,35.032080148493826
Poole2025,Measured,P0228,P0228,0,16,180,60,2.079237,65.67268,0.0,120.0,0.85638,65.68684,54.31775472108044
Poole2025,Measured,P0228,P0228,0,17,0,90,100.2888,89.8203,0.0,90.0,0.17681,90.0321,0.1796999999994667
Poole2025,Measured,P0228,P0228,0,19,60,0,72.86243,-0.4837595999999848,60.0,0.0,72.85581,-1.64131,12.871370721177309
Poole2025,Measured,P0228,P0228,0,20,-90,60,3.957255,79.60415,-30.0,90.0,0.71353,79.6284,32.265584672732125
Poole2025,Measured,P0228,P0228,0,24,135,-30,144.0206,-33.34742,37.76124,219.23152,29.39087,219.11793,8.370903040332632
Poole2025,Measured,P0228,P0228,0,27,-30,0,0.249446,15.69099,-30.0,0.0,0.24015,15.69113,33.731521212265825
Poole2025,Measured,P0228,P0228,0,28,0,60,86.61223,73.44746,0.0,60.0,16.52278,88.99381,33.01225808457888
Poole2025,Measured,P0228,P0228,0,33,-90,0,-55.58764000000002,-1.328543000000025,-90.0,0.0,-55.56516,-2.3499,34.434837316806416
Poole2025,Measured,P0228,P0228,0,36,-45,-30,0.09891172,0.6832828,-37.76124,-39.23152,0.0989,0.68328,52.74897212063763
Poole2025,Measured,P0228,P0228,0,37,30,0,34.77417,0.07401875,30.0,0.0,34.77414,0.09011,4.774742430599481
Poole2025,Measured,P0228,P0228,0,40,135,30,90.26867,17.52649,37.76124,140.76848,72.47152,90.85068,42.50232545096441
Poole2025,Measured,P0228,P0228,0,49,0,0,29.36576,1.133669,0.0,0.0,29.35945,1.30076,29.385685399004952
Poole2025,Measured,P0228,P0228,0,51,180,-30,-179.0408,0.5059038,0.0,210.0,-0.95916,179.49403,30.519597990331285
Poole2025,Measured,P0228,P0228,0,55,-135,30,-179.5818,11.98754,-37.76124,140.76848,-0.40908,168.01215,44.99050056760868
Poole2025,Measured,P0228,P0228,0,57,150,0,151.2462,0.4796977,30.0,180.0,28.7527,179.45284,1.335323195200513
Poole2025,Measured,P0228,P0228,0,58,0,-30,36.5165,0.450674,0.0,-30.0,36.51519,0.56075,46.20678298391146
Poole2025,Measured,P0228,P0228,0,60,-60,0,-43.57076999999998,17.86342,-60.0,0.0,-40.99716,23.9807,24.08673970120912
Poole2025,Measured,P0228,P0228,0,66,-90,30,-68.08868000000001,24.00573,-60.0,90.0,-57.94246,50.03933,20.383230965547956
Poole2025,Measured,P0228,P0228,0,70,90,0,89.51248,0.5147229,90.0,0.0,89.29105,46.55586,0.7089492367069692
Poole2025,Measured,P0228,P0228,0,72,45,-30,67.52599,-33.64616000000001,37.76124,-39.23152,50.28669,-60.12911,19.443197672214115
Poole2025,Measured,P0228,P0228,0,76,90,30,88.70969,13.2633,60.0,90.0,76.6752,84.54297,16.779173488395646
Poole2025,Measured,P0228,P0228,0,78,0,30,20.11164,0.4727124,0.0,30.0,20.11093,0.50341,35.18294276145013
Poole2025,Measured,P0228,P0228,0,80,180,30,-179.9161,14.55518,0.0,150.0,-0.08121,165.44481,15.4450133501852
Poole2025,Measured,P0228,P0228,0,89,90,-30,88.87337,-28.038209999999992,60.0,-90.0,61.941,-87.88562,2.1952291037409255
Poole2025,Measured,P0228,P0228,0,91,45,30,64.86241,0.607807,37.76124,39.23152,64.85554,1.43059,34.93874259249375
Poole2025,Measured,P0228,P0228,0,93,-90,-30,-57.06497999999999,-36.25968,-60.0,-90.0,-42.5906,-53.45292,28.13850462008418
Poole2025,Measured,P0228,P0228,0,96,-45,30,-31.41161999999997,28.44134,-37.76124,39.23152,-27.27609,32.40086,11.95389559200559
Poole2025,Measured,P0228,P0228,0,97,-135,-30,-140.6595,-34.15147000000002,-37.76124,219.23152,-31.64205,221.25481,6.340732966460926
Poole2025,Measured,P0228,P0228,1,5,-120,0,-102.7493,0.5388666,-60.0,180.0,-77.23951,177.55962,17.25885859276743
Poole2025,Measured,P0228,P0228,1,7,180,0,-179.6585,1.608516,0.0,180.0,-0.34137,178.39146,1.644358638558738
Poole2025,Measured,P0228,P0228,1,8,0,60,-175.9659,63.46899,0.0,60.0,-1.80077,116.47425,56.492994294719765
Poole2025,Measured,P0228,P0228,1,13,90,0,89.57973,-0.6367366000000061,90.0,0.0,89.23708,-56.57501,0.7629240455840307
Poole2025,Measured,P0228,P0228,1,18,180,-30,-179.1138,10.10515,0.0,210.0,-0.87245,169.89367,40.11421956822926
Poole2025,Measured,P0228,P0228,1,20,0,30,60.9156,39.96022,0.0,30.0,42.05469,59.88087,49.9242797439355
Poole2025,Measured,P0228,P0228,1,24,90,30,90.28194,0.3571801,60.0,90.0,89.54495,128.28531,29.64403448329376
Poole2025,Measured,P0228,P0228,1,31,45,-30,84.56616,-30.444819999999993,37.76124,-39.23152,59.11992,-80.84733,34.012820355072414
Poole2025,Measured,P0228,P0228,1,35,135,30,133.0771,22.57525,37.76124,140.76848,42.41274,148.66978,7.62180780937881
Poole2025,Measured,P0228,P0228,1,38,0,-30,129.4337,-2.198022999999978,0.0,-30.0,50.51507,183.45794,122.03957316548504
Poole2025,Measured,P0228,P0228,1,40,45,30,75.65775,8.540747,37.76124,39.23152,73.35331,31.22665,35.80873257040905
Poole2025,Measured,P0228,P0228,1,41,0,90,168.7957,72.38869,0.0,90.0,3.37033,107.29585,17.611309999999996
Poole2025,Measured,P0228,P0228,1,48,-45,-30,-22.960699999999974,-19.58681999999999,-37.76124,-39.23152,-21.56314,-21.1286,22.495663838214693
Poole2025,Measured,P0228,P0228,1,52,135,-30,131.7874,-32.41606999999999,37.76124,219.23152,39.00866,223.61977,3.6584725541903222
Poole2025,Measured,P0228,P0228,1,55,-45,30,0.3226406,39.02201,-37.76124,39.23152,0.25066,39.02245,38.01239385889593
Poole2025,Measured,P0228,P0228,1,56,90,-30,89.3543,-24.275359999999974,60.0,-90.0,65.71657,-88.56862,5.753363844251494
Poole2025,Measured,P0228,P0228,1,60,90,60,89.58205,34.60684,30.0,90.0,55.39095,89.39433,25.39462287101357
Poole2025,Measured,P0228,P0228,1,62,-90,0,-91.21537999999998,0.2478722,-90.0,0.0,-88.7596,168.47191,1.240395080715749
Poole2025,Measured,P0228,P0228,1,64,180,60,-1.993900999999994,59.89895,0.0,120.0,-0.99984,59.914,60.09101483275685
Poole2025,Measured,P0228,P0228,1,66,-30,0,-1.544464000000005,9.969399,-30.0,0.0,-1.52114,9.97295,30.01302338751443
Poole2025,Measured,P0228,P0228,1,67,-60,0,-37.00341000000003,7.04392,-60.0,0.0,-36.67819,8.7953,23.995082016318115
Poole2025,Measured,P0228,P0228,1,68,-135,-30,-121.382,-14.329729999999984,-37.76124,219.23152,-55.8074,206.13024,20.075184470602697
Poole2025,Measured,P0228,P0228,1,69,-150,0,177.5258,-0.3555327999999917,-30.0,180.0,2.47415,180.35586,32.475933162632984
Poole2025,Measured,P0228,P0228,1,73,-90,-30,-65.89396999999997,0.03956468,-60.0,-90.0,-65.89394,0.09687,37.800009523040096
Poole2025,Measured,P0228,P0228,1,75,-135,30,-134.6566,30.88354,-37.76124,140.76848,-37.62378,139.60378,0.9318213920197592
Poole2025,Measured,P0228,P0228,1,76,0,0,35.86542,23.24319,0.0,0.0,32.57016,27.92268,41.87334293713417
Poole2025,Measured,P0228,P0228,1,78,120,0,112.1178,16.74774,60.0,180.0,62.51303,141.36682,18.46169143985841
Poole2025,Measured,P0228,P0228,1,80,150,0,155.3726,1.093785,30.0,180.0,24.62261,178.7968,5.482489197796374
Poole2025,Measured,P0228,P0228,1,82,180,30,178.9721,29.15583,0.0,150.0,0.89765,150.84025,1.2295263337375202
Poole2025,Measured,P0228,P0228,1,84,60,0,89.96373,-0.6932335000000194,60.0,0.0,89.30582,-87.00516,29.97100359488751
Poole2025,Measured,P0228,P0228,1,93,30,0,56.81701,0.3636945,30.0,0.0,56.81524,0.66449,26.819293354475025
Poole2025,Measured,P0228,P0228,1,96,-90,30,-90.35803,40.58077,-60.0,90.0,-49.41792,90.41799,10.584776200132088
Poole2025,Measured,P0228,P0228,1,97,-90,60,-64.82454999999999,64.59124,-30.0,90.0,-22.84971,78.57605,12.469212735711588
Poole2025,Measured,P0228,P0228,2,3,150,0,138.8273,-1.5281590000000165,30.0,180.0,41.15488,182.02979,11.275407702131258
Poole2025,Measured,P0228,P0228,2,5,-90,30,-72.99306999999999,24.6805,-60.0,90.0,-60.33274,57.52391,15.995995411402737
Poole2025,Measured,P0228,P0228,2,9,135,-30,139.6505,-28.11018999999999,37.76124,219.23152,34.82539,215.02744,4.482477533760281
Poole2025,Measured,P0228,P0228,2,11,-90,-30,-61.01486,0.9505931,-60.0,-90.0,-61.00063,1.96109,41.48299203439631
Poole2025,Measured,P0228,P0228,2,13,-90,60,-33.02562,76.06746,-30.0,90.0,-7.54056,78.25029,25.01990818046934
Poole2025,Measured,P0228,P0228,2,19,-45,30,-1.033251000000007,50.9274,-37.76124,39.23152,-0.65124,50.93196,38.642944951214936
Poole2025,Measured,P0228,P0228,2,21,0,0,34.1907,14.11385,0.0,0.0,33.02368,16.90797,36.65910037328818
Poole2025,Measured,P0228,P0228,2,25,-135,-30,-140.248,-33.398439999999994,-37.76124,219.23152,-32.26706,220.61638,5.60981934084792
Poole2025,Measured,P0228,P0228,2,29,30,0,47.31181,0.6477052,30.0,0.0,47.30784,0.95526,17.323551670304713
Poole2025,Measured,P0228,P0228,2,33,0,30,17.11453,36.96733,0.0,30.0,13.59902,38.22162,15.850953765910743
Poole2025,Measured,P0228,P0228,2,34,180,60,2.483568,52.05022,0.0,120.0,1.52702,52.07633,67.93192452743341
Poole2025,Measured,P0228,P0228,2,37,135,30,131.8482,19.24733,37.76124,140.76848,44.69056,152.37432,11.126073706981758
Poole2025,Measured,P0228,P0228,2,39,90,0,90.09111,-1.7998319999999808,90.0,0.0,88.19786,267.10303,1.8021358244381975
Poole2025,Measured,P0228,P0228,2,44,180,0,168.8129,-1.5801630000000273,0.0,180.0,11.18279,181.61075,11.29673885769792
Poole2025,Measured,P0228,P0228,2,51,90,30,83.35885,2.747303,60.0,90.0,82.81538,22.53476,27.970254581508694
Poole2025,Measured,P0228,P0228,2,54,-120,0,-131.4047,-33.52184,-60.0,180.0,-38.7045,225.0459,35.19308930464767
Poole2025,Measured,P0228,P0228,2,57,45,-30,88.86303,-35.96046000000001,37.76124,-39.23152,54.02399,-88.43332,36.96346220006397
Poole2025,Measured,P0228,P0228,2,60,-60,0,-32.73286000000002,17.1856,-60.0,0.0,-31.10319,20.18648,31.875888983925037
Poole2025,Measured,P0228,P0228,2,63,0,90,9.477929,69.43944,0.0,90.0,3.31531,69.69706,20.560559999999988
Poole2025,Measured,P0228,P0228,2,66,-45,-30,1.066979,0.5640592,-37.76124,-39.23152,1.06693,0.56416,53.422343851012464
Poole2025,Measured,P0228,P0228,2,69,0,-30,42.52166,-32.69556,0.0,-30.0,34.66514,-41.05291,36.17348888223383
Poole2025,Measured,P0228,P0228,2,70,180,-30,-179.9051,-13.247239999999977,0.0,210.0,-0.09237,193.24726,16.752989845809893
Poole2025,Measured,P0228,P0228,2,75,-150,0,179.8797,1.373731,-30.0,180.0,0.12027,178.62627,30.14867278689741
Poole2025,Measured,P0228,P0228,2,80,0,60,171.2586,63.74477,0.0,60.0,3.85486,115.99059,56.07801529809063
Poole2025,Measured,P0228,P0228,2,81,180,30,-69.34820000000002,88.08399,0.0,150.0,-1.79285,89.32403,60.69172789050048
Poole2025,Measured,P0228,P0228,2,82,90,-30,83.32893,-24.562940000000022,60.0,-90.0,64.60161,-75.73912,8.041085229417204
Poole2025,Measured,P0228,P0228,2,87,-90,0,-71.26814999999999,-0.1467097999999964,-90.0,0.0,-71.2676,-0.45683,18.73240389838794
Poole2025,Measured,P0228,P0228,2,88,60,0,89.91921,-0.3397734000000127,60.0,0.0,89.65075,-76.62496,29.920960609696355
Poole2025,Measured,P0228,P0228,2,91,-135,30,-144.552,36.86893,-37.76124,140.76848,-27.64403,137.3668,10.512054005123012
Poole2025,Measured,P0228,P0228,2,92,120,0,121.3964,-0.1713202000000251,60.0,180.0,58.60318,180.32885,1.4068680675294634
Poole2025,Measured,P0228,P0228,2,93,90,60,90.12673,37.13372,30.0,90.0,52.86609,90.16736,22.866423772345694
Poole2025,Measured,P0228,P0228,2,95,45,30,90.04823,23.47695,37.76124,39.23152,66.523,90.11104,40.50074272031363
Poole2025,Measured,P0228,P0228,2,98,-30,0,0.2193969,0.2839303,-30.0,0.0,0.21939,0.28393,30.22060468777553
Poole2025,Measured,P0239,P0239,0,3,-45,-30,-179.8333,-0.2332304999999905,-37.76124,-39.23152,-0.1667,180.23323,127.48457319230128
Poole2025,Measured,P0239,P0239,0,4,180,0,179.376,0.3409232,0.0,180.0,0.62399,179.65906,0.7110555765417305
Poole2025,Measured,P0239,P0239,0,7,-45,30,-160.9078,0.4545648,-37.76124,39.23152,-19.09158,179.51898,111.98777802292572
Poole2025,Measured,P0239,P0239,0,8,0,60,156.7032,27.68339,0.0,60.0,20.50085,150.26439,90.24764554214477
Poole2025,Measured,P0239,P0239,0,9,-90,0,-110.0722,25.34013,-90.0,0.0,-58.09093,125.93233,31.909069732609694
Poole2025,Measured,P0239,P0239,0,13,45,-30,148.6684,1.664951,37.76124,-39.23152,31.31688,178.051,102.6552829758063
Poole2025,Measured,P0239,P0239,0,18,-150,0,179.4263,0.3443497,-30.0,180.0,0.57369,179.65563,30.57545149632749
Poole2025,Measured,P0239,P0239,0,23,-60,0,-154.1653,26.24037,-60.0,0.0,-23.00854,151.29164,93.73540923758792
Poole2025,Measured,P0239,P0239,0,24,0,30,157.5403,31.24633,0.0,30.0,19.06361,146.71407,115.14332987380465
Poole2025,Measured,P0239,P0239,0,26,0,-30,162.4097,-1.2044730000000072,0.0,-30.0,17.58629,181.26354,144.57144693415358
Poole2025,Measured,P0239,P0239,0,27,135,-30,124.5089,3.267165,37.76124,219.23152,55.35588,174.24623,34.747860951549555
Poole2025,Measured,P0239,P0239,0,29,90,0,91.58618,-1.1624749999999722,90.0,0.0,88.03354,216.24407,1.966461253925164
Poole2025,Measured,P0239,P0239,0,34,0,0,-179.399,0.4432315,0.0,0.0,-0.60098,179.55674,179.25324170084963
Poole2025,Measured,P0239,P0239,0,41,-120,0,-135.4187,0.9187712,-60.0,180.0,-44.57404,178.71016,15.44538680761475
Poole2025,Measured,P0239,P0239,0,42,180,60,179.8935,0.3861367,0.0,120.0,0.1065,179.61386,59.613920669208206
Poole2025,Measured,P0239,P0239,0,43,-90,-30,-106.5701,0.587175,-60.0,-90.0,-73.41979,177.94191,34.42234232389454
Poole2025,Measured,P0239,P0239,0,47,60,0,121.7686,1.247097,60.0,0.0,58.20949,177.63227,61.775886352250126
Poole2025,Measured,P0239,P0239,0,48,30,0,112.6329,0.4727124,30.0,0.0,67.36242,178.77178,82.63315212467927
Poole2025,Measured,P0239,P0239,0,53,45,30,124.5595,0.4739525,37.76124,39.23152,55.43765,179.16453,80.73117594839005
Poole2025,Measured,P0239,P0239,0,55,180,-30,179.9558,-1.2872479999999769,0.0,210.0,0.04419,181.28725,28.71278272506309
Poole2025,Measured,P0239,P0239,0,56,180,30,-179.4108,1.131423,0.0,150.0,-0.58909,178.86852,28.874009608512218
Poole2025,Measured,P0239,P0239,0,57,-90,60,-165.5622,-0.7954925999999887,-30.0,90.0,-14.43638,180.82143,83.53311611878013
Poole2025,Measured,P0239,P0239,0,63,-135,30,-170.2215,-1.548513000000014,-37.76124,140.76848,-9.77489,181.57133,46.07542530208905
Poole2025,Measured,P0239,P0239,0,65,-30,0,-164.4932,-0.0395646800000122,-30.0,0.0,-15.5068,180.04106,134.49318657917345
Poole2025,Measured,P0239,P0239,0,67,90,30,114.082,1.312092,60.0,90.0,65.88441,176.78724,36.68898751393131
Poole2025,Measured,P0239,P0239,0,69,-90,30,-138.9823,23.15878,-60.0,90.0,-37.11431,150.44999,44.01101844878518
Poole2025,Measured,P0239,P0239,0,70,135,30,164.3293,26.63115,37.76124,140.76848,13.97229,152.48945,25.96775564935301
Poole2025,Measured,P0239,P0239,0,73,90,60,162.6015,17.07966,30.0,90.0,16.60837,162.15233,66.59258023370212
Poole2025,Measured,P0239,P0239,0,78,120,0,90.36131,-0.2093567000000007,60.0,180.0,89.58242,210.0899,29.639362240681876
Poole2025,Measured,P0239,P0239,0,82,90,-30,89.19074,1.583627,60.0,-90.0,88.22163,62.93889,31.59307206597275
Poole2025,Measured,P0239,P0239,0,90,-135,-30,-140.8026,1.46206,-37.76124,219.23152,-39.18219,178.11368,31.94569203865844
Poole2025,Measured,P0239,P0239,0,93,150,0,139.4678,0.8860281,30.0,180.0,40.52634,178.8343,10.568983876496516
Poole2025,Measured,P0239,P0239,0,94,0,90,0.6464956,0.3522151,0.0,90.0,0.64648,0.35224,89.6477849
Poole2025,Measured,P0239,P0239,1,0,-30,0,-24.015170000000012,0.9427382,-30.0,0.0,-24.01171,1.03206,6.0583587442255435
Poole2025,Measured,P0239,P0239,1,6,-135,-30,-154.922,-0.3454843000000096,-37.76124,219.23152,-25.07751,180.38144,35.19449704888678
Poole2025,Measured,P0239,P0239,1,11,180,-30,0.66998,-0.2158000000000015,0.0,210.0,0.66998,-0.21581,149.77746001577125
Poole2025,Measured,P0239,P0239,1,13,180,0,179.3925,0.4005627,0.0,180.0,0.60749,179.59941,0.7276679970298088
Poole2025,Measured,P0239,P0239,1,15,-90,0,-91.14866,26.47892,-90.0,0.0,-63.49798,92.30458,26.502024899046635
Poole2025,Measured,P0239,P0239,1,16,90,0,119.1704,1.184156,90.0,0.0,60.80769,177.57162,29.192313340645892
Poole2025,Measured,P0239,P0239,1,17,135,30,132.6217,23.12446,37.76124,140.76848,42.58776,147.76283,7.196435447411707
Poole2025,Measured,P0239,P0239,1,20,120,0,90.70769,0.4125943,60.0,180.0,89.18082,149.75608,29.294957971083228
Poole2025,Measured,P0239,P0239,1,21,-90,30,-91.29269999999995,0.2272819,-60.0,90.0,-88.68748,170.02732,29.79814017149396
Poole2025,Measured,P0239,P0239,1,27,30,0,91.20532,0.1938267,30.0,0.0,88.7792,170.86382,61.205500196841314
Poole2025,Measured,P0239,P0239,1,30,180,30,-178.778,1.457771,0.0,150.0,-1.2216,178.5419,28.56583090397397
Poole2025,Measured,P0239,P0239,1,35,-90,-30,-88.7421,-1.322341999999992,-60.0,-90.0,-88.175,-46.43805,28.70255979688127
Poole2025,Measured,P0239,P0239,1,36,90,60,127.4918,2.396126,30.0,90.0,52.44294,176.06709,64.3685798579111
Poole2025,Measured,P0239,P0239,1,40,0,90,179.4205,-0.9606266999999776,0.0,90.0,0.57942,180.96068,90.96062669999998
Poole2025,Measured,P0239,P0239,1,41,90,30,127.5546,18.14969,60.0,90.0,48.87959,151.72775,36.08417938638719
Poole2025,Measured,P0239,P0239,1,42,-120,0,-127.2339,0.9791879,-60.0,180.0,-52.75509,178.38197,7.299521766998413
Poole2025,Measured,P0239,P0239,1,46,-45,30,-161.7416,-2.110720000000015,-37.76124,39.23152,-18.24558,182.22251,114.06885823396576
Poole2025,Measured,P0239,P0239,1,47,150,0,154.6953,-0.1266688000000044,30.0,180.0,25.30463,180.14011,4.69700448603561
Poole2025,Measured,P0239,P0239,1,51,180,60,178.8839,1.194521,0.0,120.0,1.11586,178.80525,58.8118312070351
Poole2025,Measured,P0239,P0239,1,53,135,-30,116.5118,0.5093729,37.76124,219.23152,63.48366,178.85901,35.229158753263256
Poole2025,Measured,P0239,P0239,1,59,0,0,0.2093567,0.1083524,0.0,0.0,0.20936,0.10835,0.235733786656624
Poole2025,Measured,P0239,P0239,1,61,0,30,8.043079,1.314625,0.0,30.0,8.04095,1.32768,29.686064602024132
Poole2025,Measured,P0239,P0239,1,62,-60,0,-155.4357,33.31756,-60.0,0.0,-20.32758,144.14338,94.54022255720332
Poole2025,Measured,P0239,P0239,1,69,0,-30,1.440757,0.2007689,0.0,-30.0,1.44075,0.20083,30.231938829001763
Poole2025,Measured,P0239,P0239,1,71,45,-30,119.6198,0.2907402,37.76124,-39.23152,60.3789,179.41176,76.8706814985705
Poole2025,Measured,P0239,P0239,1,73,-90,60,-142.3404,26.02212,-30.0,90.0,-33.30062,148.33801,49.12151415317091
Poole2025,Measured,P0239,P0239,1,74,60,0,90.52047,0.2422834,60.0,0.0,89.4259,155.03717,30.521338930890256
Poole2025,Measured,P0239,P0239,1,75,-135,30,-156.4828,28.13236,-37.76124,140.76848,-20.60259,149.75315,18.842187780546684
Poole2025,Measured,P0239,P0239,1,76,90,-30,121.2407,1.493445,60.0,-90.0,58.72723,177.1222,43.350708647997344
Poole2025,Measured,P0239,P0239,1,88,-150,0,-161.0795,-0.7388695999999868,-30.0,180.0,-18.91887,180.78107,11.103802354613071
Poole2025,Measured,P0239,P0239,1,89,45,30,90.60306,20.56641,37.76124,39.23152,69.42513,91.60682,42.01895848328103
Poole2025,Measured,P0239,P0239,1,91,-45,-30,-23.250409999999988,0.2676108,-37.76124,-39.23152,-23.25014,0.29126,36.67552537550623
Poole2025,Measured,P0239,P0239,1,95,0,60,0.7910526,-0.5051296999999977,0.0,60.0,0.79102,-0.50518,60.50826644220701
Poole2025,Measured,P0239,P0239,2,3,90,60,119.2126,31.37797,30.0,90.0,48.17341,128.66849,34.562626451925226
Poole2025,Measured,P0239,P0239,2,6,180,-30,-179.6743,0.9737772,0.0,210.0,-0.32565,179.02621,30.975334712094075
Poole2025,Measured,P0239,P0239,2,9,45,30,92.19597,-0.6638184999999908,37.76124,39.23152,87.70594,196.82411,54.3645564337291
Poole2025,Measured,P0239,P0239,2,10,-135,30,-125.4094,31.89883,-37.76124,140.76848,-43.78455,132.95081,8.438198862324054
Poole2025,Measured,P0239,P0239,2,12,30,0,90.47438,-0.3483046000000058,30.0,0.0,89.41149,216.28793,60.47497959528019
Poole2025,Measured,P0239,P0239,2,13,135,-30,125.1772,-0.1266688000000044,37.76124,219.23152,54.8226,180.21987,31.302864553576
Poole2025,Measured,P0239,P0239,2,18,135,30,114.9725,1.223973,37.76124,140.76848,64.99944,177.10288,34.497576999316415
Poole2025,Measured,P0239,P0239,2,20,120,0,116.1936,22.66583,60.0,180.0,55.89454,136.58685,22.966595583155343
Poole2025,Measured,P0239,P0239,2,21,-45,30,-126.0666,-1.6278659999999832,-37.76124,39.23152,-53.90166,182.76367,83.09498745059334
Poole2025,Measured,P0239,P0239,2,23,180,30,-179.7161,1.315964,0.0,150.0,-0.28383,178.68402,28.685304709635403
Poole2025,Measured,P0239,P0239,2,24,0,0,-0.0559529099999736,3.340175,0.0,0.0,-0.05586,3.34018,3.3406430834971523
Poole2025,Measured,P0239,P0239,2,33,0,90,179.9657,28.52189,0.0,90.0,0.03014,151.47811,61.47811
Poole2025,Measured,P0239,P0239,2,36,-45,-30,-145.6757,0.2332305,-37.76124,-39.23152,-34.32398,179.71759,99.35000666004932
Poole2025,Measured,P0239,P0239,2,37,0,30,-179.5985,0.1046783,0.0,30.0,-0.4015,179.89532,149.89289291360285
Poole2025,Measured,P0239,P0239,2,39,180,60,-179.2488,0.09891172,0.0,120.0,-0.7512,179.90108,59.90393417260926
Poole2025,Measured,P0239,P0239,2,40,0,60,-179.6053,1.021058,0.0,60.0,-0.39464,178.97892,118.97816508837886
Poole2025,Measured,P0239,P0239,2,48,-90,60,-33.07582000000002,1.748205,-30.0,90.0,-33.05845,2.08602,72.59241060235514
Poole2025,Measured,P0239,P0239,2,49,-150,0,-165.632,0.1735894,-30.0,180.0,-14.36793,179.82081,15.632939770698547
Poole2025,Measured,P0239,P0239,2,53,-90,-30,-91.91433999999998,0.9240804,-60.0,-90.0,-87.87437,154.22659,30.977919609927294
Poole2025,Measured,P0239,P0239,2,54,45,-30,136.1443,1.252733,37.76124,-39.23152,43.84254,178.26297,91.61722147137648
Poole2025,Measured,P0239,P0239,2,57,150,0,121.6702,-0.708864100000028,30.0,180.0,58.32269,181.34996,28.337932587100724
Poole2025,Measured,P0239,P0239,2,64,-135,-30,-141.3763,-26.345610000000026,-37.76124,219.23152,-34.01217,212.36954,6.702365293939411
Poole2025,Measured,P0239,P0239,2,66,90,30,111.5327,0.8791551,60.0,90.0,68.45021,177.6059,35.59407902438848
Poole2025,Measured,P0239,P0239,2,68,-60,0,-91.20943,1.130904,-60.0,0.0,-88.34426,136.91591,31.227846494423204
Poole2025,Measured,P0239,P0239,2,70,-30,0,0.8045425,19.24306,-30.0,0.0,0.75959,19.24482,35.81304915175045
Poole2025,Measured,P0239,P0239,2,73,0,-30,39.9418,-33.05084999999997,0.0,-30.0,32.556,-40.32015,33.980268109435386
Poole2025,Measured,P0239,P0239,2,77,180,0,23.91978,-26.996770000000023,0.0,180.0,21.17854,-29.13182,144.53844314569133
Poole2025,Measured,P0239,P0239,2,78,60,0,88.70501,-0.0279764599999907,60.0,0.0,88.70471,-1.23771,28.705022473008302
Poole2025,Measured,P0239,P0239,2,83,-90,0,-89.21123,0.1823843,-90.0,0.0,-89.19042,13.01991,0.8095801654910095
Poole2025,Measured,P0239,P0239,2,91,90,0,89.74045,-0.4054181999999855,90.0,0.0,89.51862,-57.37302,0.4813823792849536
Poole2025,Measured,P0239,P0239,2,92,-120,0,-89.52093000000002,-25.82492000000002,-60.0,180.0,-64.17094,-89.01021,39.12741385751868
Poole2025,Measured,P0239,P0239,2,93,-90,30,-90.27285,23.50384,-60.0,90.0,-66.49467,90.62737,6.500718850032123
Poole2025,Measured,P0239,P0239,2,96,90,-30,119.1721,-23.20532000000003,60.0,-90.0,53.37141,221.33241,26.872294977781905
Poole2025,Measured,P0243,P0243,0,1,30,0,78.56973,27.47929,30.0,0.0,60.41009,69.1418,54.051868728552606
Poole2025,Measured,P0243,P0243,0,3,-90,-30,-90.27544,35.89291,-60.0,-90.0,-54.10618,90.3806,65.89341887218956
Poole2025,Measured,P0243,P0243,0,5,180,60,-1.123786999999993,1.002492,0.0,120.0,-1.12361,1.00268,118.99120913903737
Poole2025,Measured,P0243,P0243,0,7,180,30,1.726578,56.92628,0.0,150.0,0.94212,56.93818,93.06140857586011
Poole2025,Measured,P0243,P0243,0,13,90,30,90.7897,-0.8650192999999717,60.0,90.0,88.82875,227.60925,30.874203803312795
Poole2025,Measured,P0243,P0243,0,15,-60,0,-89.62263000000002,25.74366,-60.0,0.0,-64.25376,89.21746,38.46221133701416
Poole2025,Measured,P0243,P0243,0,16,90,0,107.9639,-0.1978235000000268,90.0,0.0,72.03505,180.64139,17.964953285793996
Poole2025,Measured,P0243,P0243,0,18,-45,30,-128.0354,0.5047422,-37.76124,39.23152,-51.96176,179.18085,83.71861238307143
Poole2025,Measured,P0243,P0243,0,21,-90,0,-90.07542,21.41275,-90.0,0.0,-68.58712,90.19232,21.412876579745163
Poole2025,Measured,P0243,P0243,0,22,60,0,89.74596,-7.999074000000007,60.0,0.0,81.99692,-88.1928,30.70741831757712
Poole2025,Measured,P0243,P0243,0,27,-135,-30,-131.0453,-26.505960000000016,-37.76124,219.23152,-42.44764,217.21565,4.93309373275907
Poole2025,Measured,P0243,P0243,0,29,-150,0,-148.2789,23.17039,-30.0,180.0,-28.90603,153.29071,23.230709901485472
Poole2025,Measured,P0243,P0243,0,30,180,-30,178.7103,0.2690692,0.0,210.0,1.28969,179.73086,30.293997172660134
Poole2025,Measured,P0243,P0243,0,34,90,-30,89.92052,-16.81274000000002,60.0,-90.0,73.18708,-89.73696,13.187460321424885
Poole2025,Measured,P0243,P0243,0,36,120,0,113.8002,0.2238118,60.0,180.0,66.19881,179.44541,6.203822700982512
Poole2025,Measured,P0243,P0243,0,38,-90,30,-89.34287,19.81587,-60.0,90.0,-70.17367,88.17699,10.201479588659296
Poole2025,Measured,P0243,P0243,0,41,45,-30,90.32386,24.77671,37.76124,-39.23152,65.22131,90.70161,69.92138765574855
Poole2025,Measured,P0243,P0243,0,44,180,0,10.6635,87.36562,0.0,180.0,0.4873,87.41105,92.58885530497236
Poole2025,Measured,P0243,P0243,0,47,0,30,32.0091,46.84196,0.0,30.0,21.25773,51.51097,29.88289254367287
Poole2025,Measured,P0243,P0243,0,51,90,60,70.10766,31.00804,30.0,90.0,53.70261,60.48591,31.884148578100728
Poole2025,Measured,P0243,P0243,0,53,-45,-30,-87.40287999999998,39.81539,-37.76124,-39.23152,-50.11406,86.88867,80.15153501064749
Poole2025,Measured,P0243,P0243,0,55,0,90,0.4410186,39.451,0.0,90.0,0.34054,39.45183,50.54900000000001
Poole2025,Measured,P0243,P0243,0,65,135,30,90.08347,38.0335,37.76124,140.76848,51.96642,90.10671,37.71168799345484
Poole2025,Measured,P0243,P0243,0,68,-90,60,-145.084,24.40968,-30.0,90.0,-31.41362,151.03771,51.79343621674025
Poole2025,Measured,P0243,P0243,0,70,0,60,2.213374,40.05022,0.0,60.0,1.69412,40.07128,19.997676423637316
Poole2025,Measured,P0243,P0243,0,71,-30,0,-33.99092000000002,32.44055,-30.0,0.0,-28.15244,37.47396,32.65848595868183
Poole2025,Measured,P0243,P0243,0,77,0,-30,150.7547,29.9544,0.0,-30.0,25.04252,146.55617,154.73693480706166
Poole2025,Measured,P0243,P0243,0,79,0,0,48.00072,34.42055,0.0,0.0,37.80929,45.68192,56.49804983984702
Poole2025,Measured,P0243,P0243,0,80,45,30,89.62294,17.96432,37.76124,39.23152,72.03185,88.83723,42.22156331516413
Poole2025,Measured,P0243,P0243,0,84,135,-30,128.0549,-25.820839999999976,37.76124,219.23152,45.13775,218.13082,7.422285531387475
Poole2025,Measured,P0243,P0243,0,88,-135,30,-60.20596999999998,40.56265,-37.76124,140.76848,-41.24474,59.86529,60.151783721317386
Poole2025,Measured,P0243,P0243,0,97,-120,0,-113.7225,0.3274564,-60.0,180.0,-66.27537,179.1861,6.286000679550114
Poole2025,Measured,P0243,P0243,0,98,150,0,152.0945,0.3077414,30.0,180.0,27.90506,179.65177,2.116977286051035
Poole2025,Measured,P0243,P0243,1,0,-90,60,-90.43025,21.54279,-30.0,90.0,-68.45312,91.08972,38.45841798023808
Poole2025,Measured,P0243,P0243,1,9,0,30,25.70628,25.60287,0.0,30.0,23.02717,28.00473,23.108760489117376
Poole2025,Measured,P0243,P0243,1,10,-90,0,-90.27228000000002,0.4238235,-90.0,0.0,-89.49625,122.71763,0.5037473626367438
Poole2025,Measured,P0243,P0243,1,12,45,30,90.22116,15.77333,37.76124,39.23152,74.22516,90.7829,43.70139113017887
Poole2025,Measured,P0243,P0243,1,16,90,0,90.40499,1.409172,90.0,0.0,88.5338,106.03123,1.466202425666527
Poole2025,Measured,P0243,P0243,1,18,180,60,-1.2167569999999728,32.67735,0.0,120.0,-1.02415,32.68322,87.31720680479555
Poole2025,Measured,P0243,P0243,1,19,120,0,89.70853,-0.3304307000000221,60.0,180.0,89.55939,-48.58521,30.293101058974383
Poole2025,Measured,P0243,P0243,1,27,0,-30,149.5836,37.41455,0.0,-30.0,23.71069,138.42552,153.76245227693929
Poole2025,Measured,P0243,P0243,1,28,135,-30,132.0946,-25.174660000000017,37.76124,219.23152,42.18732,215.03642,5.468772501338486
Poole2025,Measured,P0243,P0243,1,30,-135,30,-90.60084999999998,34.25461,-37.76124,140.76848,-55.74076,90.88223,37.54558389709186
Poole2025,Measured,P0243,P0243,1,33,-150,0,-142.2511,1.090201,-30.0,180.0,-37.74087,178.62132,7.824751365396124
Poole2025,Measured,P0243,P0243,1,34,0,0,36.33039,24.21293,0.0,0.0,32.70557,29.17,42.71455146438459
Poole2025,Measured,P0243,P0243,1,40,-60,0,-65.05894999999998,24.40522,-60.0,0.0,-55.66167,47.09636,24.89257105792985
Poole2025,Measured,P0243,P0243,1,45,0,90,0.3471792,26.95144,0.0,90.0,0.30947,26.95186,63.04856
Poole2025,Measured,P0243,P0243,1,48,30,0,57.85282,18.02709,30.0,0.0,53.6219,31.45094,32.78081328722809
Poole2025,Measured,P0243,P0243,1,49,-30,0,-15.229129999999998,0.5828267,-30.0,0.0,-15.22832,0.60404,14.782108394974635
Poole2025,Measured,P0243,P0243,1,54,-135,-30,-132.6606,-27.179160000000024,-37.76124,219.23152,-40.85765,217.15185,3.489262538202811
Poole2025,Measured,P0243,P0243,1,55,-45,30,-49.39576999999997,35.01896,-37.76124,39.23152,-38.44588,47.11321,6.237795345710411
Poole2025,Measured,P0243,P0243,1,61,-90,-30,-42.98604999999998,23.13346,-60.0,-90.0,-38.82888,30.28604,69.72307551427252
Poole2025,Measured,P0243,P0243,1,63,180,-30,-179.9515,-18.744460000000004,0.0,210.0,-0.04593,198.74447,11.255626247242192
Poole2025,Measured,P0243,P0243,1,64,135,30,89.62049,25.92919,37.76124,140.76848,64.06823,89.2195,40.030858065808026
Poole2025,Measured,P0243,P0243,1,72,180,0,-0.4656223000000068,34.5667,0.0,180.0,-0.38342,34.56758,145.43055412666615
Poole2025,Measured,P0243,P0243,1,73,90,60,87.42522,27.08912,30.0,90.0,62.79801,84.98066,32.9582405334581
Poole2025,Measured,P0243,P0243,1,74,180,30,-178.5605,61.12138,0.0,150.0,-0.69516,118.87097,31.13600941850868
Poole2025,Measured,P0243,P0243,1,78,150,0,140.3155,0.6786853,30.0,180.0,39.68116,179.11813,9.708025494447655
Poole2025,Measured,P0243,P0243,1,83,45,-30,90.40749,16.39392,37.76124,-39.23152,73.60116,91.38479,63.758030845843834
Poole2025,Measured,P0243,P0243,1,84,-90,30,-89.20666,25.50753,-60.0,90.0,-64.48096,88.33781,4.546947041435331
Poole2025,Measured,P0243,P0243,1,87,0,60,21.27508,32.97026,0.0,60.0,17.72272,34.84218,30.43741226217417
Poole2025,Measured,P0243,P0243,1,88,-120,0,-121.7794,1.216436,-60.0,180.0,-58.19976,177.69114,2.155343389972348
Poole2025,Measured,P0243,P0243,1,89,60,0,90.45531,-1.6325479999999857,60.0,0.0,88.30517,254.42063,30.494839533310127
Poole2025,Measured,P0243,P0243,1,90,90,30,91.07526,1.605594,60.0,90.0,88.06769,123.80158,28.412767470775854
Poole2025,Measured,P0243,P0243,1,93,90,-30,91.3191,-10.130380000000002,60.0,-90.0,79.78499,262.65839,19.907670877767224
Poole2025,Measured,P0243,P0243,1,98,-45,-30,-144.8461,21.14285,-37.76124,-39.23152,-32.48072,154.68593,108.5704571016818
Poole2025,Measured,P0243,P0243,2,3,-60,0,-60.36993000000001,0.4224361,-60.0,0.0,-60.36719,0.8544,0.5615140103268559
Poole2025,Measured,P0243,P0243,2,5,-45,-30,-64.3784,19.36511,-37.76124,-39.23152,-58.28324,39.10387,52.77476132371108
Poole2025,Measured,P0243,P0243,2,6,90,0,89.94321,-0.6714387999999758,90.0,0.0,89.32616,-85.16568,0.6738360472764937
Poole2025,Measured,P0243,P0243,2,7,-90,30,-87.70384999999999,26.70175,-60.0,90.0,-63.20693,85.4458,3.867765477997653
Poole2025,Measured,P0243,P0243,2,15,45,30,61.44985,16.45075,37.76124,39.23152,57.39874,31.70907,20.253227701746415
Poole2025,Measured,P0243,P0243,2,16,0,90,23.31282,40.16928,0.0,90.0,17.60241,42.58896,49.83071999999999
Poole2025,Measured,P0243,P0243,2,17,-150,0,-132.712,0.7506924,-30.0,180.0,-47.28267,178.89337,17.303793693099436
Poole2025,Measured,P0243,P0243,2,18,180,0,98.61339,89.91541,0.0,180.0,0.08364,90.01267,89.98733126376587
Poole2025,Measured,P0243,P0243,2,23,-135,30,-68.96782999999999,44.01727,-37.76124,140.76848,-42.16139,69.62402,53.099468082287906
Poole2025,Measured,P0243,P0243,2,28,0,30,24.94704,20.37816,0.0,30.0,23.28987,22.2783,24.468720564296685
Poole2025,Measured,P0243,P0243,2,30,45,-30,90.57515,-0.8315718999999717,37.76124,-39.23152,88.98892,235.33297,52.16517065538475
Poole2025,Measured,P0243,P0243,2,31,-90,60,178.5703,50.3206,-30.0,90.0,0.91279,129.67063,48.81038209782527
Poole2025,Measured,P0243,P0243,2,38,90,-30,90.12428,-9.589252999999983,60.0,-90.0,80.40995,269.26441,20.41107703071844
Poole2025,Measured,P0243,P0243,2,39,30,0,56.69144,1.506622,30.0,0.0,56.66131,2.7421,26.730810707659742
Poole2025,Measured,P0243,P0243,2,40,-135,-30,-138.2392,-10.796929999999977,-37.76124,219.23152,-40.86143,194.34103,19.438434960618785
Poole2025,Measured,P0243,P0243,2,45,120,0,89.16909,1.469404,60.0,180.0,88.31198,60.51921,30.862462933377667
Poole2025,Measured,P0243,P0243,2,47,150,0,144.4216,1.871162,30.0,180.0,35.55655,177.69977,5.882917893343912
Poole2025,Measured,P0243,P0243,2,49,0,0,22.55185,-0.1266688000000044,0.0,0.0,22.55179,-0.13716,22.552187169671107
Poole2025,Measured,P0243,P0243,2,55,-90,-30,-90.58812999999998,1.723969,-60.0,-90.0,-88.1785,108.83142,31.728937787819433
Poole2025,Measured,P0243,P0243,2,60,-90,0,-89.09620999999999,-18.499959999999987,-90.0,0.0,-71.47875,-87.30096,18.521251854100655
Poole2025,Measured,P0243,P0243,2,64,135,30,90.57103,25.26805,37.76124,140.76848,64.72592,91.20957,39.40307654446422
Poole2025,Measured,P0243,P0243,2,65,-30,0,-18.708439999999996,0.9472937,-30.0,0.0,-18.70579,1.00013,11.330712455061644
Poole2025,Measured,P0243,P0243,2,71,0,-30,179.8601,19.768,0.0,-30.0,0.13166,160.23195,169.76721640518514
Poole2025,Measured,P0243,P0243,2,72,180,-30,179.4692,-16.197180000000003,0.0,210.0,0.50973,196.19784,13.811387981838465
Poole2025,Measured,P0243,P0243,2,74,180,30,-0.429783499999985,40.05745,0.0,150.0,-0.32895,40.05824,109.94141337288308
Poole2025,Measured,P0243,P0243,2,75,-45,30,-54.52462000000003,1.047732,-37.76124,39.23152,-54.51118,1.80494,30.335047845838226
Poole2025,Measured,P0243,P0243,2,80,90,30,90.61529,1.88917,60.0,90.0,88.01319,108.03364,28.116898324648165
Poole2025,Measured,P0243,P0243,2,81,60,0,89.18932,-8.773866999999996,60.0,0.0,81.18905,-84.76229,30.36789871240776
Poole2025,Measured,P0243,P0243,2,87,90,60,90.75767,30.1711,30.0,90.0,59.82028,91.30306,29.833253171953917
Poole2025,Measured,P0243,P0243,2,88,-120,0,-123.3782,0.6647022,-60.0,180.0,-56.61595,178.79193,3.442898799702701
Poole2025,Measured,P0243,P0243,2,91,180,60,24.88046,30.03899,0.0,120.0,21.35938,32.51418,87.65860527281504
Poole2025,Measured,P0243,P0243,2,94,135,-30,126.5838,-24.968470000000025,37.76124,219.23152,46.7139,217.9996,8.998668189792916
Poole2025,Measured,P0243,P0243,2,95,0,60,35.91743,41.58945,0.0,60.0,26.02378,47.61926,28.63214262136263
Poole2025,Measured,P0244,P0244,0,7,-90,0,-90.32648,14.397,-90.0,0.0,-75.59938,91.27162,14.400623089598888
Poole2025,Measured,P0244,P0244,0,10,135,30,133.8846,19.04963,37.76124,140.76848,42.94274,153.52145,10.997056723083144
Poole2025,Measured,P0244,P0244,0,11,45,-30,119.4407,0.629007,37.76124,-39.23152,60.55318,178.72045,76.8914992943159
Poole2025,Measured,P0244,P0244,0,14,-135,-30,-145.1626,-8.30803800000001,-37.76124,219.23152,-34.41997,190.08815,23.68897177670618
Poole2025,Measured,P0244,P0244,0,16,180,30,-179.5634,22.9201,0.0,150.0,-0.40213,157.0793,7.090657198277964
Poole2025,Measured,P0244,P0244,0,17,30,0,100.1171,14.00642,30.0,0.0,72.78128,125.1532,70.73199579285104
Poole2025,Measured,P0244,P0244,0,21,0,60,-29.01958000000002,89.44566,0.0,60.0,-0.26891,89.51525,29.51636629387916
Poole2025,Measured,P0244,P0244,0,22,-90,60,-90.44695000000002,49.45888,-30.0,90.0,-40.53963,90.38228,10.54421647587289
Poole2025,Measured,P0244,P0244,0,28,0,-30,161.237,0.3901695,0.0,-30.0,18.76255,179.58793,145.42541787621516
Poole2025,Measured,P0244,P0244,0,34,90,60,90.1702,36.23728,30.0,90.0,53.76238,90.23223,23.76297300445823
Poole2025,Measured,P0244,P0244,0,35,0,30,20.23589,-0.0279764599999907,0.0,30.0,20.23589,-0.02982,35.67607890735676
Poole2025,Measured,P0244,P0244,0,38,-45,-30,-30.44941,-1.1509710000000268,-37.76124,-39.23152,-30.44261,-1.33505,31.991902339927577
Poole2025,Measured,P0244,P0244,0,43,60,0,90.01967,-0.9140737999999828,60.0,0.0,89.08571,268.76734,30.0322863670152
Poole2025,Measured,P0244,P0244,0,46,-90,30,-89.84370999999999,25.80109,-60.0,90.0,-64.19847,89.67672,4.201179290915884
Poole2025,Measured,P0244,P0244,0,47,180,0,-179.3359,0.166689,0.0,180.0,-0.6641,179.8333,0.6846990495395102
Poole2025,Measured,P0244,P0244,0,48,45,30,90.76597,19.7573,37.76124,39.23152,70.22845,92.1315,42.47379726406475
Poole2025,Measured,P0244,P0244,0,49,0,0,4.072898,-0.0906540899999868,0.0,0.0,4.07289,-0.09088,4.073905059674829
Poole2025,Measured,P0244,P0244,0,50,90,-30,89.75993,-0.3896677000000181,60.0,-90.0,89.54232,-58.3637,29.611213802518723
Poole2025,Measured,P0244,P0244,0,51,90,0,91.10434,-12.969159999999988,90.0,0.0,76.98471,265.21625,13.015290131454114
Poole2025,Measured,P0244,P0244,0,52,120,0,122.7342,0.6299395,60.0,180.0,57.26041,178.83516,2.8057747842622525
Poole2025,Measured,P0244,P0244,0,53,-135,30,-145.3823,11.39086,-37.76124,140.76848,-33.84223,166.24395,20.96205746336062
Poole2025,Measured,P0244,P0244,0,55,0,90,0.8775957,59.58914,0.0,90.0,0.44422,59.59207,30.41086
Poole2025,Measured,P0244,P0244,0,59,-120,0,-135.4586,-0.7885751000000027,-60.0,180.0,-44.53606,181.10633,15.478210547156523
Poole2025,Measured,P0244,P0244,0,61,90,30,98.77861,15.97931,60.0,90.0,71.82334,118.05604,16.1668011807812
Poole2025,Measured,P0244,P0244,0,69,-90,-30,-89.80455999999998,-0.667639500000007,-60.0,-90.0,-89.30434,-73.68424,29.33294973132798
Poole2025,Measured,P0244,P0244,0,71,-30,0,-145.8504,18.3188,-30.0,0.0,-32.20211,158.19545,114.4517185588754
Poole2025,Measured,P0244,P0244,0,72,-45,30,-152.3864,28.34532,-37.76124,39.23152,-24.07505,148.6664,89.44773074460265
Poole2025,Measured,P0244,P0244,0,75,-150,0,-144.884,-3.300670000000025,-30.0,180.0,-35.04919,184.0329,6.08595952201036
Poole2025,Measured,P0244,P0244,0,76,180,-30,161.0107,-9.539513999999995,0.0,210.0,18.71687,190.07758,27.071969762940142
Poole2025,Measured,P0244,P0244,0,80,180,60,180.0,34.64564,0.0,120.0,0.0,145.35436,25.354359999999996
Poole2025,Measured,P0244,P0244,0,83,150,0,141.9445,-8.32404600000001,30.0,180.0,37.58448,190.52633,11.56386738868534
Poole2025,Measured,P0244,P0244,0,91,135,-30,129.1876,-12.976740000000008,37.76124,219.23152,49.05043,200.03697,17.852796930940507
Poole2025,Measured,P0244,P0244,0,98,-60,0,-88.63157000000001,33.54808,-60.0,0.0,-56.42728,87.93738,42.98680729268785
Poole2025,Measured,P0244,P0244,1,3,0,90,44.53514,53.89841,0.0,90.0,24.40894,62.53333,36.10159000000001
Poole2025,Measured,P0244,P0244,1,5,90,0,90.30919,-0.3339647999999897,90.0,0.0,89.54488,227.20645,0.4551152173796117
Poole2025,Measured,P0244,P0244,1,11,-30,0,-179.8781,17.31964,-30.0,0.0,-0.11637,162.68032,145.6637264330581
Poole2025,Measured,P0244,P0244,1,15,120,0,113.3729,0.1958353,60.0,180.0,66.62633,179.50637,6.62997999210607
Poole2025,Measured,P0244,P0244,1,18,45,-30,90.28629,13.28903,37.76124,-39.23152,76.70794,91.21194,61.44136696768641
Poole2025,Measured,P0244,P0244,1,21,60,0,90.46976,-0.1582587999999987,60.0,0.0,89.5043,198.61854,30.4701314978077
Poole2025,Measured,P0244,P0244,1,26,45,30,90.14258,20.01128,37.76124,39.23152,69.98823,90.39149,41.834929190094925
Poole2025,Measured,P0244,P0244,1,28,135,-30,131.7404,-15.728009999999983,37.76124,219.23152,45.90869,202.92835,14.582132506638212
Poole2025,Measured,P0244,P0244,1,33,150,0,138.9773,21.46968,30.0,180.0,37.6484,152.46669,24.014427519088848
Poole2025,Measured,P0244,P0244,1,34,-135,30,-149.3543,25.29711,-37.76124,140.76848,-27.44178,151.21726,13.544172432754308
Poole2025,Measured,P0244,P0244,1,36,-90,30,-90.35625,28.23529,-60.0,90.0,-61.76265,90.66339,1.791940116905833
Poole2025,Measured,P0244,P0244,1,48,90,60,90.70556,27.70026,30.0,90.0,62.29147,91.3436,32.303338893265924
Poole2025,Measured,P0244,P0244,1,50,-90,-30,-67.68698999999998,-0.2046301999999968,-60.0,-90.0,-67.6861,-0.53896,36.586195509773525
Poole2025,Measured,P0244,P0244,1,51,0,-30,28.03531,-0.5097569999999791,0.0,-30.0,28.0341,-0.57752,39.751732571661734
Poole2025,Measured,P0244,P0244,1,52,-45,-30,-45.43275,-0.6720214000000055,-37.76124,-39.23152,-45.42875,-0.9576,29.33086778027625
Poole2025,Measured,P0244,P0244,1,54,-135,-30,-142.8018,-5.497398999999973,-37.76124,219.23152,-36.99845,186.88938,25.58269111599564
Poole2025,Measured,P0244,P0244,1,56,90,-30,90.31403,-0.052339159999974,60.0,-90.0,89.68164,189.46252,29.949153727427262
Poole2025,Measured,P0244,P0244,1,58,90,30,89.77076,8.790955,60.0,90.0,81.20608,88.51799,21.210129878024553
Poole2025,Measured,P0244,P0244,1,60,180,30,-0.3626168999999777,70.4854,0.0,150.0,-0.12113,70.48576,79.51426240664085
Poole2025,Measured,P0244,P0244,1,61,-60,0,-89.77040999999997,20.43715,-60.0,0.0,-69.56162,89.3839,35.57201107110876
Poole2025,Measured,P0244,P0244,1,63,-150,0,-147.8249,-0.2298501999999871,-30.0,180.0,-32.17481,180.27155,2.18720500697879
Poole2025,Measured,P0244,P0244,1,64,-45,30,-58.27828999999997,24.39372,-37.76124,39.23152,-50.77575,40.77719,13.060704186129495
Poole2025,Measured,P0244,P0244,1,65,0,60,177.5859,50.42747,0.0,60.0,1.53764,129.54755,69.55524490174005
Poole2025,Measured,P0244,P0244,1,66,180,-30,-179.4036,-0.1845175000000267,0.0,210.0,-0.5964,180.18453,29.820888460469032
Poole2025,Measured,P0244,P0244,1,69,180,60,17.99564,86.55475,0.0,120.0,1.06381,86.72291,33.29212950163096
Poole2025,Measured,P0244,P0244,1,77,-90,60,-52.215269999999975,57.49923,-30.0,90.0,-25.1283,68.6772,19.48729154230663
Poole2025,Measured,P0244,P0244,1,78,0,30,52.22007,49.03909,0.0,30.0,31.20637,61.99515,43.4995688864501
Poole2025,Measured,P0244,P0244,1,81,0,0,37.97573,0.2548778,0.0,0.0,37.97529,0.32334,37.97645623394653
Poole2025,Measured,P0244,P0244,1,83,135,30,123.0086,22.01647,37.76124,140.76848,51.02638,143.41475,13.396900816768335
Poole2025,Measured,P0244,P0244,1,92,-120,0,-129.1959,9.540895,-60.0,180.0,-49.84207,165.10667,13.22152937072045
Poole2025,Measured,P0244,P0244,1,93,30,0,75.13607,-0.1065312000000062,30.0,0.0,75.1357,-0.41528,45.13616856840295
Poole2025,Measured,P0244,P0244,1,97,180,0,-179.2001,1.154705,0.0,180.0,-0.79974,178.84518,1.404669718407683
Poole2025,Measured,P0244,P0244,1,98,-90,0,-89.74421000000001,14.61759,-90.0,0.0,-75.38022,89.01934,14.61977907416225
Poole2025,Measured,P0244,P0244,2,4,45,30,90.83859,-0.9125740000000064,37.76124,39.23152,88.76066,227.42265,53.46565870444323
Poole2025,Measured,P0244,P0244,2,7,-90,0,-88.46474999999998,18.72585,-90.0,0.0,-71.21357,85.48096,18.78642917893848
Poole2025,Measured,P0244,P0244,2,12,0,-30,20.77872,-19.23924999999997,0.0,-30.0,19.5693,-20.46982,21.684459722111328
Poole2025,Measured,P0244,P0244,2,15,0,60,-178.8971,33.57167,0.0,60.0,-0.91891,146.42344,86.4238993423797
Poole2025,Measured,P0244,P0244,2,24,90,30,91.65823,13.06322,60.0,90.0,76.83377,97.1089,17.006126303633007
Poole2025,Measured,P0244,P0244,2,25,-120,0,-89.71438999999998,10.24258,-60.0,180.0,-79.75348,88.41979,31.81432512616981
Poole2025,Measured,P0244,P0244,2,27,-90,-30,-89.61998,7.847454,-60.0,-90.0,-82.14341,87.24492,37.84921612411706
Poole2025,Measured,P0244,P0244,2,28,120,0,110.7009,-0.1297215000000164,60.0,180.0,69.29871,180.36697,9.299996799106626
Poole2025,Measured,P0244,P0244,2,29,-90,30,-77.04228999999998,37.29646,-60.0,90.0,-50.82806,73.59641,13.002767841160171
Poole2025,Measured,P0244,P0244,2,33,-45,-30,-30.190969999999993,-24.06238000000002,-37.76124,-39.23152,-27.33448,-27.32132,14.449439882733364
Poole2025,Measured,P0244,P0244,2,34,-45,30,-53.04082,42.99089,-37.76124,39.23152,-35.76662,57.17949,14.493047648912183
Poole2025,Measured,P0244,P0244,2,37,0,0,29.03479,0.8033255,0.0,0.0,29.03166,0.91878,29.04493332816581
Poole2025,Measured,P0244,P0244,2,38,60,0,90.57531,0.1119058,60.0,0.0,89.41391,168.99243,30.575494968748576
Poole2025,Measured,P0244,P0244,2,41,-30,0,-177.9747,12.5942,-30.0,0.0,-1.97655,167.39818,145.83406662717823
Poole2025,Measured,P0244,P0244,2,48,90,0,90.87789,-0.6679325000000063,90.0,0.0,88.89692,217.26761,1.103081938689697
Poole2025,Measured,P0244,P0244,2,51,-135,30,-158.811,27.50439,-37.76124,140.76848,-18.69881,150.82026,20.985854054868085
Poole2025,Measured,P0244,P0244,2,54,90,60,89.90074,39.43134,30.0,90.0,50.56856,89.87929,20.56875451150473
Poole2025,Measured,P0244,P0244,2,56,-90,60,-41.65775000000002,47.72853,-30.0,90.0,-26.55732,55.81742,30.188484825875776
Poole2025,Measured,P0244,P0244,2,66,-60,0,-90.14632,17.67709,-60.0,0.0,-72.32232,90.4591,34.52135953751663
Poole2025,Measured,P0244,P0244,2,67,180,60,-179.2028,35.424,0.0,120.0,-0.64962,144.57338,24.58143259694027
Poole2025,Measured,P0244,P0244,2,73,0,30,43.00815,20.90461,0.0,30.0,39.58361,27.57928,39.64540841800705
Poole2025,Measured,P0244,P0244,2,74,135,30,115.3698,10.11221,37.76124,140.76848,62.81364,157.40037,27.024846074884223
Poole2025,Measured,P0244,P0244,2,77,0,90,6.846933,88.8689,0.0,90.0,0.13484,88.87696,1.1310999999999838
Poole2025,Measured,P0244,P0244,2,80,180,-30,179.7353,-0.597088699999972,0.0,210.0,0.26469,180.5971,29.40398979656025
Poole2025,Measured,P0244,P0244,2,83,150,0,142.0612,-0.3695652999999765,30.0,180.0,37.93787,180.46859,7.947342247529915
Poole2025,Measured,P0244,P0244,2,84,180,30,177.8919,60.13712,0.0,150.0,1.0495,119.84613,30.1704084629744
Poole2025,Measured,P0244,P0244,2,87,135,-30,124.4074,-23.19092000000001,37.76124,219.23152,49.32119,217.16774,11.655122347421631
Poole2025,Measured,P0244,P0244,2,88,-150,0,-132.9238,-15.643329999999992,-30.0,180.0,-44.84056,202.35123,22.9996930047538
Poole2025,Measured,P0244,P0244,2,89,-135,-30,-131.8675,-1.3082079999999792,-37.76124,219.23152,-48.11584,181.9597,28.845800386368403
Poole2025,Measured,P0244,P0244,2,92,90,-30,91.62614,-10.271479999999997,60.0,-90.0,79.60196,261.10003,19.78668719915845
Poole2025,Measured,P0244,P0244,2,94,180,0,-177.7252,12.42402,0.0,180.0,-2.2215,167.56649,12.627336212211477
Poole2025,Measured,P0244,P0244,2,96,30,0,90.92537,13.38005,30.0,0.0,76.58857,93.88417,61.78651978161535
Poole2025,Measured,P0244,P0244,2,97,45,-30,91.59329,-12.114890000000004,37.76124,-39.23152,77.78234,262.61943,46.62334417730818
Poole2025,Measured,P0250,P0250,0,1,0,-30,40.37683,0.09065409,0.0,-30.0,40.37677,0.119,48.78042250312276
Poole2025,Measured,P0250,P0250,0,2,135,-30,137.9453,-20.327850000000012,37.76124,219.23152,38.91172,206.51633,10.031374744806824
Poole2025,Measured,P0250,P0250,0,11,0,0,27.25156,-30.90849000000003,0.0,0.0,23.13329,-33.9578,40.29222829689046
Poole2025,Measured,P0250,P0250,0,12,0,60,149.698,29.83835,0.0,60.0,25.9553,146.40149,86.76485723106136
Poole2025,Measured,P0250,P0250,0,20,180,60,0.6106976,-60.10528999999997,0.0,120.0,0.30437,-60.1067,179.67746885445
Poole2025,Measured,P0250,P0250,0,21,-60,0,-43.02076999999997,-32.69776000000002,-60.0,0.0,-35.03988,-41.2841,36.40421902682677
Poole2025,Measured,P0250,P0250,0,28,180,0,178.9041,0.1631294,0.0,180.0,1.0959,179.83684,1.107973269477305
Poole2025,Measured,P0250,P0250,0,30,-90,30,-89.77494999999999,29.45904,-60.0,90.0,-60.54018,89.60157,0.5751775987078136
Poole2025,Measured,P0250,P0250,0,32,120,0,110.0052,0.6106976,60.0,180.0,69.98586,178.21539,10.013250615696622
Poole2025,Measured,P0250,P0250,0,33,0,90,0.8175707,61.63369,0.0,90.0,0.38842,61.63613,28.366309999999995
Poole2025,Measured,P0250,P0250,0,38,90,-30,90.11188,-40.03372999999999,60.0,-90.0,49.96614,269.86683,10.034145714786828
Poole2025,Measured,P0250,P0250,0,43,45,30,89.89669,0.2880355,37.76124,39.23152,89.694,70.26872,51.97673263601928
Poole2025,Measured,P0250,P0250,0,44,-135,-30,-89.73951999999997,-20.386900000000026,-37.76124,219.23152,-69.61151,-89.29914,41.79124949903792
Poole2025,Measured,P0250,P0250,0,47,150,0,153.2088,-20.630139999999983,30.0,180.0,24.95058,202.8675,20.8674417937359
Poole2025,Measured,P0250,P0250,0,50,-150,0,-123.87560000000002,-0.2298501999999871,-30.0,180.0,-56.12371,180.41236,26.12534006603164
Poole2025,Measured,P0250,P0250,0,53,-90,60,-148.5246,-35.35604000000001,-30.0,90.0,-25.20363,219.75751,106.75095021241005
Poole2025,Measured,P0250,P0250,0,58,90,0,104.7512,9.319812,90.0,0.0,72.60673,147.19705,17.393268562746425
Poole2025,Measured,P0250,P0250,0,59,-45,-30,-41.65863999999999,-31.04151999999999,-37.76124,-39.23152,-34.7156,-38.85347,3.0608610504175284
Poole2025,Measured,P0250,P0250,0,64,135,30,49.90729,34.81077,37.76124,140.76848,38.91007,47.19227,69.74131828327842
Poole2025,Measured,P0250,P0250,0,68,-45,30,-29.85023000000001,-22.639340000000004,-37.76124,39.23152,-27.34725,-25.68113,54.61613982429444
Poole2025,Measured,P0250,P0250,0,70,-90,0,-58.64702999999997,0.1153499,-90.0,0.0,-58.64684,0.22169,31.353160575053582
Poole2025,Measured,P0250,P0250,0,72,180,30,-0.9059024000000022,-46.06891999999999,0.0,150.0,-0.62849,-46.0725,163.91554178049415
Poole2025,Measured,P0250,P0250,0,74,45,-30,53.88794,-25.903250000000018,37.76124,-39.23152,46.61062,-39.48887,8.851414383505658
Poole2025,Measured,P0250,P0250,0,75,30,0,58.13802,0.2093567,30.0,0.0,58.1374,0.3966,28.138735190011506
Poole2025,Measured,P0250,P0250,0,77,-90,-30,-89.60863,0.3165179,-60.0,-90.0,-89.49666,38.96447,30.31881104095802
Poole2025,Measured,P0250,P0250,0,84,90,60,50.60015,33.30831,30.0,90.0,40.2254,45.99147,37.015676994371475
Poole2025,Measured,P0250,P0250,0,86,90,30,90.1789,17.77272,60.0,90.0,72.22641,90.5581,12.22836751654237
Poole2025,Measured,P0250,P0250,0,87,60,0,90.73306,0.06852804,60.0,0.0,89.26374,174.65924,30.733128929390112
Poole2025,Measured,P0250,P0250,0,88,-120,0,-55.731449999999995,-9.603571999999986,-60.0,180.0,-54.57015,-16.72535,64.6549084773654
Poole2025,Measured,P0250,P0250,0,89,-30,0,179.7569,0.1027921,-30.0,0.0,0.2431,179.89721,150.2429387156398
Poole2025,Measured,P0250,P0250,0,90,0,30,37.47182,32.22812,0.0,30.0,30.97342,38.46104,31.99717085092324
Poole2025,Measured,P0250,P0250,0,93,180,-30,-48.86865,-35.35424999999998,0.0,210.0,-37.90147,-47.16443,100.09579808945576
Poole2025,Measured,P0250,P0250,0,95,-135,30,-64.85277000000002,33.91917,-37.76124,140.76848,-48.69216,57.71001,58.46172223772573
Poole2025,Measured,P0250,P0250,1,1,60,0,90.04166,-0.1519511000000193,60.0,0.0,89.84244,254.66816,30.042008404862383
Poole2025,Measured,P0250,P0250,1,2,0,30,37.82563,19.43846,0.0,30.0,35.33136,24.07458,35.760949616736
Poole2025,Measured,P0250,P0250,1,4,-90,-30,-62.13763,-25.85991999999999,-60.0,-90.0,-52.70671,-46.04465,24.89946763888586
Poole2025,Measured,P0250,P0250,1,5,45,-30,57.58605,-24.328880000000023,37.76124,-39.23152,50.28471,-40.14644,12.540475943739525
Poole2025,Measured,P0250,P0250,1,6,0,90,-0.0906540899999868,0.04423466,0.0,90.0,-0.09065,0.04423,89.95576534
Poole2025,Measured,P0250,P0250,1,13,180,30,-142.2898,56.00272,0.0,150.0,-19.99976,118.08255,37.09635048935869
Poole2025,Measured,P0250,P0250,1,18,90,30,90.17551,28.40388,60.0,90.0,61.59562,90.32454,1.603454854123058
Poole2025,Measured,P0250,P0250,1,20,90,-30,112.1296,-23.895759999999996,60.0,-90.0,57.87957,229.62721,20.609373969064
Poole2025,Measured,P0250,P0250,1,23,90,60,134.3385,35.29574,30.0,90.0,35.71483,134.63217,37.602549566822915
Poole2025,Measured,P0250,P0250,1,24,180,-30,-41.57405,-27.253899999999987,0.0,210.0,-36.15133,-34.55022,110.3028524308097
Poole2025,Measured,P0250,P0250,1,28,180,60,19.19352,89.16096,0.0,120.0,0.27583,89.20759,30.79352099394134
Poole2025,Measured,P0250,P0250,1,34,-90,60,-142.9542,25.41055,-30.0,90.0,-32.96794,149.23893,49.93190386123313
Poole2025,Measured,P0250,P0250,1,42,-45,30,-40.75369999999998,0.315899,-37.76124,39.23152,-40.75295,0.41701,29.95799485094794
Poole2025,Measured,P0250,P0250,1,47,-30,0,-38.43633999999997,-14.975199999999973,-30.0,0.0,-36.90803,-18.85429,17.1405385371847
Poole2025,Measured,P0250,P0250,1,48,135,-30,148.1937,-20.10935999999998,37.76124,219.23152,29.66443,203.30777,15.491226577927472
Poole2025,Measured,P0250,P0250,1,49,180,0,179.6872,-11.03492,0.0,180.0,0.30702,191.03508,11.039297553047216
Poole2025,Measured,P0250,P0250,1,50,-60,0,-49.29142999999999,-23.70884000000001,-60.0,0.0,-43.95227,-33.95354,25.887192449108383
Poole2025,Measured,P0250,P0250,1,51,-135,30,-124.966,24.32948,-37.76124,140.76848,-48.30656,141.72849,10.568397671633363
Poole2025,Measured,P0250,P0250,1,58,-120,0,-90.81699000000005,-39.69805000000002,-60.0,180.0,-50.29493,269.01599,47.79725237268357
Poole2025,Measured,P0250,P0250,1,70,-135,-30,-135.8751,-30.70328999999998,-37.76124,219.23152,-36.77185,219.59994,1.031922885692959
Poole2025,Measured,P0250,P0250,1,76,135,30,110.1792,32.57706,37.76124,140.76848,52.27379,118.36333,21.31815549356175
Poole2025,Measured,P0250,P0250,1,77,0,60,43.86071,36.14957,0.0,60.0,34.02184,45.37546,36.6812319733691
Poole2025,Measured,P0250,P0250,1,78,0,0,31.08164,0.07912937,0.0,0.0,31.08161,0.09239,31.081730645813767
Poole2025,Measured,P0250,P0250,1,80,90,0,89.25829,-1.1206490000000144,90.0,0.0,88.65616,-56.50522,1.3438443922497287
Poole2025,Measured,P0250,P0250,1,82,30,0,58.91855,0.1866263,30.0,0.0,58.91805,0.3615,28.919100166617536
Poole2025,Measured,P0250,P0250,1,83,-45,-30,-39.82161000000002,-33.96742999999998,-37.76124,-39.23152,-32.08107,-41.25535,5.9171286837487145
Poole2025,Measured,P0250,P0250,1,85,45,30,91.9724,0.4796977,37.76124,39.23152,87.97013,166.32785,53.480357807526346
Poole2025,Measured,P0250,P0250,1,89,-90,0,-89.60136,-28.723540000000018,-90.0,0.0,-61.27393,-89.27262,28.726070433597883
Poole2025,Measured,P0250,P0250,1,90,-90,30,-127.5453,22.02036,-60.0,90.0,-47.30995,146.42852,34.51026594811049
Poole2025,Measured,P0250,P0250,1,92,-150,0,-142.3101,-19.172950000000014,-30.0,180.0,-35.27313,203.72048,20.603642044374713
Poole2025,Measured,P0250,P0250,1,93,0,-30,24.35723,0.772531,0.0,-30.0,24.35487,0.848,38.54408808901228
Poole2025,Measured,P0250,P0250,1,94,150,0,155.7828,0.1065312,30.0,180.0,24.21716,179.88319,5.783777846239562
Poole2025,Measured,P0250,P0250,1,95,120,0,141.1281,7.374588,60.0,180.0,38.49088,170.56146,22.322427974487592
Poole2025,Measured,P0250,P0250,2,2,-135,30,-54.85102999999998,-22.38594999999998,-37.76124,140.76848,-49.11622,-35.58155,93.06230844770558
Poole2025,Measured,P0250,P0250,2,3,90,30,90.58514,13.03951,60.0,90.0,76.94759,92.52489,16.969129459371835
Poole2025,Measured,P0250,P0250,2,5,-60,0,-43.32240999999999,-23.065049999999985,-60.0,0.0,-39.14287,-30.34085,28.19336984726833
Poole2025,Measured,P0250,P0250,2,6,45,-30,58.81142,-26.691430000000025,37.76124,-39.23152,49.84544,-44.15258,12.588160746812564
Poole2025,Measured,P0250,P0250,2,10,180,60,-179.9604,-18.886840000000007,0.0,120.0,-0.03747,198.88684,78.88684659770992
Poole2025,Measured,P0250,P0250,2,13,180,-30,-25.22489999999999,-20.38144,0.0,210.0,-23.54642,-22.3275,124.07385849013022
Poole2025,Measured,P0250,P0250,2,16,-45,30,-52.17326000000003,-9.659317999999985,-37.76124,39.23152,-51.13904,-15.51093,40.25547724002838
Poole2025,Measured,P0250,P0250,2,18,0,0,45.07774,25.23832,0.0,0.0,39.82725,33.72471,50.30211457725406
Poole2025,Measured,P0250,P0250,2,19,-150,0,-162.2259,0.7860898,-30.0,180.0,-17.77237,179.17451,12.250761635212392
Poole2025,Measured,P0250,P0250,2,20,180,0,-179.7346,22.3678,0.0,180.0,-0.24543,157.63198,22.36929365804194
Poole2025,Measured,P0250,P0250,2,22,-90,30,-90.06995999999998,-19.33159000000001,-60.0,90.0,-70.66829,269.80058,49.33163601737859
Poole2025,Measured,P0250,P0250,2,23,135,30,139.4744,25.46502,37.76124,140.76848,35.92031,147.93211,6.019492837871904
Poole2025,Measured,P0250,P0250,2,24,60,0,117.6682,-15.553510000000015,60.0,0.0,58.56357,210.93837,58.98673691854099
Poole2025,Measured,P0250,P0250,2,28,0,-30,42.65719,-18.447339999999997,0.0,-30.0,40.00027,-24.39818,40.32527139772863
Poole2025,Measured,P0250,P0250,2,29,0,90,179.6904,22.15012,0.0,90.0,0.28675,157.84959,67.84988000000001
Poole2025,Measured,P0250,P0250,2,33,0,60,31.03371,-0.1083524000000011,0.0,60.0,31.03365,-0.12645,64.73575757499141
Poole2025,Measured,P0250,P0250,2,37,0,30,29.19219,15.08751,0.0,30.0,28.09455,17.16117,30.670336613578048
Poole2025,Measured,P0250,P0250,2,39,180,30,1.917038,47.45671,0.0,150.0,1.29607,47.47269,102.52405397865992
Poole2025,Measured,P0250,P0250,2,41,-120,0,-90.65988,-13.770809999999983,-60.0,180.0,-76.21369,267.30957,32.14878007056542
Poole2025,Measured,P0250,P0250,2,50,90,0,90.82099,0.6314908,90.0,0.0,88.96425,142.43109,1.0357499299989992
Poole2025,Measured,P0250,P0250,2,55,-135,-30,-96.47194000000002,-33.91786000000002,-37.76124,219.23152,-55.54289,260.48414,32.73158956071135
Poole2025,Measured,P0250,P0250,2,56,-30,0,-18.002250000000004,-18.335289999999983,-30.0,0.0,-17.05948,-19.21145,21.79832916135023
Poole2025,Measured,P0250,P0250,2,65,45,30,74.42171,0.9091367,37.76124,39.23152,74.39586,3.38164,40.344073774762286
Poole2025,Measured,P0250,P0250,2,67,90,60,64.3586,43.05732,30.0,90.0,41.20192,65.15001,22.98332071555752
Poole2025,Measured,P0250,P0250,2,68,135,-30,140.1757,-18.490670000000023,37.76124,219.23152,37.39981,203.52968,12.434311405165898
Poole2025,Measured,P0250,P0250,2,69,90,-30,90.88078,-28.13544999999999,60.0,-90.0,61.85189,268.35342,2.01720110056263
Poole2025,Measured,P0250,P0250,2,72,30,0,45.9921,0.2007689,30.0,0.0,45.99174,0.28898,15.99332730693783
Poole2025,Measured,P0250,P0250,2,73,-90,60,-45.9624,-0.507062899999994,-30.0,90.0,-45.96008,-0.72943,69.40477348212336
Poole2025,Measured,P0250,P0250,2,75,120,0,138.2357,0.7843454,60.0,180.0,41.75951,178.9485,18.251987222970953
Poole2025,Measured,P0250,P0250,2,86,-90,-30,-91.34045000000005,-30.04969,-60.0,-90.0,-59.92322,267.68439,1.1616295749027197
Poole2025,Measured,P0250,P0250,2,90,150,0,152.6653,19.8273,30.0,180.0,25.59243,157.90868,19.998493801562123
Poole2025,Measured,P0250,P0250,2,92,-90,0,-58.77818000000002,0.1235407,-90.0,0.0,-58.77796,0.23833,31.22203973106183
Poole2025,Measured,P0250,P0250,2,96,-45,-30,-37.48680000000002,0.5093729,-37.76124,-39.23152,-37.48506,0.64193,31.3382975609514
Daugintis2025,Measured,P0001,P0001,0,1,315,-30,-61.74826,-25.43555,-37.76124390703505,-39.23152048359226,-52.7017622796949,-45.13579581078902,15.495235413562956
Daugintis2025,Measured,P0001,P0001,0,6,90,0,89.21635,-0.2586879,90.0,0.0,89.17475907807146,-18.26903629610412,0.8252409219285393
Daugintis2025,Measured,P0001,P0001,0,7,225,30,-46.87556,42.38875,-37.76124390703504,140.76847951640778,-32.62059566735825,53.16985258849965,69.02176813945368
Daugintis2025,Measured,P0001,P0001,0,8,330,0,-33.22633,0.276953,-30.00000000000003,0.0,-33.22589154582796,0.3310793837715522,3.2381826917693934
Daugintis2025,Measured,P0001,P0001,0,10,0,-30,-0.998776,0.3779418,0.0,-30.0,-0.998754268729952,0.3779992286031017,30.392845806128086
Daugintis2025,Measured,P0001,P0001,0,11,90,30,89.89068,27.53313,60.00000000000001,90.0,62.4666699422042,89.79029544301616,2.468730039557535
Daugintis2025,Measured,P0001,P0001,0,13,135,30,93.90498,37.67257,37.761243907035045,140.76847951640775,52.15548574757396,95.04049775906051,34.69832135301998
Daugintis2025,Measured,P0001,P0001,0,14,270,30,-85.24401,28.24262,-60.00000000000001,90.0,-61.3922764586145,81.22535093766658,4.510622311262682
Daugintis2025,Measured,P0001,P0001,0,17,315,30,-56.99586,24.4129,-37.76124390703505,39.23152048359225,-49.78701446145157,39.804035328423936,12.032775745746148
Daugintis2025,Measured,P0001,P0001,0,19,60,0,60.03264,4.664973,59.99999999999999,0.0,59.70507875822701,9.27790151741604,4.665086934361373
Daugintis2025,Measured,P0001,P0001,0,23,120,0,90.58371,8.67061,60.00000000000002,180.0,81.30991425713498,93.8219473055943,30.557542781309316
Daugintis2025,Measured,P0001,P0001,0,24,135,-30,108.7568,-28.85134,37.761243907035045,219.23152048359225,56.03291496663804,239.7295490596443,22.83684375292791
Daugintis2025,Measured,P0001,P0001,0,28,270,-30,-92.58331,-22.80241,-60.00000000000001,-90.0,-67.05948474590487,263.8807268117217,7.559556437357097
Daugintis2025,Measured,P0001,P0001,0,29,300,0,-91.06353,4.815644,-59.99999999999999,0.0,-85.06858453923083,102.42468853426408,31.3976801986457
Daugintis2025,Measured,P0001,P0001,0,32,270,60,-37.30293,30.1244,-30.00000000000001,90.0,-31.612885334232413,36.10950656829438,45.83485985635831
Daugintis2025,Measured,P0001,P0001,0,35,0,30,2.22396,86.52281,0.0,30.0,0.1348520272292314,86.52542268405199,56.52552762041584
Daugintis2025,Measured,P0001,P0001,0,37,30,0,22.47579,-0.575053,29.999999999999996,0.0,22.474596114560327,-0.6223204396231523,7.546026697774821
Daugintis2025,Measured,P0001,P0001,0,39,240,0,-130.7775,-0.1440177,-59.99999999999997,180.0,-49.22229014322528,180.22050552501423,10.778450822988209
Daugintis2025,Measured,P0001,P0001,0,40,90,60,49.65536,29.86133,30.00000000000001,90.0,41.37419153796575,41.56799013632411,40.38718871567447
Daugintis2025,Measured,P0001,P0001,0,43,180,-30,165.3514,-15.03535,0.0,210.0,14.13649067839389,195.5165214037063,20.132548830366243
Daugintis2025,Measured,P0001,P0001,0,50,0,0,-0.9264069,-0.3220336,0.0,0.0,-0.9263922659141368,-0.3220756985997184,0.9807784389988884
Daugintis2025,Measured,P0001,P0001,0,52,270,0,-90.52679,13.42968,-90.0,0.0,-76.56018185369761,92.2050426490527,13.439818146302384
Daugintis2025,Measured,P0001,P0001,0,54,45,-30,46.52768,-3.16669,37.76124390703504,-39.23152048359225,46.43547597582164,-4.5975193533991785,26.872295524576018
Daugintis2025,Measured,P0001,P0001,0,57,0,60,1.626303,14.86936,0.0,60.0,1.5718298164815954,14.875086327276136,45.14637499863597
Daugintis2025,Measured,P0001,P0001,0,65,180,30,-0.3593647,44.99765,0.0,150.00000000000003,-0.2541188054157502,44.99821349627803,105.00163548641126
Daugintis2025,Measured,P0001,P0001,0,69,180,60,165.8237,49.98749,0.0,120.0,9.059712756063144,129.14238824554843,12.843781277761943
Daugintis2025,Measured,P0001,P0001,0,70,90,-30,92.65908,-22.95029,60.00000000000001,-90.0,66.90445498028699,263.7476485941624,7.439836329921325
Daugintis2025,Measured,P0001,P0001,0,72,45,30,52.40683,29.79585,37.76124390703504,39.23152048359225,43.441469635036974,43.18669468677348,6.423216644131152
Daugintis2025,Measured,P0001,P0001,0,74,0,90,-177.6116,36.37836,0.0,90.0,-1.9227475210182072,143.59785837828835,53.621640000000006
Daugintis2025,Measured,P0001,P0001,0,80,150,0,131.3931,18.72573,29.999999999999996,180.0,45.27400424192605,152.85759380773848,26.160433420745605
Daugintis2025,Measured,P0001,P0001,0,83,210,0,-178.3134,3.040794,-30.00000000000001,180.0,-1.684224614519243,176.95789054369124,28.462777816515523
Daugintis2025,Measured,P0001,P0001,0,89,180,0,164.8773,7.476169,0.0,180.0,14.991112730867837,172.25883534360548,16.83103404425708
Daugintis2025,Measured,P0001,P0001,0,98,225,-30,-151.3788,-18.00565,-37.76124390703504,219.23152048359225,-27.10080039099658,200.3182844869753,19.13575003678302
Daugintis2025,Measured,P0001,P0001,1,3,315,30,-59.47921,23.27542,-37.76124390703505,39.23152048359225,-52.310641220312256,40.26524216577644,14.567327611969676
Daugintis2025,Measured,P0001,P0001,1,5,120,0,92.48991,1.25523,60.00000000000002,180.0,87.21176361275222,153.23517309660087,27.53647889812111
Daugintis2025,Measured,P0001,P0001,1,14,90,60,61.14878,21.06576,30.00000000000001,90.0,54.81935550253673,38.59835714990274,43.94937693584812
Daugintis2025,Measured,P0001,P0001,1,16,180,60,28.61231,21.33068,0.0,120.0,26.49217162132028,23.980567687102592,95.3853849534675
Daugintis2025,Measured,P0001,P0001,1,18,270,30,-90.99687,29.3734,-60.00000000000001,90.0,-60.611196843121085,91.77042824633446,1.0689300646309927
Daugintis2025,Measured,P0001,P0001,1,23,0,0,0.03956468,1.085524,0.0,0.0,0.0395575793462648,1.085524258747185,1.0862446921294389
Daugintis2025,Measured,P0001,P0001,1,24,0,60,-1.521614,34.82998,0.0,60.0,-1.2489696671852668,34.83945421116749,25.18950975852768
Daugintis2025,Measured,P0001,P0001,1,26,225,-30,-145.5131,-19.67509,-37.76124390703504,219.23152048359225,-32.21923389093709,203.45115934523503,14.04198614710208
Daugintis2025,Measured,P0001,P0001,1,29,270,60,-75.57603,38.48953,-30.00000000000001,90.0,-49.29256854572303,72.60563924182924,23.36247931773066
Daugintis2025,Measured,P0001,P0001,1,33,180,0,161.2309,-3.861836,0.0,180.0,18.724895100052557,184.07801858669177,19.148248233689607
Daugintis2025,Measured,P0001,P0001,1,37,0,90,1.011817,30.3632,0.0,90.0,0.8730230744974774,30.36709693956101,59.6368
Daugintis2025,Measured,P0001,P0001,1,39,0,30,2.29908,2.671371,0.0,30.0,2.2965802224630765,2.673519959561631,27.415408817237186
Daugintis2025,Measured,P0001,P0001,1,40,45,-30,52.6031,-27.09857,37.76124390703504,-39.23152048359225,45.01049996781216,-40.1150442149986,7.279366213898455
Daugintis2025,Measured,P0001,P0001,1,42,180,-30,157.4451,-23.36542,0.0,210.0,20.61664963209719,205.07035396198543,21.172840165954305
Daugintis2025,Measured,P0001,P0001,1,52,45,30,42.98943,23.35636,37.76124390703504,39.23152048359225,38.75484305763533,30.555810310034076,6.881790833264488
Daugintis2025,Measured,P0001,P0001,1,53,330,0,-35.72429,13.35307,-30.00000000000003,0.0,-34.61786047209681,16.298096507166477,14.507796952658037
Daugintis2025,Measured,P0001,P0001,1,61,225,30,172.0314,29.99313,-37.76124390703504,140.76847951640778,6.895896706729072,149.76559841461386,45.438953918190734
Daugintis2025,Measured,P0001,P0001,1,63,90,-30,89.69289,-24.09773,60.00000000000001,-90.0,65.90042988513501,-89.31341016880936,5.9085941859520315
Daugintis2025,Measured,P0001,P0001,1,65,270,0,-95.71646,-9.181876,-90.0,0.0,-79.19702081282209,238.3578522642975,10.802979187177918
Daugintis2025,Measured,P0001,P0001,1,66,300,0,-90.28528,3.530917,-59.99999999999999,0.0,-86.45759171099637,94.61332906109384,30.471001915195934
Daugintis2025,Measured,P0001,P0001,1,67,60,0,58.99108,8.94347,59.99999999999999,0.0,57.85096374107174,16.98672332644273,8.99973857207357
Daugintis2025,Measured,P0001,P0001,1,74,90,0,89.34808,2.732443,90.0,0.0,87.19092147067518,76.59103360799685,2.8090785293248337
Daugintis2025,Measured,P0001,P0001,1,75,135,-30,110.7768,-29.85537,37.761243907035045,219.23152048359225,54.18246109070812,238.2837241114312,20.954242319462043
Daugintis2025,Measured,P0001,P0001,1,76,180,30,154.0715,30.88281,0.0,150.00000000000003,22.040107512247165,146.37525993266618,22.321522533444323
Daugintis2025,Measured,P0001,P0001,1,79,0,-30,-0.555319,-29.67546,0.0,-30.0,-0.482483530604772,-29.676617623201217,0.5808304804419437
Daugintis2025,Measured,P0001,P0001,1,81,210,0,-178.2511,10.59247,-30.00000000000001,180.0,-1.7190888740812518,169.4027052742174,30.017688479468053
Daugintis2025,Measured,P0001,P0001,1,82,30,0,37.82828,23.84219,29.999999999999996,0.0,34.12218711280839,29.227566371848553,25.02296995750408
Daugintis2025,Measured,P0001,P0001,1,83,270,-30,-89.89098,-22.77472,-60.00000000000001,-90.0,-67.22503295772852,-89.74033294771692,7.225938471705935
Daugintis2025,Measured,P0001,P0001,1,85,90,30,88.57956,23.37197,60.00000000000001,90.0,66.5873227643988,86.71708015354011,6.748208130346264
Daugintis2025,Measured,P0001,P0001,1,88,150,0,117.9681,22.1773,29.999999999999996,180.0,54.87206117124031,139.00331688843372,38.27596039172655
Daugintis2025,Measured,P0001,P0001,1,92,315,-30,-49.13651,-26.03567,-37.76124390703505,-39.23152048359226,-42.80652994400564,-36.74691229859088,5.3888614683270655
Daugintis2025,Measured,P0001,P0001,1,93,135,30,92.67616,18.92174,37.761243907035045,140.76847951640775,70.8968127355375,97.75619019363148,39.84014581458708
Daugintis2025,Measured,P0001,P0001,1,96,240,0,-144.6844,0.9559301,-59.99999999999997,180.0,-35.30995085692165,178.82854319405504,24.701743982225935
Daugintis2025,Measured,P0001,P0001,2,0,315,-30,-47.90921,-37.96584,-37.76124390703505,-39.23152048359226,-35.80596716652334,-49.33711056091739,8.32174098951952
Daugintis2025,Measured,P0001,P0001,2,5,180,30,-95.44206,88.45391,0.0,150.00000000000003,-1.5391194932220704,90.14666508786117,59.86533936795754
Daugintis2025,Measured,P0001,P0001,2,6,210,0,-177.9045,8.942197,-30.00000000000001,180.0,-2.07001941913335,171.05191586551143,29.19228830218753
Daugintis2025,Measured,P0001,P0001,2,7,330,0,-37.30225,-12.43146,-30.00000000000003,0.0,-36.285630501758206,-15.489447065967411,14.388320768049708
Daugintis2025,Measured,P0001,P0001,2,9,0,90,178.8154,41.18637,0.0,90.0,0.8914687520589523,138.80756070264368,48.81363000000001
Daugintis2025,Measured,P0001,P0001,2,10,300,0,-77.36539,1.762475,-59.99999999999999,0.0,-77.24503349962889,8.007659700256596,17.45185891459965
Daugintis2025,Measured,P0001,P0001,2,14,45,-30,59.39116,27.18031,37.76124390703504,-39.23152048359225,49.9624790909333,45.24212102259224,58.81364588569609
Daugintis2025,Measured,P0001,P0001,2,16,150,0,133.0193,29.22925,29.999999999999996,180.0,39.64523010884424,140.6426923590597,33.422965652227354
Daugintis2025,Measured,P0001,P0001,2,17,270,60,-67.81359,45.10213,-30.00000000000001,90.0,-40.81241241731708,69.37981852449792,19.90552329592388
Daugintis2025,Measured,P0001,P0001,2,19,225,-30,-140.1729,-29.95493,-37.76124390703504,219.23152048359225,-33.70504174992949,216.8850025821622,4.480726017670277
Daugintis2025,Measured,P0001,P0001,2,20,0,30,-6.997146,18.86833,0.0,30.0,-6.619418814030835,18.99979179857226,12.817219640022602
Daugintis2025,Measured,P0001,P0001,2,24,30,0,29.32288,21.20468,29.999999999999996,0.0,27.166194777155123,23.988218158028246,21.21499042410663
Daugintis2025,Measured,P0001,P0001,2,26,240,0,-126.7985,3.985902,-59.99999999999997,180.0,-53.01663392434283,173.3648346335225,7.876062577044309
Daugintis2025,Measured,P0001,P0001,2,31,0,60,0.9153573,2.472035,0.0,60.0,0.914505389153209,2.47235011396063,57.532294228327046
Daugintis2025,Measured,P0001,P0001,2,32,270,-30,-92.44774,-28.10278,-60.00000000000001,-90.0,-61.79948109628875,265.4274520859095,2.8595658593944884
Daugintis2025,Measured,P0001,P0001,2,35,90,30,89.60818,21.44564,60.00000000000001,90.0,68.55094965735722,89.00264129086378,8.561616989235272
Daugintis2025,Measured,P0001,P0001,2,37,135,-30,112.9246,-32.31161,37.761243907035045,219.23152048359225,51.11448075007465,238.37181284918387,18.99817957904672
Daugintis2025,Measured,P0001,P0001,2,43,180,0,164.1996,6.166819,0.0,180.0,15.70659967998042,173.5930009634891,16.93259005239118
Daugintis2025,Measured,P0001,P0001,2,44,315,30,-59.00528,22.75038,-37.76124390703505,39.23152048359225,-52.23432800284331,39.15669029040944,14.473178760631816
Daugintis2025,Measured,P0001,P0001,2,45,0,-30,-1.330751,-24.88962,0.0,-30.0,-1.2071319870421122,-24.895521089743795,5.244903739219928
Daugintis2025,Measured,P0001,P0001,2,51,270,0,-85.76677,0.03956468,-90.0,0.0,-85.76658545055864,0.5359706644719751,4.233414549441356
Daugintis2025,Measured,P0001,P0001,2,54,225,30,-38.19041,51.75982,-37.76124390703504,140.76847951640778,-22.500297824704816,58.22663741330328,70.78257663850434
Daugintis2025,Measured,P0001,P0001,2,58,90,-30,89.44832,-37.2762,60.00000000000001,-90.0,52.72031071214328,-89.27524196109117,7.2906367642988945
Daugintis2025,Measured,P0001,P0001,2,61,45,30,50.91839,21.01583,37.76124390703504,39.23152048359225,46.43672946953303,31.358066132928457,10.447186528194797
Daugintis2025,Measured,P0001,P0001,2,65,270,30,-92.32594,20.08841,-60.00000000000001,90.0,-69.78291134373912,96.3322609378278,10.132210742360131
Daugintis2025,Measured,P0001,P0001,2,68,0,0,1.877948,17.50743,0.0,0.0,1.7909285635845202,17.516263034719984,17.604724834710925
Daugintis2025,Measured,P0001,P0001,2,75,90,60,88.88406,39.23108,30.00000000000001,90.0,50.75561220770605,88.63358228034826,20.780786062178898
Daugintis2025,Measured,P0001,P0001,2,78,135,30,93.06327,34.38844,37.761243907035045,140.76847951640775,55.49212475202403,94.46454019703113,35.50845723404027
Daugintis2025,Measured,P0001,P0001,2,83,60,0,58.48383,7.060943,59.99999999999999,0.0,57.7821739697968,13.330524408658007,7.221082869679333
Daugintis2025,Measured,P0001,P0001,2,86,120,0,89.32928,6.316338,60.00000000000002,180.0,83.64829415501926,83.96311381809215,31.252210702251705
Daugintis2025,Measured,P0001,P0001,2,87,180,60,32.88474,87.16232,0.0,120.0,1.54027637015521,87.61644271582747,32.41618493932394
Daugintis2025,Measured,P0001,P0001,2,94,90,0,91.63319,0.3522151,90.0,0.0,88.3292721789189,167.82818740679505,1.6707278210811154
Daugintis2025,Measured,P0001,P0001,2,95,180,-30,167.2147,-0.09065409,0.0,210.0,12.785283725647522,180.0929588937217,32.29125723856501
Daugintis2025,Measured,P0003,P0003,0,1,270,60,-56.38013,25.12602,-30.00000000000001,90.0,-48.93223812757101,40.26585612235186,41.86750639783601
Daugintis2025,Measured,P0003,P0003,0,3,270,-30,-117.1518,-0.2940859,-60.00000000000001,-90.0,-62.8467284364641,180.6444097190769,39.36274390369368
Daugintis2025,Measured,P0003,P0003,0,8,225,-30,-150.4884,-25.2018,-37.76124390703504,219.23152048359225,-26.46883732363092,208.40290371089253,14.524840938081926
Daugintis2025,Measured,P0003,P0003,0,9,0,-30,0.4302385,2.461879,0.0,-30.0,0.4298413918953894,2.461948324299982,32.46448284624374
Daugintis2025,Measured,P0003,P0003,0,10,180,60,-0.3846134,13.16585,0.0,120.0,-0.3745036269732427,13.166136307808271,106.83349337572692
Daugintis2025,Measured,P0003,P0003,0,12,45,30,89.93557,35.61917,37.76124390703504,39.23152048359225,54.38077943546744,89.91006880615211,37.85576011256645
Daugintis2025,Measured,P0003,P0003,0,18,120,0,127.251,13.1992,60.00000000000002,180.0,50.801678944117285,158.8205970405704,15.028689260319538
Daugintis2025,Measured,P0003,P0003,0,19,225,30,-141.0985,-0.8595729,-37.76124390703504,140.76847951640778,-38.89629727584922,181.1044736766004,31.40267013599616
Daugintis2025,Measured,P0003,P0003,0,25,270,30,-88.41042,22.67776,-60.00000000000001,90.0,-67.26953121923651,86.20190077178847,7.459205310267491
Daugintis2025,Measured,P0003,P0003,0,27,0,60,0.2148914,42.84444,0.0,60.0,0.157558773701,42.84464092132299,17.156060840395618
Daugintis2025,Measured,P0003,P0003,0,28,270,0,-91.39748,-0.3560827,-90.0,0.0,-88.55787653266555,194.29651232567255,1.442123467334478
Daugintis2025,Measured,P0003,P0003,0,34,90,-30,90.90905,0.1027921,60.00000000000001,-90.0,89.08515726394876,173.54832766014815,30.115241419721684
Daugintis2025,Measured,P0003,P0003,0,35,240,0,-125.1629,1.677598,-59.99999999999997,180.0,-54.80225402251267,177.088688725348,5.427913933984281
Daugintis2025,Measured,P0003,P0003,0,37,180,0,17.03604,88.37935,0.0,180.0,0.4747491027546233,88.45042758571196,91.54951920734156
Daugintis2025,Measured,P0003,P0003,0,39,180,30,-0.09278741,62.78128,0.0,150.00000000000003,-0.0424398794037061,62.78131055926514,87.21869020433115
Daugintis2025,Measured,P0003,P0003,0,43,135,30,131.8414,22.0447,37.761243907035045,140.76847951640775,43.6719705321898,148.7408710485503,8.445155289684703
Daugintis2025,Measured,P0003,P0003,0,45,0,0,-1.537606,4.465414,0.0,0.0,-1.5329375014709574,4.467015938902264,4.722220390226885
Daugintis2025,Measured,P0003,P0003,0,52,60,0,102.5569,-0.05233916,59.99999999999999,0.0,77.4429926734799,180.2407391245016,42.55692603649142
Daugintis2025,Measured,P0003,P0003,0,54,300,0,-88.18645,1.168184,-59.99999999999999,0.0,-87.84288116241088,32.79526273256849,28.20866372711682
Daugintis2025,Measured,P0003,P0003,0,61,330,0,-27.3353,-0.2533378,-30.00000000000003,0.0,-27.33501048667741,-0.2851823967935019,2.6767069041852376
Daugintis2025,Measured,P0003,P0003,0,66,150,0,147.0356,1.306562,29.999999999999996,180.0,32.954739684842885,178.44284499341887,3.2393283346037425
Daugintis2025,Measured,P0003,P0003,0,71,90,30,89.41602,0.4706381,60.00000000000001,90.0,89.24998320596224,38.86696780665119,29.534590538273942
Daugintis2025,Measured,P0003,P0003,0,72,45,-30,112.1531,26.55661,37.76124390703504,-39.23152048359225,55.940988554729664,127.03248728691284,85.5704102404195
Daugintis2025,Measured,P0003,P0003,0,73,135,-30,126.9041,-22.34562,37.761243907035045,219.23152048359225,47.69687898312757,214.39381864376355,10.546508071978804
Daugintis2025,Measured,P0003,P0003,0,78,315,-30,-139.5943,0.6283845,-37.76124390703505,-39.23152048359226,-40.40276684089053,179.17480256921726,94.29247931520328
Daugintis2025,Measured,P0003,P0003,0,79,90,60,139.678,0.6926687,30.00000000000001,90.0,40.31844657422634,179.0915185019873,70.48904581499468
Daugintis2025,Measured,P0003,P0003,0,80,315,30,-53.77235,0.2046302,-37.76124390703505,39.23152048359225,-53.77185123190011,0.3462441654342143,30.94347491974036
Daugintis2025,Measured,P0003,P0003,0,82,90,0,90.47808,-0.5492961,90.0,0.0,89.27179694494754,228.96650908627595,0.7282030550524661
Daugintis2025,Measured,P0003,P0003,0,85,180,-30,-179.7618,-12.10395,0.0,210.0,-0.2329044946653516,192.10405151714417,17.89741436693927
Daugintis2025,Measured,P0003,P0003,0,90,210,0,-145.8967,0.174713,-30.00000000000001,180.0,-34.10311962671564,179.78900140733356,4.107011482685496
Daugintis2025,Measured,P0003,P0003,0,93,0,90,-138.9971,88.4257,0.0,90.0,-1.0328198359942673,91.18821572419142,1.5743000000000027
Daugintis2025,Measured,P0003,P0003,0,94,0,30,-1.432038,0.8096339,0.0,30.0,-1.4318949987426173,0.8098868168254825,29.22212325095095
Daugintis2025,Measured,P0003,P0003,0,98,30,0,36.45977,14.96702,29.999999999999996,0.0,35.03647464140328,18.38626602438302,16.27224686047061
Daugintis2025,Measured,P0003,P0003,1,1,0,0,0.5478694,19.82761,0.0,0.0,0.5153893885787729,19.828445833142325,19.834873339231702
Daugintis2025,Measured,P0003,P0003,1,3,90,0,89.78725,-0.06852804,90.0,0.0,89.77648572040393,-17.854104770068943,0.223514279596072
Daugintis2025,Measured,P0003,P0003,1,4,150,0,137.5976,0.132704,29.999999999999996,180.0,42.40225965992163,179.8202885524713,12.403098814314072
Daugintis2025,Measured,P0003,P0003,1,5,225,30,-55.59752,0.5392296,-37.76124390703504,140.76847951640778,-55.59381471693436,0.954324000193722,80.56269731055592
Daugintis2025,Measured,P0003,P0003,1,7,90,-30,91.65485,-25.13998,60.00000000000001,-90.0,64.80914706378903,266.4786118466541,5.076348632689601
Daugintis2025,Measured,P0003,P0003,1,15,210,0,-171.3484,-0.1426525,-30.00000000000001,180.0,-8.651572979205518,180.1442943741168,21.348854342565545
Daugintis2025,Measured,P0003,P0003,1,19,45,-30,111.2155,-0.3609945,37.76124390703504,-39.23152048359225,68.78157059797094,180.99747436341735,69.36524271352302
Daugintis2025,Measured,P0003,P0003,1,22,270,30,-90.60868,0.9381608,-60.00000000000001,90.0,-88.88169596366308,122.97273171201994,29.06760206825323
Daugintis2025,Measured,P0003,P0003,1,23,135,30,107.636,28.24023,37.761243907035045,140.76847951640775,57.09434119175149,119.42660239994558,23.913523667511377
Daugintis2025,Measured,P0003,P0003,1,25,0,30,-2.222992,25.82159,0.0,30.0,-2.000941416359698,25.838506442088885,4.616790192410716
Daugintis2025,Measured,P0003,P0003,1,33,0,60,-1.831094,74.5685,0.0,60.0,-0.4871516262004292,74.57600453480006,14.583966642254966
Daugintis2025,Measured,P0003,P0003,1,42,0,90,-178.9195,-10.47217,0.0,90.0,-1.062500363441397,190.47399119820648,100.47217
Daugintis2025,Measured,P0003,P0003,1,43,180,30,-179.1731,1.30176,0.0,150.00000000000003,-0.8266865721757756,178.69810446550252,28.708996496799617
Daugintis2025,Measured,P0003,P0003,1,45,120,0,118.1674,0.0,60.00000000000002,180.0,61.8326,180.0,1.832599999999989
Daugintis2025,Measured,P0003,P0003,1,48,315,-30,-100.4351,1.185147,-37.76124390703505,-39.23152048359226,-79.49855626396078,173.48392984754287,61.25687371059282
Daugintis2025,Measured,P0003,P0003,1,50,30,0,50.91501,8.394589,29.999999999999996,0.0,50.165268972488654,13.173696348615124,22.46651296373411
Daugintis2025,Measured,P0003,P0003,1,57,90,30,90.49234,-0.09487279,60.00000000000001,90.0,89.49860265223693,190.90721559477183,30.09852594336467
Daugintis2025,Measured,P0003,P0003,1,58,90,60,129.7937,20.35452,30.00000000000001,90.0,46.085585455587776,149.90109019596684,48.59203329775674
Daugintis2025,Measured,P0003,P0003,1,59,135,-30,126.5938,-17.31706,37.761243907035045,219.23152048359225,50.039653646967736,207.61045857706904,14.823716461956655
Daugintis2025,Measured,P0003,P0003,1,62,180,-30,-179.2446,0.7740492,0.0,210.0,-0.7553310622018732,179.22588352931166,30.782475874929784
Daugintis2025,Measured,P0003,P0003,1,65,300,0,-68.30348,0.1791368,-59.99999999999999,0.0,-68.30277618254088,0.4845490986866423,8.305398553314419
Daugintis2025,Measured,P0003,P0003,1,66,240,0,-119.8178,0.1203313,-59.99999999999997,180.0,-60.18197952523229,179.75800436717316,0.2183492911645518
Daugintis2025,Measured,P0003,P0003,1,67,0,-30,-0.2454926,2.219467,0.0,-30.0,-0.2453084342456085,2.2194873525587155,32.22032061586737
Daugintis2025,Measured,P0003,P0003,1,70,270,0,-100.5507,-7.170338,-90.0,0.0,-77.26626672211619,214.49118247597505,12.733733277883823
Daugintis2025,Measured,P0003,P0003,1,75,180,0,-178.9688,-9.54767,0.0,180.0,-1.0169142459719118,189.54918808085336,9.602682682029927
Daugintis2025,Measured,P0003,P0003,1,81,180,60,-179.5003,-12.23991,0.0,120.0,-0.4883407694954075,192.24036148180744,72.24102802847364
Daugintis2025,Measured,P0003,P0003,1,83,60,0,99.29457,7.453352,59.99999999999999,0.0,78.10660755657118,140.99231861152109,39.88246776411666
Daugintis2025,Measured,P0003,P0003,1,86,45,30,93.82912,34.33449,37.76124390703504,39.23152048359225,55.47869772550206,95.58410789265986,41.16775448302006
Daugintis2025,Measured,P0003,P0003,1,89,270,-30,-90.02639,-21.50313,-60.00000000000001,-90.0,-68.49685457380222,269.93301584616177,8.49690314218841
Daugintis2025,Measured,P0003,P0003,1,93,270,60,-143.3044,0.1341704,-30.00000000000001,90.0,-36.69548292432496,179.8326681714929,72.49380296724381
Daugintis2025,Measured,P0003,P0003,1,94,315,30,-49.36187,-0.2502292,-37.76124390703505,39.23152048359225,-49.361233348702086,-0.3842084583347542,30.53430250478069
Daugintis2025,Measured,P0003,P0003,1,95,225,-30,-144.7526,-23.26592,-37.76124390703504,219.23152048359225,-32.01752017033869,207.76611957717364,11.00715705733686
Daugintis2025,Measured,P0003,P0003,1,98,330,0,-47.35828,0.4841639,-30.00000000000003,0.0,-47.356058676522885,0.7147060706374333,17.364823151352706
Daugintis2025,Measured,P0003,P0003,2,3,270,30,-89.91697,0.1203313,-60.00000000000001,90.0,-89.85380289837407,55.393920632450886,29.879773282733193
Daugintis2025,Measured,P0003,P0003,2,6,90,-30,104.1596,0.02797646,60.00000000000001,-90.0,75.84037292711426,179.8856348807721,32.915842038181566
Daugintis2025,Measured,P0003,P0003,2,11,225,30,-52.58162,31.20632,-37.76124390703504,140.76847951640778,-42.78910671961197,44.91225044274191,69.09682342971155
Daugintis2025,Measured,P0003,P0003,2,12,60,0,91.04507,18.02241,59.99999999999999,0.0,71.94831940365016,93.2085829297924,35.439783921354234
Daugintis2025,Measured,P0003,P0003,2,15,270,0,-107.0179,0.7151849,-90.0,0.0,-72.9675228079001,177.55770081379967,17.03247719209991
Daugintis2025,Measured,P0003,P0003,2,18,120,0,104.3884,-0.9410763,60.00000000000002,180.0,75.58150551706662,183.78196041312611,15.639234402047288
Daugintis2025,Measured,P0003,P0003,2,21,90,60,89.73331,28.88272,30.00000000000001,90.0,61.11615487818916,89.51656055825615,31.117805801938616
Daugintis2025,Measured,P0003,P0003,2,22,180,-30,-179.8442,-9.255039,0.0,210.0,-0.1537718258926277,189.255072624688,20.74547216077543
Daugintis2025,Measured,P0003,P0003,2,24,210,0,-150.0408,-0.6330382,-30.00000000000001,180.0,-29.95718431222042,180.73065945971223,0.6343515862072125
Daugintis2025,Measured,P0003,P0003,2,29,0,60,-0.2349025,64.48905,0.0,60.0,-0.1011684200325572,64.48923716717616,4.490374643541236
Daugintis2025,Measured,P0003,P0003,2,31,90,0,103.5256,0.5944612,90.0,0.0,76.46158611447446,177.4598362413874,13.538413885525552
Daugintis2025,Measured,P0003,P0003,2,33,45,-30,60.6703,20.78728,37.76124390703504,-39.23152048359225,54.59371070745976,37.77485557751041,52.97896917428496
Daugintis2025,Measured,P0003,P0003,2,35,0,-30,-0.3051875,1.636858,0.0,-30.0,-0.3050629659653938,1.636881208016689,31.638199379159815
Daugintis2025,Measured,P0003,P0003,2,38,225,-30,-143.9439,-25.75892,-37.76124390703504,219.23152048359225,-32.01157279225351,210.8317321576411,8.967066220905137
Daugintis2025,Measured,P0003,P0003,2,44,150,0,140.2186,0.6895542,29.999999999999996,180.0,39.777945269013074,179.1027469825351,9.805439442018862
Daugintis2025,Measured,P0003,P0003,2,47,0,30,0.2654082,26.16587,0.0,30.0,0.2382093223690604,26.166113295491417,3.841268830658609
Daugintis2025,Measured,P0003,P0003,2,48,180,60,-178.6896,-0.03956468,0.0,120.0,-1.3103996875218311,180.03957502986515,60.048212040873075
Daugintis2025,Measured,P0003,P0003,2,51,45,30,90.09494,21.20374,37.76124390703504,39.23152048359225,68.79605724642964,90.24472095101596,41.339334377354774
Daugintis2025,Measured,P0003,P0003,2,56,270,-30,-91.33322,0.4941643,-60.00000000000001,-90.0,-88.5781596966431,159.66038911100406,30.520623815698137
Daugintis2025,Measured,P0003,P0003,2,59,315,30,-56.45123,25.48902,-37.76124390703505,39.23152048359225,-48.789788526019585,40.78268224307459,11.08556450817158
Daugintis2025,Measured,P0003,P0003,2,64,0,90,-178.4048,35.97742,0.0,90.0,-1.290855759051175,144.0120209513369,54.02258000000001
Daugintis2025,Measured,P0003,P0003,2,66,270,60,-45.43167,21.53158,-30.00000000000001,90.0,-41.50600453900786,29.34582305829352,49.519236754491345
Daugintis2025,Measured,P0003,P0003,2,67,0,0,0.3208161,0.9270402,0.0,0.0,0.3207741073683621,0.9270547299958452,0.9809778391394784
Daugintis2025,Measured,P0003,P0003,2,70,30,0,38.18886,0.5315546,29.999999999999996,0.0,38.18692048837465,0.6762858027544922,8.205976595417571
Daugintis2025,Measured,P0003,P0003,2,73,90,30,89.30227,0.2954137,60.00000000000001,90.0,89.2423113481761,22.948129126690205,29.712010060814443
Daugintis2025,Measured,P0003,P0003,2,75,135,30,104.5321,20.46983,37.761243907035045,140.76847951640775,65.0782088293426,123.90904145393324,29.053911559451624
Daugintis2025,Measured,P0003,P0003,2,77,315,-30,-45.99817,32.00772,-37.76124390703505,-39.23152048359226,-37.58694094489469,41.98008063834613,62.01495068359583
Daugintis2025,Measured,P0003,P0003,2,78,180,30,179.4436,36.16363,0.0,150.00000000000003,0.4491987644285654,143.83508291849984,6.18119752604927
Daugintis2025,Measured,P0003,P0003,2,79,330,0,-28.90681,1.21997,-30.00000000000003,0.0,-28.89963868723067,1.3935388733322611,1.638050843209329
Daugintis2025,Measured,P0003,P0003,2,82,240,0,-89.8069,-22.39855,-59.99999999999997,180.0,-67.60066048789011,-89.53148195864645,36.95326083199688
Daugintis2025,Measured,P0003,P0003,2,86,300,0,-68.30937,-16.98951,-59.99999999999999,0.0,-62.70302348355503,-39.57929323335658,18.858703352724845
Daugintis2025,Measured,P0003,P0003,2,94,135,-30,136.3325,-13.79941,37.761243907035045,219.23152048359225,42.10898210457788,198.7546429652492,16.24723011051182
Daugintis2025,Measured,P0003,P0003,2,96,180,0,179.9604,0.5388666,0.0,180.0,0.0395982486242774,179.4611332713023,0.5403196520196474
Daugintis2025,Measured,P0006,P0006,0,1,240,0,-118.008,-21.77399,-59.99999999999997,180.0,-55.07400524707023,220.38502688970084,21.860507784406895
Daugintis2025,Measured,P0006,P0006,0,5,180,-30,169.6033,-14.14727,0.0,210.0,10.078029260559433,194.3737099668527,18.5259727795649
Daugintis2025,Measured,P0006,P0006,0,7,315,30,-77.76078,24.19172,-37.76124390703505,39.23152048359225,-63.05557117578739,64.73784463855173,29.63289639018294
Daugintis2025,Measured,P0006,P0006,0,9,315,-30,-75.96613,-0.1545051,-37.76124390703505,-39.23152048359226,-75.96529659410389,-0.637121705012305,41.93205429756724
Daugintis2025,Measured,P0006,P0006,0,13,330,0,-56.80424,29.34422,-30.00000000000003,0.0,-46.83909124028128,45.75831944471744,38.919423762524325
Daugintis2025,Measured,P0006,P0006,0,19,210,0,-141.9686,0.2914124,-30.00000000000001,180.0,-38.03082035628834,179.63003584380658,8.036650435013863
Daugintis2025,Measured,P0006,P0006,0,20,180,60,3.129878,84.8242,0.0,120.0,0.2822131040610615,84.83187872421377,35.16910769015921
Daugintis2025,Measured,P0006,P0006,0,24,120,0,97.30186,-0.5059038,60.00000000000002,180.0,82.6807301587181,183.97417799016665,22.703479177864764
Daugintis2025,Measured,P0006,P0006,0,25,90,30,101.0229,18.22446,60.00000000000001,90.0,68.79859042408545,120.14401245089596,15.468203091882865
Daugintis2025,Measured,P0006,P0006,0,26,45,-30,46.54699,11.46297,37.76124390703504,-39.23152048359225,45.35371718314968,16.427651991080495,41.48973174821472
Daugintis2025,Measured,P0006,P0006,0,29,270,0,-91.75069,-0.7407211,-90.0,0.0,-88.09910219599315,202.93768277311403,1.9008978040068267
Daugintis2025,Measured,P0006,P0006,0,30,150,0,152.6233,0.4706381,29.999999999999996,180.0,27.375699058981976,179.47000680263204,2.665154463227361
Daugintis2025,Measured,P0006,P0006,0,31,90,0,101.6997,0.6407191,90.0,0.0,78.28301321751479,176.84342356287289,11.716986782485217
Daugintis2025,Measured,P0006,P0006,0,33,30,0,27.51792,9.527761,29.999999999999996,0.0,27.106931827241407,10.716566485485714,9.842868080692917
Daugintis2025,Measured,P0006,P0006,0,35,270,60,-112.1932,33.59254,-30.00000000000001,90.0,-50.46909095724654,119.6265146508602,30.140365955103817
Daugintis2025,Measured,P0006,P0006,0,36,0,-30,0.5151029,-29.57296,0.0,-30.0,0.4479979152285869,-29.573953902954777,0.6182343485329521
Daugintis2025,Measured,P0006,P0006,0,37,270,-30,-100.6304,-16.8744,-60.00000000000001,-90.0,-70.1390576467132,238.69419053564036,16.331368260266434
Daugintis2025,Measured,P0006,P0006,0,41,0,0,0.5211454,0.6036074,0.0,0.0,0.5211164798382053,0.6036323677810742,0.7974486651758707
Daugintis2025,Measured,P0006,P0006,0,51,60,0,94.72283,-0.2478722,59.99999999999999,0.0,85.27068455061311,183.00776271568907,34.72360366112381
Daugintis2025,Measured,P0006,P0006,0,54,180,30,-179.5122,12.80392,0.0,150.00000000000003,-0.4756701777782612,167.1956312471039,17.202010394596705
Daugintis2025,Measured,P0006,P0006,0,63,180,0,179.4415,-1.044739,0.0,180.0,0.5584071535612785,181.0447886249201,1.1846380280273596
Daugintis2025,Measured,P0006,P0006,0,64,300,0,-91.52205,1.264704,-59.99999999999999,0.0,-88.0211780937615,140.2681935039619,31.544799537781127
Daugintis2025,Measured,P0006,P0006,0,65,0,60,0.1412742,-0.5230194,0.0,60.0,0.1412683139891701,-0.5230209898100071,60.523119429733725
Daugintis2025,Measured,P0006,P0006,0,66,90,-30,113.6372,-3.159821,60.00000000000001,-90.0,66.16455133395513,187.83966124987205,34.94296477066268
Daugintis2025,Measured,P0006,P0006,0,68,90,60,131.0698,19.93808,30.00000000000001,90.0,45.13100503140603,151.09495213722616,49.48257038111755
Daugintis2025,Measured,P0006,P0006,0,73,225,30,-128.6268,27.24105,-37.76124390703504,140.76847951640778,-43.99387404826904,140.48643442379154,6.236265811568346
Daugintis2025,Measured,P0006,P0006,0,74,270,30,-95.53622,17.54659,-60.00000000000001,90.0,-71.62698323998819,106.96769290346428,13.438487750604915
Daugintis2025,Measured,P0006,P0006,0,79,135,-30,146.1601,-0.1866263,37.761243907035045,219.23152048359225,33.839696221227015,180.22468902762705,31.64958674845963
Daugintis2025,Measured,P0006,P0006,0,82,0,90,0.1582588,19.41022,0.0,90.0,0.1492638860525848,19.41028850779186,70.58978
Daugintis2025,Measured,P0006,P0006,0,85,225,-30,-128.2279,-21.14511,-37.76124390703504,219.23152048359225,-47.1101989044669,212.00726986024728,10.751359748124418
Daugintis2025,Measured,P0006,P0006,0,90,0,30,0.7715172,0.04423466,0.0,30.0,0.7715169700560607,0.044238670617986,29.96477305352433
Daugintis2025,Measured,P0006,P0006,0,96,45,30,123.8592,2.138173,37.76124390703504,39.23152048359225,56.08138935745102,176.16627886771988,79.2880080924146
Daugintis2025,Measured,P0006,P0006,0,97,135,30,154.9564,21.40758,37.761243907035045,140.76847951640775,23.21002711424119,156.60036132685647,19.887666040874123
Daugintis2025,Measured,P0006,P0006,1,0,270,0,-91.29211,-0.1845175,-90.0,0.0,-88.69478385393238,188.1277833634944,1.3052161460676437
Daugintis2025,Measured,P0006,P0006,1,1,270,-30,-89.05795,-21.15107,-60.00000000000001,-90.0,-68.82892219357834,-87.56665836468092,8.889499519712082
Daugintis2025,Measured,P0006,P0006,1,3,45,-30,160.3988,-20.12315,37.76124390703504,-39.23152048359225,18.360364803026812,201.25332182897716,100.18095571053362
Daugintis2025,Measured,P0006,P0006,1,4,240,0,-117.8584,-14.26682,-59.99999999999997,180.0,-58.963397946281574,208.55333191944945,14.423363344220611
Daugintis2025,Measured,P0006,P0006,1,9,315,-30,-27.53233,-13.05546,-37.76124390703505,-39.23152048359226,-26.762982864986807,-14.65485836830996,23.41017439687703
Daugintis2025,Measured,P0006,P0006,1,10,30,0,19.20451,0.7019292,29.999999999999996,0.0,19.203012346450738,0.7432885922493568,10.81801574001252
Daugintis2025,Measured,P0006,P0006,1,13,225,30,-141.4762,17.56705,-37.76124390703504,140.76847951640778,-36.42664743637805,157.96877146581505,13.764939889843026
Daugintis2025,Measured,P0006,P0006,1,18,180,-30,47.70356,88.7341,0.0,210.0,0.9363174331370352,89.14801579069126,120.84741435387828
Daugintis2025,Measured,P0006,P0006,1,21,315,30,-53.24891,9.08041,-37.76124390703505,39.23152048359225,-52.29790006593098,14.955203528873682,22.296192090140345
Daugintis2025,Measured,P0006,P0006,1,25,60,0,89.14857,-0.7047113,59.99999999999999,0.0,88.89477852683426,-39.61632130981655,29.156339767823976
Daugintis2025,Measured,P0006,P0006,1,29,90,-30,90.41307,-1.240173,60.00000000000001,-90.0,88.69285454249051,251.58123095710573,28.762506368863047
Daugintis2025,Measured,P0006,P0006,1,32,90,60,54.11189,33.79048,30.00000000000001,90.0,42.32289419006672,48.78240969595183,35.084967196042086
Daugintis2025,Measured,P0006,P0006,1,34,45,30,31.79841,-1.081008,37.76124390703504,39.23152048359225,31.792087910641705,-1.2718548041854092,33.53427495531589
Daugintis2025,Measured,P0006,P0006,1,37,270,30,-106.8414,9.438755,-60.00000000000001,90.0,-70.76103968954602,150.15270239466446,25.887021916558616
Daugintis2025,Measured,P0006,P0006,1,40,330,0,-30.49206,1.167849,-30.00000000000003,0.0,-30.485051889591173,1.355220638982246,1.2672650861515438
Daugintis2025,Measured,P0006,P0006,1,41,150,0,154.0346,0.2705197,29.999999999999996,180.0,25.96508900055687,179.6991083551476,4.043644033611307
Daugintis2025,Measured,P0006,P0006,1,51,0,60,3.647012,7.647217,0.0,60.0,3.614532957377556,7.662550831568851,52.42536771133049
Daugintis2025,Measured,P0006,P0006,1,56,90,30,88.85043,3.470908,60.00000000000001,90.0,86.3438959895518,71.69712335164903,26.55140192650333
Daugintis2025,Measured,P0006,P0006,1,58,300,0,-71.39734,-1.09593,-59.99999999999999,0.0,-71.36622643003317,-3.431790841530031,11.449215582317455
Daugintis2025,Measured,P0006,P0006,1,61,180,0,-179.3526,0.3339648,0.0,180.0,-0.6473890019402214,179.66601388015272,0.7284603633787364
Daugintis2025,Measured,P0006,P0006,1,65,210,0,-54.29169,-37.82158,-30.00000000000001,180.0,-39.89759992567709,-53.06182202117756,94.506320326782
Daugintis2025,Measured,P0006,P0006,1,70,135,30,145.1921,13.30667,37.761243907035045,140.76847951640775,33.74524825592336,163.93072574244206,19.168510125638218
Daugintis2025,Measured,P0006,P0006,1,72,135,-30,134.9689,-14.35391,37.761243907035045,219.23152048359225,43.26744210502219,199.9049443051348,15.646116257462456
Daugintis2025,Measured,P0006,P0006,1,77,0,0,0.1866263,0.8434873,0.0,0.0,0.1866060768700052,0.8434917739193253,0.8638852267091673
Daugintis2025,Measured,P0006,P0006,1,80,225,-30,-115.4356,-18.91614,-37.76124390703504,219.23152048359225,-58.68221754541572,218.5860530508992,20.925157214338935
Daugintis2025,Measured,P0006,P0006,1,81,120,0,106.8869,-10.25221,60.00000000000002,180.0,70.32240972752123,211.9084273835606,16.58962595609878
Daugintis2025,Measured,P0006,P0006,1,82,180,30,179.4419,34.43911,0.0,150.00000000000003,0.4602781794290805,145.5596222072119,4.4641221565545575
Daugintis2025,Measured,P0006,P0006,1,85,270,60,-85.77486,42.09502,-30.00000000000001,90.0,-47.73290153515304,85.33768330116092,18.091953576491473
Daugintis2025,Measured,P0006,P0006,1,86,0,-30,0.3732531,-13.4231,0.0,-30.0,0.3630565697043879,-13.423374525425302,16.580489251425583
Daugintis2025,Measured,P0006,P0006,1,88,0,30,0.1266688,2.746448,0.0,30.0,0.1265233027769143,2.7464547014819516,27.2538164952541
Daugintis2025,Measured,P0006,P0006,1,91,180,60,-179.3751,42.25335,0.0,120.0,-0.4625335946198364,137.74495390905008,17.75078708597894
Daugintis2025,Measured,P0006,P0006,1,92,90,0,91.74255,-0.6262009,90.0,0.0,88.14838255575404,199.76989066887225,1.85161744424597
Daugintis2025,Measured,P0006,P0006,1,94,0,90,0.1866263,0.0,0.0,90.0,0.1866263,0.0,89.99999999999999
Daugintis2025,Measured,P0006,P0006,2,3,0,30,1.934012,-18.40515,0.0,30.0,1.8350479605810084,-18.41493285295931,48.44100188539736
Daugintis2025,Measured,P0006,P0006,2,4,315,30,-46.01168,12.6039,-37.76124390703505,39.23152048359225,-44.59921262108408,17.84595582486989,17.42133004638142
Daugintis2025,Measured,P0006,P0006,2,8,150,0,158.7834,-4.264618,29.999999999999996,180.0,21.15502833759221,184.5734243589083,9.756656064235704
Daugintis2025,Measured,P0006,P0006,2,13,45,-30,48.60198,-26.74512,37.76124390703504,-39.23152048359225,42.05800076357884,-37.30930815845703,4.542342108557702
Daugintis2025,Measured,P0006,P0006,2,16,180,0,-178.709,-36.62431,0.0,180.0,-1.0360794748627271,216.6312745089005,36.64387156407789
Daugintis2025,Measured,P0006,P0006,2,24,225,-30,-95.73892,-4.038324,-37.76124390703504,219.23152048359225,-82.98653642394503,215.2228813336245,45.24435025345218
Daugintis2025,Measured,P0006,P0006,2,29,270,-30,-90.11786,-16.03889,-60.00000000000001,-90.0,-73.96068833578003,269.59003107790295,13.961528186673243
Daugintis2025,Measured,P0006,P0006,2,35,315,-30,-48.77311,-6.780613,-37.76124390703505,-39.23152048359226,-48.31782466946708,-10.226874074408002,23.488803838066815
Daugintis2025,Measured,P0006,P0006,2,36,120,0,104.2762,-4.95298,60.00000000000002,180.0,74.90590011397589,199.36308553626588,16.46665177812955
Daugintis2025,Measured,P0006,P0006,2,37,90,60,58.85688,-0.2548778,30.00000000000001,90.0,58.855941839800586,-0.4928156153234226,64.90740670099824
Daugintis2025,Measured,P0006,P0006,2,38,300,0,-78.38182,-8.248788,-59.99999999999999,0.0,-75.78422797446473,-35.74856840124446,20.089300194843712
Daugintis2025,Measured,P0006,P0006,2,39,0,0,-0.2121421,-0.0656106,0.0,0.0,-0.2121419609081899,-0.0656110497328086,0.2220563031155663
Daugintis2025,Measured,P0006,P0006,2,42,135,30,155.3053,14.4358,37.761243907035045,140.76847951640775,23.865600693406652,164.1807543803276,24.32661792453892
Daugintis2025,Measured,P0006,P0006,2,45,330,0,-31.4892,0.02797646,-30.00000000000003,0.0,-31.489195816224058,0.0328077771118842,1.489462703815642
Daugintis2025,Measured,P0006,P0006,2,49,135,-30,154.6817,-15.67412,37.761243907035045,219.23152048359225,24.31444247097429,197.24521951949075,23.04602382824696
Daugintis2025,Measured,P0006,P0006,2,55,270,60,-43.55713,24.01583,-30.00000000000001,90.0,-39.00779899097891,31.584452085767992,48.15052658073777
Daugintis2025,Measured,P0006,P0006,2,58,0,-30,0.5591815,-43.51931,0.0,-30.0,0.4054831282350713,-43.520672542455245,13.526638134782464
Daugintis2025,Measured,P0006,P0006,2,65,180,30,-26.94762,89.87881,0.0,150.00000000000003,-0.0549203364663704,89.89196863271812,60.108046498012754
Daugintis2025,Measured,P0006,P0006,2,71,45,30,37.75983,8.660887,37.76124390703504,39.23152048359225,37.255486883923595,10.905615350239586,22.389387836147623
Daugintis2025,Measured,P0006,P0006,2,72,0,60,0.1384764,-0.4562834,0.0,60.0,0.1384720089498975,-0.4562847325810538,60.456379571321754
Daugintis2025,Measured,P0006,P0006,2,73,180,-30,-179.5855,-34.03534,0.0,210.0,-0.3434921047166786,214.03603543138672,4.050601635632573
Daugintis2025,Measured,P0006,P0006,2,75,90,-30,91.37223,-0.7228051,60.00000000000001,-90.0,88.44907689138553,207.78097362719384,29.30627793683318
Daugintis2025,Measured,P0006,P0006,2,80,60,0,90.58926,-0.4853748,59.99999999999999,0.0,89.23658154476927,219.4795292543893,30.592737624094568
Daugintis2025,Measured,P0006,P0006,2,81,0,90,0.3316129,3.849648,0.0,90.0,0.3308646622005194,3.849712284577194,86.15035200000001
Daugintis2025,Measured,P0006,P0006,2,82,270,0,-90.81134,-0.5549665,-90.0,0.0,-89.01702501289238,214.37433342703295,0.9829749871076248
Daugintis2025,Measured,P0006,P0006,2,86,180,60,0.1855749,23.91422,0.0,120.0,0.1696438727227111,23.91433136697151,96.08564185697526
Daugintis2025,Measured,P0006,P0006,2,87,90,0,81.34356,1.504022,90.0,0.0,81.21485361286211,9.89560237361502,8.785146387137885
Daugintis2025,Measured,P0006,P0006,2,89,225,30,-108.4048,26.487,-37.76124390703504,140.76847951640778,-58.130635606088795,122.35889646979324,23.636650318762225
Daugintis2025,Measured,P0006,P0006,2,90,240,0,-98.80442,-1.917549,-59.99999999999997,180.0,-80.99079271359095,192.3382715380028,21.27816511325344
Daugintis2025,Measured,P0006,P0006,2,91,210,0,-131.5125,0.1083524,-30.00000000000001,180.0,-48.48738424907413,179.83651939631005,18.487806419179265
Daugintis2025,Measured,P0006,P0006,2,92,270,30,-91.40479,9.266965,-60.00000000000001,90.0,-80.62808256296869,98.54488289116637,20.774572218008966
Daugintis2025,Measured,P0006,P0006,2,95,90,30,64.58221,13.99684,60.00000000000001,90.0,61.20933463422197,30.146123875690392,28.368973787309606
Daugintis2025,Measured,P0006,P0006,2,97,30,0,18.68595,-0.7945082,29.999999999999996,0.0,18.684086974866677,-0.8387118236072695,11.341549470826942
Daugintis2025,Measured,P0015,P0015,0,4,225,-30,-90.67166,-28.04506,-37.76124390703504,219.23152048359225,-61.94755091074928,268.7394166597594,38.569925099370785
Daugintis2025,Measured,P0015,P0015,0,9,0,-30,-0.6135744,0.0,0.0,-30.0,-0.6135744000000001,0.0,30.005689851917097
Daugintis2025,Measured,P0015,P0015,0,10,180,-30,-179.3318,22.88678,0.0,210.0,-0.615593954250865,157.1118238872661,52.89067819552147
Daugintis2025,Measured,P0015,P0015,0,13,315,-30,-90.78199,-0.9757847,-37.76124390703505,-39.23152048359226,-88.74955807104506,231.2950234335961,52.23783466725345
Daugintis2025,Measured,P0015,P0015,0,19,270,0,-90.15559,0.3449174,-90.0,0.0,-89.62161399538506,114.27954079329776,0.3783860046149391
Daugintis2025,Measured,P0015,P0015,0,22,210,0,-46.39474,15.69788,-30.00000000000001,180.0,-44.19484294571714,22.17092019478538,103.08860667656386
Daugintis2025,Measured,P0015,P0015,0,29,0,90,0.1907741,25.7931,0.0,90.0,0.1717674412033747,25.793224428838545,64.2069
Daugintis2025,Measured,P0015,P0015,0,31,60,0,53.81253,1.195013,59.99999999999999,0.0,53.795498906629646,2.0234254006830668,6.301371688641575
Daugintis2025,Measured,P0015,P0015,0,32,180,60,-178.9662,25.79124,0.0,120.0,-0.9308087649436468,154.20510592972946,34.216227358304245
Daugintis2025,Measured,P0015,P0015,0,33,90,30,89.20728,19.12988,60.00000000000001,90.0,70.85431673855605,87.7159001185525,10.893886676840536
Daugintis2025,Measured,P0015,P0015,0,36,330,0,-34.2087,-0.1186941,-30.00000000000003,0.0,-34.208616420449914,-0.1435244354979943,4.210370367479825
Daugintis2025,Measured,P0015,P0015,0,37,0,60,-0.3577275,22.84307,0.0,60.0,-0.3296711783583679,22.843469532278263,37.15778193874291
Daugintis2025,Measured,P0015,P0015,0,48,90,-30,89.03939,-24.12107,60.00000000000001,-90.0,65.86095242717217,-87.85574851658271,5.940745856999247
Daugintis2025,Measured,P0015,P0015,0,49,120,0,90.80779,0.04423466,60.00000000000002,180.0,89.19099983955591,176.86550371306214,29.19224056270321
Daugintis2025,Measured,P0015,P0015,0,56,90,60,48.42486,30.73463,30.00000000000001,90.0,40.01682747052971,41.859727754369345,40.17306179132858
Daugintis2025,Measured,P0015,P0015,0,58,0,30,0.1426525,-0.3077414,0.0,30.0,0.1426504423295048,-0.3077423538107382,30.308046149472368
Daugintis2025,Measured,P0015,P0015,0,59,270,60,-44.76696,28.0185,-30.00000000000001,90.0,-38.43942648140096,36.85134925950416,44.13799697498751
Daugintis2025,Measured,P0015,P0015,0,62,135,30,135.6605,18.24828,37.761243907035045,140.76847951640775,41.58721884984687,155.24997073334305,11.767083843449695
Daugintis2025,Measured,P0015,P0015,0,66,90,0,90.41593,0.6407191,90.0,0.0,89.23612074338288,122.98874990394611,0.7638792566171142
Daugintis2025,Measured,P0015,P0015,0,68,315,30,-50.33451,-1.071554,-37.76124390703505,39.23152048359225,-50.32242772186142,-1.6784665192626704,31.485406115955055
Daugintis2025,Measured,P0015,P0015,0,70,30,0,28.04696,1.377998,29.999999999999996,0.0,28.038132486538256,1.5612747891157,2.3900853948441605
Daugintis2025,Measured,P0015,P0015,0,72,180,0,-179.4819,-28.22633,0.0,180.0,-0.456489368922623,208.2273061673039,28.230693537507364
Daugintis2025,Measured,P0015,P0015,0,75,135,-30,138.9155,-27.8482,37.761243907035045,219.23152048359225,35.52536009987464,215.02755974613075,4.0461636901883296
Daugintis2025,Measured,P0015,P0015,0,76,150,0,142.9462,-23.47191,29.999999999999996,180.0,33.5528359474844,208.55059100114852,24.451357373421967
Daugintis2025,Measured,P0015,P0015,0,77,270,-30,-89.65791,-16.03212,-60.00000000000001,-90.0,-73.96432642503282,-88.80968797631164,13.971401097509665
Daugintis2025,Measured,P0015,P0015,0,80,45,-30,90.18118,-32.79384,37.76124390703504,-39.23152048359225,57.205715395180306,269.7188000070708,38.37595975075059
Daugintis2025,Measured,P0015,P0015,0,81,225,30,-54.34139,26.9965,-37.76124390703504,140.76847951640778,-46.383203305587074,41.15046858154997,69.37677553324093
Daugintis2025,Measured,P0015,P0015,0,82,0,0,0.7636142,0.6887025,0.0,0.0,0.7635590325973468,0.688763663833214,1.028294557148557
Daugintis2025,Measured,P0015,P0015,0,84,45,30,49.51284,20.26885,37.76124390703504,39.23152048359225,45.51681943201731,29.630164207514284,10.550763841964162
Daugintis2025,Measured,P0015,P0015,0,85,270,30,-55.84847,14.85595,-60.00000000000001,90.0,-53.11993076006524,25.29095492820207,34.8227093008996
Daugintis2025,Measured,P0015,P0015,0,87,300,0,-62.19706,0.5831623,-59.99999999999999,0.0,-62.19143244773531,1.2501068906239965,2.2731001318404207
Daugintis2025,Measured,P0015,P0015,0,88,240,0,-91.6328,-18.38795,-59.99999999999997,180.0,-71.54219485105865,265.1008132160721,33.38478164447357
Daugintis2025,Measured,P0015,P0015,0,93,180,30,-179.7252,21.80465,0.0,150.00000000000003,-0.2551394871200479,158.19512273221463,8.199066302439467
Daugintis2025,Measured,P0015,P0015,1,3,0,90,-179.061,33.77108,0.0,90.0,-0.7805471812637913,146.22536428683836,56.22892
Daugintis2025,Measured,P0015,P0015,1,5,315,30,-47.88515,25.99193,-37.76124390703505,39.23152048359225,-41.81849426763663,36.01817486396851,4.748615426218219
Daugintis2025,Measured,P0015,P0015,1,6,150,0,133.1349,-25.13334,29.999999999999996,180.0,41.34983971572769,214.45657121729113,29.95884219794639
Daugintis2025,Measured,P0015,P0015,1,8,30,0,38.06515,1.295733,29.999999999999996,0.0,38.05367762601415,1.645599909311187,8.167892295639724
Daugintis2025,Measured,P0015,P0015,1,11,315,-30,-57.13568,24.67931,-37.76124390703505,-39.23152048359226,-49.750256878638986,40.257551357911694,55.90501077900342
Daugintis2025,Measured,P0015,P0015,1,12,180,60,179.8781,28.78003,0.0,120.0,0.106842227538317,151.21991528023048,31.22007963797237
Daugintis2025,Measured,P0015,P0015,1,14,180,0,179.5639,0.8744686,0.0,180.0,0.4360492075431641,179.12550607297567,0.9771713130448502
Daugintis2025,Measured,P0015,P0015,1,18,90,-30,89.29879,-22.07078,60.00000000000001,-90.0,67.9186399666901,-88.27116641704471,7.954144081597419
Daugintis2025,Measured,P0015,P0015,1,19,300,0,-57.03985,18.66581,-59.99999999999999,0.0,-52.647358310658014,31.837076602573177,18.89080957070311
Daugintis2025,Measured,P0015,P0015,1,20,270,60,-46.2817,29.33361,-30.00000000000001,90.0,-39.05583140162415,39.114620259951096,42.328241325495625
Daugintis2025,Measured,P0015,P0015,1,26,90,30,89.79381,14.06611,60.00000000000001,90.0,75.93240932923763,89.17712172513262,15.93502524562153
Daugintis2025,Measured,P0015,P0015,1,29,45,30,55.84241,23.85501,37.76124390703504,39.23152048359225,49.183326273042645,38.223044542345065,11.445217416710635
Daugintis2025,Measured,P0015,P0015,1,33,90,60,140.4028,32.18727,30.00000000000001,90.0,32.64466869180161,140.75614572587156,43.02674554261956
Daugintis2025,Measured,P0015,P0015,1,35,45,-30,91.33366,-28.19296,37.76124390703504,-39.23152048359225,61.77809866222694,267.5137868931897,40.249802887365654
Daugintis2025,Measured,P0015,P0015,1,37,240,0,-90.213,1.875863,-59.99999999999997,180.0,-88.11208718867871,96.47575057664636,29.840598592301244
Daugintis2025,Measured,P0015,P0015,1,43,225,30,-54.87996,29.01891,-37.76124390703504,140.76847951640778,-45.664757567656494,43.958132044486035,68.1306846396505
Daugintis2025,Measured,P0015,P0015,1,44,180,-30,0.5851721,-19.16271,0.0,210.0,0.5527467999544446,-19.163636577559345,130.83405908594963
Daugintis2025,Measured,P0015,P0015,1,50,0,30,1.054991,0.1153499,0.0,30.0,1.0549888617578949,0.1153694568836982,29.9015272456845
Daugintis2025,Measured,P0015,P0015,1,57,210,0,-161.1531,16.72642,-30.00000000000001,180.0,-18.02142432884665,162.38316876354727,20.015044515373877
Daugintis2025,Measured,P0015,P0015,1,61,135,30,141.5693,19.41398,37.761243907035045,140.76847951640775,35.88966675022389,155.77726471361004,12.145254673456154
Daugintis2025,Measured,P0015,P0015,1,62,120,0,90.63474,0.02797646,60.00000000000002,180.0,89.36464378660894,177.4762435546071,29.365272138838375
Daugintis2025,Measured,P0015,P0015,1,66,90,0,90.19828,0.3286494,90.0,0.0,89.6161706689938,121.10299563971644,0.3838293310062108
Daugintis2025,Measured,P0015,P0015,1,69,0,60,0.4288719,0.5475121,0.0,60.0,0.4288523185620781,0.5475274375977506,59.453419738323575
Daugintis2025,Measured,P0015,P0015,1,71,135,-30,120.6962,-25.9526,37.761243907035045,219.23152048359225,50.63960284990754,223.63410638672735,13.253306048756128
Daugintis2025,Measured,P0015,P0015,1,74,270,-30,-91.18522,0.3380413,-60.00000000000001,-90.0,-88.76752198030638,164.07985698876456,30.35905191905235
Daugintis2025,Measured,P0015,P0015,1,77,0,0,0.2430897,0.07401875,0.0,0.0,0.2430894971489145,0.074019416196549,0.2541089229519415
Daugintis2025,Measured,P0015,P0015,1,83,270,30,-62.05079,22.26608,-60.00000000000001,90.0,-54.83478539081964,41.13990960793837,26.178320159743738
Daugintis2025,Measured,P0015,P0015,1,84,0,-30,0.4945601,0.8180492,0.0,-30.0,0.4945096912335038,0.818079671706144,30.821656734841987
Daugintis2025,Measured,P0015,P0015,1,86,330,0,-28.00786,19.45487,-30.00000000000003,0.0,-26.281447261737064,21.80583496842246,19.552669128608446
Daugintis2025,Measured,P0015,P0015,1,87,225,-30,-129.3774,-29.35578,-37.76124390703504,219.23152048359225,-42.35536398159119,221.55882431843668,4.926810574474072
Daugintis2025,Measured,P0015,P0015,1,89,180,30,-179.6872,17.42625,0.0,150.00000000000003,-0.2984433552390173,162.57350602468858,12.576990410754034
Daugintis2025,Measured,P0015,P0015,1,91,60,0,90.26328,1.204635,59.99999999999999,0.0,88.76693405379989,102.326666527616,30.28497529135035
Daugintis2025,Measured,P0015,P0015,1,95,270,0,-75.09772,0.7244276,-90.0,0.0,-75.08052089454661,2.8147908569203963,14.919479105453394
Daugintis2025,Measured,P0015,P0015,2,1,0,30,0.2093567,0.1493534,0.0,30.0,0.2093559887152166,0.1493543970433251,29.851312090886257
Daugintis2025,Measured,P0015,P0015,2,4,270,30,-89.85025,27.54377,-60.00000000000001,90.0,-62.45585477498631,89.71287142008134,2.459733843025774
Daugintis2025,Measured,P0015,P0015,2,8,300,0,-59.58474,20.01614,-59.99999999999999,0.0,-54.124073005780026,35.73745527144486,20.02027043991453
Daugintis2025,Measured,P0015,P0015,2,11,0,0,0.9291486,0.1823843,0.0,0.0,0.929143892151014,0.1824082843084085,0.9468781536049584
Daugintis2025,Measured,P0015,P0015,2,12,270,60,-142.6485,33.48257,-30.00000000000001,90.0,-30.399285655265505,140.23666117957995,43.0479036877268
Daugintis2025,Measured,P0015,P0015,2,15,330,0,-51.38379,26.72547,-30.00000000000003,0.0,-44.25669719933298,38.89549297712716,33.7278068754458
Daugintis2025,Measured,P0015,P0015,2,17,270,-30,-89.20285,-18.23375,-60.00000000000001,-90.0,-71.74942497414786,-87.58177425965127,11.7885966671911
Daugintis2025,Measured,P0015,P0015,2,18,120,0,89.98971,0.2390311,60.00000000000002,180.0,89.76074751777061,87.5350221816185,30.01115323773787
Daugintis2025,Measured,P0015,P0015,2,22,210,0,-137.2744,17.22365,-30.00000000000001,180.0,-40.39564391584398,157.12038561797803,21.299567060853313
Daugintis2025,Measured,P0015,P0015,2,24,180,30,179.9072,23.72397,0.0,150.00000000000003,0.0849578702410702,156.27600231894272,6.27657502596917
Daugintis2025,Measured,P0015,P0015,2,25,30,0,42.11861,0.3189811,29.999999999999996,0.0,42.11780717950361,0.4300302622463903,12.122744550437409
Daugintis2025,Measured,P0015,P0015,2,31,180,0,179.6034,-20.69561,0.0,180.0,0.3710074727130732,200.69606379633345,20.699243076584867
Daugintis2025,Measured,P0015,P0015,2,32,90,30,90.42135,15.32154,60.00000000000001,90.0,74.67280613828414,91.53754130548214,14.68356592863143
Daugintis2025,Measured,P0015,P0015,2,35,135,-30,121.9085,-28.39647,37.761243907035045,219.23152048359225,48.3098589978739,225.6459317918487,11.533409958710608
Daugintis2025,Measured,P0015,P0015,2,36,135,30,124.2797,0.4973219,37.761243907035045,140.76847951640775,55.71713371126585,179.1170710259379,31.216121709409208
Daugintis2025,Measured,P0015,P0015,2,40,90,60,126.0973,32.52038,30.00000000000001,90.0,42.94693391476516,132.7400272701323,36.27028231488327
Daugintis2025,Measured,P0015,P0015,2,47,45,30,50.09521,20.55667,37.76124390703504,39.23152048359225,45.91150020060036,30.30945733526579,10.503378404194828
Daugintis2025,Measured,P0015,P0015,2,48,225,-30,-125.701,-28.24495,-37.76124390703504,219.23152048359225,-45.67449460343472,222.63185669542372,8.308190469796958
Daugintis2025,Measured,P0015,P0015,2,50,45,-30,90.1009,-31.79713,37.76124390703504,-39.23152048359225,58.202726693066985,269.8372472786096,38.46334368843055
Daugintis2025,Measured,P0015,P0015,2,56,315,30,-48.662,14.64685,-37.76124390703505,39.23152048359225,-46.587640362281334,21.588261489344788,15.719110859039723
Daugintis2025,Measured,P0015,P0015,2,59,90,-30,89.21313,-17.83659,60.00000000000001,-90.0,72.14662566844869,-87.55611359427517,12.184532584255322
Daugintis2025,Measured,P0015,P0015,2,60,0,60,0.2193969,23.2033,0.0,60.0,0.2016503892915956,23.20345211421113,36.79702228080195
Daugintis2025,Measured,P0015,P0015,2,61,180,-30,179.5256,-20.21552,0.0,210.0,0.4451760943745702,200.21615686740552,9.793867375566794
Daugintis2025,Measured,P0015,P0015,2,65,150,0,124.1897,0.276953,29.999999999999996,180.0,55.80931470062803,179.50715210604233,25.81168396465737
Daugintis2025,Measured,P0015,P0015,2,70,0,-30,0.20842,0.05934703,0.0,-30.0,0.2084198881942891,0.0593474226490968,30.06000242565669
Daugintis2025,Measured,P0015,P0015,2,76,240,0,-68.84798,0.3214253999999999,-59.99999999999997,180.0,-68.84564991202203,0.890698306233503,51.152746133046634
Daugintis2025,Measured,P0015,P0015,2,77,225,30,-51.30088,27.34197,-37.76124390703504,140.76847951640778,-43.88793261933932,39.590788015602925,71.69485759789555
Daugintis2025,Measured,P0015,P0015,2,80,0,90,179.5822,24.37379,0.0,90.0,0.3805619730026451,155.62563737390894,65.62621000000001
Daugintis2025,Measured,P0015,P0015,2,83,315,-30,-47.9784,17.40008,-37.76124390703505,-39.23152048359226,-45.14529888301312,25.086497083235088,47.48690920845774
Daugintis2025,Measured,P0015,P0015,2,85,60,0,90.21755,1.138836,59.99999999999999,0.0,88.84057376062238,100.81340936119364,30.236976285912323
Daugintis2025,Measured,P0015,P0015,2,91,90,0,89.9373,-0.2960753,90.0,0.0,89.69735856483672,-78.04320636202492,0.3026414351632831
Daugintis2025,Measured,P0015,P0015,2,96,180,60,179.6725,31.6559,0.0,120.0,0.2787725951711113,148.34368186073092,28.344939059848674
Daugintis2025,Measured,P0015,P0015,2,98,270,0,-89.89951,0.1426525,-90.0,0.0,-89.82550657608296,54.83770565181322,0.1744934239170626
Daugintis2025,Measured,P0019,P0019,0,0,0,-30,179.9802,6.6924,0.0,-30.0,0.0196650851032702,173.30759960401417,156.69239256281196
Daugintis2025,Measured,P0019,P0019,0,3,0,30,-0.2112177,22.21325,0.0,30.0,-0.1955417311109959,22.21338626181661,7.789053497312662
Daugintis2025,Measured,P0019,P0019,0,9,315,-30,-56.07354,16.65993,-37.76124390703505,-39.23152048359226,-52.64809680292273,28.19891840433064,47.864989805645415
Daugintis2025,Measured,P0019,P0019,0,10,45,30,71.20126,25.51275,37.76124390703504,39.23152048359225,58.687710301659195,55.97223888154545,23.562222136274013
Daugintis2025,Measured,P0019,P0019,0,12,0,90,-175.8154,78.14698,0.0,90.0,-0.858792523486579,101.82231175905684,11.853020000000004
Daugintis2025,Measured,P0019,P0019,0,16,0,0,0.2130625,21.4413,0.0,0.0,0.1983169294133677,21.441434790910225,21.442308695046375
Daugintis2025,Measured,P0019,P0019,0,19,270,60,-65.27966,41.44915,-30.00000000000001,90.0,-42.91050506551524,64.6613463823777,23.978572217647972
Daugintis2025,Measured,P0019,P0019,0,22,210,0,-120.7575,-0.3380413,-30.00000000000001,180.0,-59.24082438488221,180.66098267306575,29.24428113995321
Daugintis2025,Measured,P0019,P0019,0,23,270,0,-88.74069,-0.1978235,-90.0,0.0,-88.7252492355796,-8.928309771442372,1.2747507644204024
Daugintis2025,Measured,P0019,P0019,0,26,120,0,140.0914,-0.1713202,60.00000000000002,180.0,39.90838577523676,180.22334349779203,20.09210022811394
Daugintis2025,Measured,P0019,P0019,0,30,135,30,47.93791,-17.3426,37.761243907035045,140.76847951640775,45.126681343675834,-24.9919257770122,96.12357278846412
Daugintis2025,Measured,P0019,P0019,0,31,270,-30,-66.2027,4.120368,-60.00000000000001,-90.0,-65.86908766962456,10.122505001763116,41.0252247096492
Daugintis2025,Measured,P0019,P0019,0,36,0,60,4.478816,29.87454,0.0,60.0,3.882679693977624,29.95028390810083,30.276261151237104
Daugintis2025,Measured,P0019,P0019,0,37,180,30,-178.9807,44.80151,0.0,150.00000000000003,-0.7232275789642553,135.19395649450806,14.823302169981115
Daugintis2025,Measured,P0019,P0019,0,46,135,-30,166.1059,-23.03438,37.761243907035045,219.23152048359225,12.766759761189066,203.65334469952552,28.594991092176837
Daugintis2025,Measured,P0019,P0019,0,48,240,0,-84.32891,2.543606,-59.99999999999997,180.0,-83.78630155981664,24.20630511424008,35.74965930125918
Daugintis2025,Measured,P0019,P0019,0,53,180,-30,-0.1631294,0.4279585,0.0,210.0,-0.163124849496571,0.4279602345075233,150.42755100266336
Daugintis2025,Measured,P0019,P0019,0,54,90,0,79.67973,-6.700425,90.0,0.0,77.71518663567215,-33.255468556446196,12.284813364327842
Daugintis2025,Measured,P0019,P0019,0,56,300,0,-72.2887,4.543079,-59.99999999999999,0.0,-71.73342370356823,14.637852865195184,13.089466312573904
Daugintis2025,Measured,P0019,P0019,0,61,45,-30,64.0093,-13.81386,37.76124390703504,-39.23152048359225,60.79352119736562,-29.295975624336677,23.865311518699578
Daugintis2025,Measured,P0019,P0019,0,62,150,0,153.6134,7.933973,29.999999999999996,180.0,26.11482711282805,171.1571387113744,8.7132659906057
Daugintis2025,Measured,P0019,P0019,0,67,270,30,-82.35378,16.25053,-60.00000000000001,90.0,-72.08446481155056,65.46431823260619,15.430980672203995
Daugintis2025,Measured,P0019,P0019,0,76,90,-30,101.1254,-11.01426,60.00000000000001,-90.0,74.39371306340193,225.24858474293137,21.623667766362367
Daugintis2025,Measured,P0019,P0019,0,77,225,30,-103.3553,44.73029,-37.76124390703504,140.76847951640778,-43.72636281953437,103.12535840301052,28.877167312092425
Daugintis2025,Measured,P0019,P0019,0,78,225,-30,-131.7623,-19.27912,-37.76124390703504,219.23152048359225,-44.7556316892012,207.7071603855968,11.115586399964762
Daugintis2025,Measured,P0019,P0019,0,82,330,0,-25.18456,26.19298,-30.00000000000003,0.0,-22.447594985770777,28.527646958306978,26.601157652292493
Daugintis2025,Measured,P0019,P0019,0,85,90,30,78.65804,23.78199,60.00000000000001,90.0,63.7944569280556,65.94987371406737,11.86343415167351
Daugintis2025,Measured,P0019,P0019,0,86,60,0,85.93423,-0.2430897,59.99999999999999,0.0,85.9269815768529,-3.424490427047175,25.935290367033037
Daugintis2025,Measured,P0019,P0019,0,88,30,0,42.67104,13.90468,29.999999999999996,0.0,41.141949773693746,18.608417253872855,18.72754051473028
Daugintis2025,Measured,P0019,P0019,0,90,180,60,179.2033,28.22403,0.0,120.0,0.7019714417060868,151.7736617738406,31.78060360643042
Daugintis2025,Measured,P0019,P0019,0,91,315,30,-58.65126,30.94787,-37.76124390703505,39.23152048359225,-47.09091713037582,49.054389351141936,11.796158214577837
Daugintis2025,Measured,P0019,P0019,0,93,180,0,0.183454,12.911,0.0,180.0,0.1788159585579597,12.911063964380231,167.0877188389261
Daugintis2025,Measured,P0019,P0019,0,94,90,60,98.13899,1.327217,30.00000000000001,90.0,81.75422541968517,170.70604243816138,59.00989279911818
Daugintis2025,Measured,P0019,P0019,1,9,225,30,-82.14938,32.86388,-37.76124390703504,140.76847951640778,-56.31399467009188,78.06180305278457,44.71518034081047
Daugintis2025,Measured,P0019,P0019,1,10,30,0,62.25037,23.76412,29.999999999999996,0.0,54.09146009277181,43.40002319542796,39.28398079993182
Daugintis2025,Measured,P0019,P0019,1,11,90,0,91.84719,1.961044,90.0,0.0,87.30621606659511,133.2714262859026,2.6937839334048976
Daugintis2025,Measured,P0019,P0019,1,13,180,60,177.7031,44.62962,0.0,120.0,1.6344025097830663,135.3473558384956,15.432057664946353
Daugintis2025,Measured,P0019,P0019,1,14,225,-30,-109.089,-6.975499,-37.76124390703504,219.23152048359225,-69.72114458076877,200.5117710797747,33.49604504454535
Daugintis2025,Measured,P0019,P0019,1,17,315,30,-54.98866,22.42123,-37.76124390703505,39.23152048359225,-49.21122915908436,35.721782050319064,11.726278193775476
Daugintis2025,Measured,P0019,P0019,1,22,45,-30,69.7933,8.641225,37.76124390703504,-39.23152048359225,68.09440452703221,23.7484293725651,45.40000959969025
Daugintis2025,Measured,P0019,P0019,1,25,270,60,-73.43542,53.09253,-30.00000000000001,90.0,-35.14180959689062,77.91464038687224,11.397299949944076
Daugintis2025,Measured,P0019,P0019,1,27,180,-30,-177.821,2.587097,0.0,210.0,-2.1767780067535796,177.41103351231288,32.65358637147565
Daugintis2025,Measured,P0019,P0019,1,29,0,90,5.168277,80.40262,0.0,90.0,0.860538356387481,80.44091739374107,9.59738000000001
Daugintis2025,Measured,P0019,P0019,1,30,90,60,92.05614,29.44405,30.00000000000001,90.0,60.49066458415715,93.63683590342822,30.587530708264794
Daugintis2025,Measured,P0019,P0019,1,31,330,0,-31.17892,22.12553,-30.00000000000003,0.0,-28.658523664462805,25.418017656151065,22.15534124362912
Daugintis2025,Measured,P0019,P0019,1,33,180,30,-172.0565,29.35702,0.0,150.00000000000003,-6.918049406532548,150.4063466435613,6.9299150064300346
Daugintis2025,Measured,P0019,P0019,1,38,90,-30,98.5638,-8.870483,60.00000000000001,-90.0,77.6940510537139,226.34441075048784,22.59737418540725
Daugintis2025,Measured,P0019,P0019,1,42,240,0,-88.38548,-0.5406791,-59.99999999999997,180.0,-88.29737516163199,-18.517738861544615,31.61866411690168
Daugintis2025,Measured,P0019,P0019,1,44,315,-30,-30.2955,-13.4922,-37.76124390703505,-39.23152048359226,-29.375920871741336,-15.52975860794129,21.377403357308843
Daugintis2025,Measured,P0019,P0019,1,51,180,0,-177.5614,59.7504,0.0,180.0,-1.2282117102282624,120.22701468766414,59.78065476742219
Daugintis2025,Measured,P0019,P0019,1,56,210,0,-146.2498,-1.824133,-30.00000000000001,180.0,-33.73080139751442,182.19354043904332,4.169737137267382
Daugintis2025,Measured,P0019,P0019,1,57,135,30,122.3601,34.53582,37.761243907035045,140.76847951640775,44.09426039977572,127.8734580772786,11.59910695348674
Daugintis2025,Measured,P0019,P0019,1,60,0,-30,1.892068,-6.983536,0.0,-30.0,1.878025945361394,-6.987307877939799,23.085043584271368
Daugintis2025,Measured,P0019,P0019,1,61,270,0,-67.19972,-1.136428,-90.0,0.0,-67.17292542739244,-2.930392196923833,22.82707457260757
Daugintis2025,Measured,P0019,P0019,1,62,270,-30,-71.01368,-0.5574291,-60.00000000000001,-90.0,-71.00580044784472,-1.7129049793049944,34.53944480895444
Daugintis2025,Measured,P0019,P0019,1,67,0,30,15.96616,47.5267,0.0,30.0,10.70426621714285,48.64708211437949,21.405873278891978
Daugintis2025,Measured,P0019,P0019,1,71,300,0,-62.77948,3.584793,-59.99999999999999,0.0,-62.5623342622831,7.798764501071645,4.534993390929479
Daugintis2025,Measured,P0019,P0019,1,72,60,0,79.39749,-6.153738,59.99999999999999,0.0,77.75875230145941,-30.369643933745223,20.31433148605379
Daugintis2025,Measured,P0019,P0019,1,74,0,0,0.3454843,25.14804,0.0,0.0,0.3127364711181815,25.1484406880804,25.15025865049685
Daugintis2025,Measured,P0019,P0019,1,75,120,0,126.7548,-3.128251,60.00000000000002,180.0,53.131038046463374,185.21848721007376,7.440960178525264
Daugintis2025,Measured,P0019,P0019,1,77,135,-30,151.6827,-25.82017,37.761243907035045,219.23152048359225,25.27714161787881,208.79427506641963,15.30646314260782
Daugintis2025,Measured,P0019,P0019,1,79,270,30,-85.12196,17.30455,-60.00000000000001,90.0,-72.04131317377562,74.73355071833586,13.453957601052815
Daugintis2025,Measured,P0019,P0019,1,82,0,60,-171.27,87.06222,0.0,60.0,-0.4457006153376518,92.90380309251628,32.90648223691549
Daugintis2025,Measured,P0019,P0019,1,86,150,0,151.745,6.275355,29.999999999999996,180.0,28.070651924988493,172.88398279689375,6.5125201711735725
Daugintis2025,Measured,P0019,P0019,1,95,45,30,42.23206,9.429235,37.76124390703504,39.23152048359225,41.533174318367934,12.641839574677888,20.73268861903731
Daugintis2025,Measured,P0019,P0019,1,98,90,30,87.43649,1.409033,60.00000000000001,90.0,87.07499871818484,28.80833863858058,28.69452758604477
Daugintis2025,Measured,P0019,P0019,2,1,150,0,148.9108,-5.303671,29.999999999999996,180.0,30.941405847071895,186.18683207978756,5.414045829245989
Daugintis2025,Measured,P0019,P0019,2,5,90,0,89.07967,3.097309,90.0,0.0,86.76897769932158,73.46719900916654,3.2310223006784073
Daugintis2025,Measured,P0019,P0019,2,8,225,-30,-121.0477,-11.86726,-37.76124390703504,219.23152048359225,-56.97437099456897,202.16780768182548,22.281283345222068
Daugintis2025,Measured,P0019,P0019,2,11,270,30,-50.69198,-0.09891172,-60.00000000000001,90.0,-50.69187571913781,-0.15613774591651,47.99277373800317
Daugintis2025,Measured,P0019,P0019,2,13,270,60,-43.5807,40.25034,-30.00000000000001,90.0,-31.74577212655468,49.44671326906269,34.6501237600741
Daugintis2025,Measured,P0019,P0019,2,15,0,90,178.1043,42.66151,0.0,90.0,1.3939240853817711,137.32285863134538,47.33849
Daugintis2025,Measured,P0019,P0019,2,16,330,0,-27.9099,5.677303,-30.00000000000003,0.0,-27.761134186669096,6.418701273193676,6.048634515768563
Daugintis2025,Measured,P0019,P0019,2,23,270,0,-89.34198,-1.09056,-90.0,0.0,-88.72632062777879,-58.897757419751514,1.273679372221199
Daugintis2025,Measured,P0019,P0019,2,24,0,30,0.04845664,48.25903,0.0,30.0,0.0322606880473673,48.25904017906001,18.259067707298417
Daugintis2025,Measured,P0019,P0019,2,27,135,-30,143.1984,-22.39988,37.761243907035045,219.23152048359225,33.63126984602226,207.2371418735798,10.5697055140474
Daugintis2025,Measured,P0019,P0019,2,29,0,0,-0.4756011,24.10213,0.0,0.0,-0.4341368875119182,24.102865826772486,24.106541944136247
Daugintis2025,Measured,P0019,P0019,2,33,120,0,117.8272,14.4411,60.00000000000002,180.0,58.91671145249166,151.11598775010907,14.600206256493632
Daugintis2025,Measured,P0019,P0019,2,34,180,60,-179.2545,29.03219,0.0,120.0,-0.6518215002689274,150.9657519321755,30.971930324719207
Daugintis2025,Measured,P0019,P0019,2,35,315,30,-57.47035,21.30325,-37.76124390703505,39.23152048359225,-51.76730492221106,35.94842962303028,14.194906249251416
Daugintis2025,Measured,P0019,P0019,2,37,180,30,-175.7434,43.93651,0.0,150.00000000000003,-3.063857604093981,135.9844102387997,14.34001239648468
Daugintis2025,Measured,P0019,P0019,2,43,90,-30,101.4562,-18.77798,60.00000000000001,-90.0,68.11138028035911,239.70761128036295,15.302731803536336
Daugintis2025,Measured,P0019,P0019,2,46,225,30,-89.10192,18.512,-37.76124390703504,140.76847951640778,-71.46699083735362,87.31985519795285,43.091361398047674
Daugintis2025,Measured,P0019,P0019,2,55,315,-30,-60.60402,29.22729,-37.76124390703505,-39.23152048359226,-49.49323664366091,48.74023458670192,61.067509965384055
Daugintis2025,Measured,P0019,P0019,2,58,90,30,87.85353,28.21019,60.00000000000001,90.0,61.714956971435775,86.00597727744415,2.5923000506692753
Daugintis2025,Measured,P0019,P0019,2,61,60,0,89.36929,6.922856,59.99999999999999,0.0,83.04861218280388,84.81973492731424,30.10322808944404
Daugintis2025,Measured,P0019,P0019,2,71,135,30,119.0715,47.07364,37.761243907035045,140.76847951640775,36.53074739719359,114.32028259878138,21.047619283672216
Daugintis2025,Measured,P0019,P0019,2,76,180,0,-162.2428,24.24776,0.0,180.0,-16.14551001277774,154.68806131243073,29.733844635984163
Daugintis2025,Measured,P0019,P0019,2,80,45,30,72.58315,4.619401,37.76124390703504,39.23152048359225,71.9993362795669,15.106385335136792,36.35422890820665
Daugintis2025,Measured,P0019,P0019,2,81,45,-30,96.23493,2.421396,37.76124390703504,-39.23152048359225,83.31312134156646,158.72609418246677,58.62516311811809
Daugintis2025,Measured,P0019,P0019,2,83,180,-30,173.7293,3.337888,0.0,210.0,6.260019394564874,176.64206685233603,33.87336887879776
Daugintis2025,Measured,P0019,P0019,2,84,0,60,18.96774,54.48826,0.0,60.0,10.882961890654506,55.98636173405882,11.591112450855956
Daugintis2025,Measured,P0019,P0019,2,85,300,0,-89.57736,0.05934703,-59.99999999999999,0.0,-89.57321366506359,7.993274564360121,29.57741415465988
Daugintis2025,Measured,P0019,P0019,2,86,90,60,89.53944,-12.15876,30.00000000000001,90.0,77.83265162192944,-87.8633917722218,72.15971046841742
Daugintis2025,Measured,P0019,P0019,2,88,210,0,-127.2031,9.437631,-30.00000000000001,180.0,-51.786981370459394,164.62840241917758,24.576589804836857
Daugintis2025,Measured,P0019,P0019,2,89,30,0,42.96043,24.52769,29.999999999999996,0.0,38.31581893143381,31.94452254239228,27.552821214233745
Daugintis2025,Measured,P0019,P0019,2,91,0,-30,-179.1829,3.216316,0.0,-30.0,-0.8158128395154116,176.78335759425408,153.20513865022946
Daugintis2025,Measured,P0019,P0019,2,94,240,0,-93.66157,-0.2733977,-59.99999999999997,180.0,-86.32825118180736,184.27309797410476,26.33974753876668
Daugintis2025,Measured,P0019,P0019,2,96,270,-30,-82.43386,-9.461594,-60.00000000000001,-90.0,-77.90676569579956,-51.688249519994294,21.720568323812387
Daugintis2025,Measured,P0031,P0031,0,5,45,-30,124.9386,-0.3609945,37.76124390703504,-39.23152048359225,55.05977219482276,180.63032268023971,81.11539888132123
Daugintis2025,Measured,P0031,P0031,0,17,135,30,143.2931,-29.8762,37.761243907035045,140.76847951640775,31.21739810618251,215.62406377843183,60.39500429918119
Daugintis2025,Measured,P0031,P0031,0,18,150,0,160.2408,-0.7430948,29.999999999999996,180.0,19.757469046418223,180.78957842480096,10.267437933935131
Daugintis2025,Measured,P0031,P0031,0,19,180,30,0.1119058,59.59372,0.0,150.00000000000003,0.0566386653428095,59.59376770361749,90.40623209789536
Daugintis2025,Measured,P0031,P0031,0,20,225,30,-49.83018,35.90257,-37.76124390703504,140.76847951640778,-38.24035979678431,48.29817088082774,69.37365366892085
Daugintis2025,Measured,P0031,P0031,0,21,90,-30,126.6397,0.615167,60.00000000000001,-90.0,53.35585998109094,178.96926297556382,46.40992470998094
Daugintis2025,Measured,P0031,P0031,0,25,60,0,90.08817,-0.5252593,59.99999999999999,0.0,89.46739220494543,260.47143415866157,30.09232511679916
Daugintis2025,Measured,P0031,P0031,0,27,240,0,-124.0655,-0.1203313,-59.99999999999997,180.0,-55.93431312745814,180.2148228150847,4.067277414057315
Daugintis2025,Measured,P0031,P0031,0,28,270,60,-39.52313,31.19926,-30.00000000000001,90.0,-32.980203929093705,38.13559927737961,43.88029013074506
Daugintis2025,Measured,P0031,P0031,0,30,0,30,-0.7999081,42.77824,0.0,30.0,-0.5871140304900151,42.78102359431546,12.794277250394464
Daugintis2025,Measured,P0031,P0031,0,31,0,90,-132.4827,89.68227,0.0,90.0,-0.234319383192831,90.21458573176204,0.3177299999999922
Daugintis2025,Measured,P0031,P0031,0,32,90,30,89.34499,-2.197578,60.00000000000001,90.0,87.70692853203802,-73.41082205674843,32.203658170878555
Daugintis2025,Measured,P0031,P0031,0,33,330,0,-27.00368,21.47162,-30.00000000000003,0.0,-24.99482212194725,23.81994611899825,21.66988821932164
Daugintis2025,Measured,P0031,P0031,0,36,180,-30,179.714,-0.2130625,0.0,210.0,0.2859980225390479,180.21306515438755,29.788181834729812
Daugintis2025,Measured,P0031,P0031,0,38,30,0,32.03624,-0.3835945,29.999999999999996,0.0,32.035436494461855,-0.4525026389815991,2.0720415351445234
Daugintis2025,Measured,P0031,P0031,0,40,225,-30,-141.2159,37.7832,-37.76124390703504,219.23152048359225,-29.673428864778792,135.15853428113357,68.03202222220104
Daugintis2025,Measured,P0031,P0031,0,43,270,0,-90.70873,-0.5370479,-90.0,0.0,-89.11078464404243,217.15493783622765,0.8892153559575822
Daugintis2025,Measured,P0031,P0031,0,44,45,30,56.43211,-2.184536,37.76124390703504,39.23152048359225,56.369411825084754,-3.9465368233084774,33.986663039106766
Daugintis2025,Measured,P0031,P0031,0,45,90,60,62.95842,39.22741,30.00000000000001,90.0,43.626603290732646,60.88674678416572,26.79155219003839
Daugintis2025,Measured,P0031,P0031,0,48,120,0,139.7407,0.324455,60.00000000000002,180.0,40.25852204474205,179.57483844139432,19.743259829174004
Daugintis2025,Measured,P0031,P0031,0,54,180,60,179.7368,-26.37514,0.0,120.0,0.235801926565987,206.37538060676536,86.3754113437401
Daugintis2025,Measured,P0031,P0031,0,55,90,0,137.9779,-0.5252593,90.0,0.0,42.01993050466032,180.70703563598192,47.9800694953397
Daugintis2025,Measured,P0031,P0031,0,59,135,-30,142.3564,-24.73157,37.761243907035045,219.23152048359225,33.69203360267452,210.1871951167978,8.388781820728918
Daugintis2025,Measured,P0031,P0031,0,63,270,30,-64.54491,0.5591815,-60.00000000000001,90.0,-64.53917828755318,1.3008343977849677,38.11288457231009
Daugintis2025,Measured,P0031,P0031,0,64,315,30,-37.94006,-0.1297215,-37.76124390703505,39.23152048359225,-37.93994551624411,-0.1644844253965089,30.870961944896933
Daugintis2025,Measured,P0031,P0031,0,68,210,0,-144.4855,-34.00988,-30.00000000000001,180.0,-28.78598696513103,219.657877320698,34.400890222731306
Daugintis2025,Measured,P0031,P0031,0,71,315,-30,-35.19838,21.70031,-37.76124390703505,-39.23152048359226,-32.38185785611738,25.96591761425212,52.55285052225193
Daugintis2025,Measured,P0031,P0031,0,76,0,0,-0.4111691,20.6521,0.0,0.0,-0.3847466394011719,20.652586908673428,20.656013861750843
Daugintis2025,Measured,P0031,P0031,0,86,270,-30,-66.21084,23.08533,-60.00000000000001,-90.0,-57.326618339120934,46.57849529527823,57.795942605569486
Daugintis2025,Measured,P0031,P0031,0,89,180,0,179.749,38.06303,0.0,180.0,0.1976203425889353,141.93670312496593,38.06373209581899
Daugintis2025,Measured,P0031,P0031,0,93,0,60,-0.6746368,32.48491,0.0,60.0,-0.5690745601904672,32.48670946249965,27.518715791458348
Daugintis2025,Measured,P0031,P0031,0,94,300,0,-64.36214,-0.5848376,-59.99999999999999,0.0,-64.35592150973386,-1.351454478473585,4.401095237248842
Daugintis2025,Measured,P0031,P0031,0,97,0,-30,179.6935,14.21481,0.0,-30.0,0.2971154698615919,165.78499485291596,164.2122802378339
Daugintis2025,Measured,P0031,P0031,1,0,225,-30,-134.0421,32.64138,-37.76124390703504,219.23152048359225,-37.25039723200738,137.34254476961746,62.64795438081301
Daugintis2025,Measured,P0031,P0031,1,1,180,0,178.5041,39.62317,0.0,180.0,1.152171821453455,140.367236192203,39.64674838573512
Daugintis2025,Measured,P0031,P0031,1,4,45,-30,133.4412,-27.83029,37.76124390703504,-39.23152048359225,39.94842633886813,217.51543918885497,75.2702255185854
Daugintis2025,Measured,P0031,P0031,1,6,0,-30,-0.8416294,38.89034,0.0,-30.0,-0.655072124944277,38.893360838153825,68.89480630194798
Daugintis2025,Measured,P0031,P0031,1,7,0,90,36.56186,88.5619,0.0,90.0,0.8566042330218365,88.844811604954,1.4381000000000066
Daugintis2025,Measured,P0031,P0031,1,8,270,0,-72.8625,-0.1958353,-90.0,0.0,-72.86141466927658,-0.6645741108079477,17.138585330723426
Daugintis2025,Measured,P0031,P0031,1,11,180,60,-179.8322,22.79434,0.0,120.0,-0.1546950264366788,157.20557223847803,37.205847309803765
Daugintis2025,Measured,P0031,P0031,1,14,0,60,-0.7855918,61.43045,0.0,60.0,-0.3756807036654792,61.43271197648298,1.481138137037329
Daugintis2025,Measured,P0031,P0031,1,19,210,0,-144.7556,-26.56241,-30.00000000000001,180.0,-31.074678301435306,211.47292127648552,27.038214686492005
Daugintis2025,Measured,P0031,P0031,1,31,90,0,105.6357,-2.309104,90.0,0.0,74.19892281156027,188.50899994050096,15.801077188439733
Daugintis2025,Measured,P0031,P0031,1,33,270,30,-60.56221,0.9261956,-60.00000000000001,90.0,-60.54894787249718,1.8839946556572045,40.34178650618382
Daugintis2025,Measured,P0031,P0031,1,35,90,60,130.0158,32.55054,30.00000000000001,90.0,40.20786876294674,135.2096204903309,37.93203590685132
Daugintis2025,Measured,P0031,P0031,1,36,315,-30,-40.23769,20.8462,-37.76124390703505,-39.23152048359226,-37.133543118753806,26.51108780952356,51.052343679307306
Daugintis2025,Measured,P0031,P0031,1,41,180,-30,-179.2713,-11.45717,0.0,210.0,-0.7141787729510563,191.45807216918797,18.55519354873264
Daugintis2025,Measured,P0031,P0031,1,44,225,30,-44.38633,30.32087,-37.76124390703504,140.76847951640778,-37.1432899372037,39.29595854069103,75.8527724491841
Daugintis2025,Measured,P0031,P0031,1,45,270,-30,-117.7543,-0.1083524,-60.00000000000001,-90.0,-62.245505305131346,180.23267418748017,39.88476438349869
Daugintis2025,Measured,P0031,P0031,1,46,45,30,53.41872,14.35835,37.76124390703504,39.23152048359225,51.071354085251414,23.244800617168863,17.46002770444494
Daugintis2025,Measured,P0031,P0031,1,47,330,0,-33.87118,24.9744,-30.00000000000003,0.0,-30.345657248977545,29.290829058152056,25.253615031980104
Daugintis2025,Measured,P0031,P0031,1,48,315,30,-58.34282,1.430671,-37.76124390703505,39.23152048359225,-58.31386413508272,2.724452397086509,31.25468163875399
Daugintis2025,Measured,P0031,P0031,1,51,30,0,30.81645,-0.9749822,29.999999999999996,0.0,30.811501928526503,-1.135228376907719,1.271658975498281
Daugintis2025,Measured,P0031,P0031,1,53,135,30,137.3868,31.86007,37.761243907035045,140.76847951640775,35.10255183707617,139.81998060246363,2.765994750491632
Daugintis2025,Measured,P0031,P0031,1,57,270,60,-46.24168,38.79488,-30.00000000000001,90.0,-34.2585199677072,49.29272389504427,34.50685436219287
Daugintis2025,Measured,P0031,P0031,1,61,150,0,143.2649,-0.7370135,29.999999999999996,180.0,36.73156236180316,180.91961845701223,6.7751204165958345
Daugintis2025,Measured,P0031,P0031,1,62,240,0,-130.6393,0.1813082,-59.99999999999997,180.0,-49.36036577089541,179.72162012962326,10.640826962856147
Daugintis2025,Measured,P0031,P0031,1,79,135,-30,148.2093,0.02797646,37.761243907035045,219.23152048359225,31.790695766636585,179.9670856750751,32.55580661927785
Daugintis2025,Measured,P0031,P0031,1,84,90,-30,118.6203,-2.008863,60.00000000000001,-90.0,61.31523557126271,184.1880874501474,38.988845224285654
Daugintis2025,Measured,P0031,P0031,1,86,120,0,119.4725,-0.06852804,60.00000000000002,180.0,60.52742748499043,180.13928279481593,0.5319325235239291
Daugintis2025,Measured,P0031,P0031,1,87,90,30,89.77392,0.05934703,60.00000000000001,90.0,89.76626036260262,14.708589651517144,29.94142690855575
Daugintis2025,Measured,P0031,P0031,1,89,0,0,-0.3183671,26.18826,0.0,0.0,-0.2856860539472774,26.18861028769527,26.19005843390438
Daugintis2025,Measured,P0031,P0031,1,91,300,0,-90.96526,-18.47943,-59.99999999999999,0.0,-71.49625643527483,267.1142754667468,35.58376736473317
Daugintis2025,Measured,P0031,P0031,1,93,0,30,0.5395923,40.51048,0.0,30.0,0.4102425394623097,40.51173487898589,10.519647170030844
Daugintis2025,Measured,P0031,P0031,1,94,60,0,127.72,-0.9479132,59.99999999999999,0.0,52.26986333276099,181.5491398041312,67.72321261794148
Daugintis2025,Measured,P0031,P0031,1,95,180,30,179.8052,20.11252,0.0,150.00000000000003,0.1829208857892303,159.88737307251492,9.889048160641766
Daugintis2025,Measured,P0031,P0031,2,1,315,-30,-36.77617,-19.38457,-37.76124390703505,-39.23152048359226,-34.38507087873691,-23.714817296253116,12.97066329078736
Daugintis2025,Measured,P0031,P0031,2,2,300,0,-49.73151,0.9026566,-59.99999999999999,0.0,-49.72311727948763,1.3963398835676202,10.30766381955478
Daugintis2025,Measured,P0031,P0031,2,5,90,0,88.79124,0.5222706,90.0,0.0,88.68325141031163,23.36991627474481,1.3167485896883913
Daugintis2025,Measured,P0031,P0031,2,6,225,-30,-149.1202,0.2571706,-37.76124390703504,219.23152048359225,-30.87945485931516,179.70035396500248,33.11175269082424
Daugintis2025,Measured,P0031,P0031,2,7,150,0,142.8703,0.6573014,29.999999999999996,180.0,37.12684555238422,179.17558175834972,7.159778969650422
Daugintis2025,Measured,P0031,P0031,2,8,30,0,32.52914,1.376719,29.999999999999996,0.0,32.5185920943824,1.6327621219450776,2.879352896721804
Daugintis2025,Measured,P0031,P0031,2,9,0,-30,-0.04423466,34.41854,0.0,-30.0,-0.0364905252601895,34.4185479619329,64.41855352469815
Daugintis2025,Measured,P0031,P0031,2,15,270,60,-39.22538,37.92881,-30.00000000000001,90.0,-29.92062021324706,45.170424377290146,38.58075468217084
Daugintis2025,Measured,P0031,P0031,2,17,135,-30,149.1991,-0.8439512,37.761243907035045,219.23152048359225,30.79719477351334,180.98251084405393,32.130259364096716
Daugintis2025,Measured,P0031,P0031,2,21,330,0,-28.89723,19.03004,-30.00000000000003,0.0,-27.182735288601577,21.502851110020583,19.06078362996478
Daugintis2025,Measured,P0031,P0031,2,22,120,0,122.692,-0.1046783,60.00000000000002,180.0,57.30785100703029,180.1938041010808,2.694032940091407
Daugintis2025,Measured,P0031,P0031,2,25,180,30,-179.8357,-22.55435,0.0,150.00000000000003,-0.15173366604743,202.55443344515027,52.554587308974384
Daugintis2025,Measured,P0031,P0031,2,30,45,-30,90.16082,-0.4173099,37.76124390703504,-39.23152048359225,89.55277503680496,248.9250456321405,52.10061850740074
Daugintis2025,Measured,P0031,P0031,2,37,240,0,-130.7854,-1.253514,-59.99999999999997,180.0,-49.198709316057,181.91854303473053,10.857142649413982
Daugintis2025,Measured,P0031,P0031,2,38,180,60,-179.5126,34.26487,0.0,120.0,-0.4028070980392293,145.73416536465325,25.737102796282677
Daugintis2025,Measured,P0031,P0031,2,39,0,90,179.9441,0.3951527,0.0,90.0,0.0558986705718732,179.60484711193857,89.60484729999999
Daugintis2025,Measured,P0031,P0031,2,41,210,0,-152.9676,-15.64205,-30.00000000000001,180.0,-25.95480615419197,197.44990528192184,15.914158866535844
Daugintis2025,Measured,P0031,P0031,2,42,90,-30,110.4567,-11.85646,60.00000000000001,-90.0,66.4838175562564,210.99266199860813,26.255532867684607
Daugintis2025,Measured,P0031,P0031,2,47,270,30,-63.60157,17.14592,-60.00000000000001,90.0,-58.86100376471859,34.756987213983635,27.29621307979352
Daugintis2025,Measured,P0031,P0031,2,49,90,60,89.42484,51.76082,30.00000000000001,90.0,38.236905126859504,89.54677357356758,8.24541184945107
Daugintis2025,Measured,P0031,P0031,2,50,180,-30,-179.7973,-17.86115,0.0,210.0,-0.1929303474303663,197.8612546727298,12.14025541983786
Daugintis2025,Measured,P0031,P0031,2,51,225,30,-144.5556,-0.3961419,-37.76124390703504,140.76847951640778,-35.44342518808569,180.4862514823605,31.730430552243444
Daugintis2025,Measured,P0031,P0031,2,56,90,30,89.97894,-0.3077414,60.00000000000001,90.0,89.6915388377625,-86.08515738759326,30.307748042064272
Daugintis2025,Measured,P0031,P0031,2,63,0,60,1.570722,63.52937,0.0,60.0,0.7000617918489551,63.537960807650165,3.606470592280567
Daugintis2025,Measured,P0031,P0031,2,71,270,-30,-70.55356,-0.1153499,-60.00000000000001,-90.0,-70.55323113236328,-0.3464698202352565,35.152119673294585
Daugintis2025,Measured,P0031,P0031,2,75,270,0,-90.12153,0.1312212,-90.0,0.0,-89.82114665670913,132.80412111818362,0.178853343290837
Daugintis2025,Measured,P0031,P0031,2,81,0,30,-0.7388696,60.12667,0.0,30.0,-0.3680115767267566,60.12872765328575,30.130764065567423
Daugintis2025,Measured,P0031,P0031,2,83,180,0,179.8644,-27.67621,0.0,180.0,0.120085513117242,207.67627600248397,27.676515938118737
Daugintis2025,Measured,P0031,P0031,2,84,0,0,0.2548778,15.31882,0.0,0.0,0.2458221114997913,15.31896445076964,15.320889449944104
Daugintis2025,Measured,P0031,P0031,2,85,315,30,-51.74479,25.47045,-37.76124390703505,39.23152048359225,-45.148650943126434,37.57217103745327,7.490875696552721
Daugintis2025,Measured,P0031,P0031,2,94,45,30,57.53791,19.53676,37.76124390703504,39.23152048359225,52.67130103965882,33.46876478827113,15.440343693360912
Daugintis2025,Measured,P0031,P0031,2,97,135,30,131.8874,27.88739,37.761243907035045,140.76847951640775,41.14777730948661,141.59983251289773,3.4467800692946695
Daugintis2025,Measured,P0031,P0031,2,98,60,0,90.31617,0.06852804,59.99999999999999,0.0,89.67648877376536,167.77056384819934,30.316240085313257
Daugintis2025,Measured,P0107,P0107,0,0,180,30,0.0,-0.2373883,0.0,150.00000000000003,0.0,-0.2373883000000063,150.2373883
Daugintis2025,Measured,P0107,P0107,0,5,270,60,-134.5293,42.74028,-30.00000000000001,90.0,-31.572340387904298,127.19457506071213,31.8385303759844
Daugintis2025,Measured,P0107,P0107,0,11,90,-30,112.9504,-30.02478,60.00000000000001,-90.0,52.87057305928859,235.99200217135737,19.839535981425097
Daugintis2025,Measured,P0107,P0107,0,13,210,0,-161.3925,0.2229358,-30.00000000000001,180.0,-18.60735397495675,179.7647679608678,11.394652250184318
Daugintis2025,Measured,P0107,P0107,0,15,300,0,-75.86396,24.13856,-59.99999999999999,0.0,-62.2423648189742,61.41016417569108,28.62154276187166
Daugintis2025,Measured,P0107,P0107,0,16,270,-30,-109.6923,-27.10866,-60.00000000000001,-90.0,-56.938409402155855,236.6451173522828,17.514218670634868
Daugintis2025,Measured,P0107,P0107,0,18,0,0,-0.8886743,-8.803326,0.0,0.0,-0.8782044467172058,-8.804368419165769,8.847715308741144
Daugintis2025,Measured,P0107,P0107,0,19,270,0,-99.86409,22.89647,-90.0,0.0,-65.17454495600741,112.07851730117176,24.825455043992573
Daugintis2025,Measured,P0107,P0107,0,26,225,30,-152.5807,23.69894,-37.76124390703504,140.76847951640778,-24.93974846886827,153.6876450305928,16.87898289030865
Daugintis2025,Measured,P0107,P0107,0,29,270,30,-92.76791,35.92034,-60.00000000000001,90.0,-53.98748898078568,93.81373300911248,6.35868337970636
Daugintis2025,Measured,P0107,P0107,0,32,90,60,139.7849,36.62426,30.00000000000001,90.0,31.210466327774164,135.7719021903657,39.128567952108405
Daugintis2025,Measured,P0107,P0107,0,34,315,30,-113.4898,30.3063,-37.76124390703505,39.23152048359225,-52.353666941502944,124.29108261710776,58.23350494073337
Daugintis2025,Measured,P0107,P0107,0,42,60,0,91.10824,17.00472,59.99999999999999,0.0,72.96026929358365,93.61877639261928,35.039081882321426
Daugintis2025,Measured,P0107,P0107,0,44,90,30,92.43687,30.38724,60.00000000000001,90.0,59.52451604553231,94.14715410591076,2.141515924626318
Daugintis2025,Measured,P0107,P0107,0,47,315,-30,-154.6272,26.36865,-37.76124390703505,-39.23152048359226,-22.576850098087757,151.24882362899828,118.86208676119128
Daugintis2025,Measured,P0107,P0107,0,49,45,30,95.9346,27.72173,37.76124390703504,39.23152048359225,61.699473634944994,101.13097514160546,44.29787502266535
Daugintis2025,Measured,P0107,P0107,0,50,90,0,107.7384,-1.143637,90.0,0.0,72.22595479866243,183.74881262346295,17.77404520133759
Daugintis2025,Measured,P0107,P0107,0,53,180,60,-171.9046,86.3805,0.0,120.0,-0.5093720766858135,93.58352602130287,26.42103152403251
Daugintis2025,Measured,P0107,P0107,0,57,120,0,126.7162,0.5252593,60.00000000000002,180.0,53.2805719282632,179.12146650472647,6.736614502253824
Daugintis2025,Measured,P0107,P0107,0,59,135,30,140.9809,32.69816,37.761243907035045,140.76847951640775,31.992536836319506,140.43479026365048,5.775185378725123
Daugintis2025,Measured,P0107,P0107,0,61,150,0,162.1341,-19.93481,29.999999999999996,180.0,16.762651340398488,200.85974029396988,23.208316010261825
Daugintis2025,Measured,P0107,P0107,0,62,0,-30,-0.5528469,-32.61405,0.0,-30.0,-0.4656720426019297,-32.615260921153855,2.6563677297724313
Daugintis2025,Measured,P0107,P0107,0,64,240,0,-114.5707,-0.8062432,-59.99999999999997,180.0,-65.41689642533527,181.93833147373255,5.488659198514557
Daugintis2025,Measured,P0107,P0107,0,68,0,90,174.9162,61.80646,0.0,90.0,2.399399336729113,118.09960459329268,28.19354
Daugintis2025,Measured,P0107,P0107,0,69,30,0,48.33091,-0.3936644,29.999999999999996,0.0,48.329390497712346,-0.5921184115606906,18.33499138513191
Daugintis2025,Measured,P0107,P0107,0,72,0,30,0.04423466,51.21758,0.0,30.0,0.0277070260311241,51.217588337444795,21.21760559346227
Daugintis2025,Measured,P0107,P0107,0,78,180,0,1.248038,-0.1845175,0.0,180.0,1.248031527143329,-0.184561282522722,178.7383977757071
Daugintis2025,Measured,P0107,P0107,0,79,45,-30,92.25533,0.3226406,37.76124390703504,-39.23152048359225,87.72172069403604,171.85652007254544,54.19880061307498
Daugintis2025,Measured,P0107,P0107,0,83,0,60,1.169188,19.15302,0.0,60.0,1.1044601745904798,19.156717826591844,40.85559384741171
Daugintis2025,Measured,P0107,P0107,0,84,225,-30,-137.2582,-26.90154,-37.76124390703504,219.23152048359225,-37.246894696183155,214.63807150286857,3.679758428271082
Daugintis2025,Measured,P0107,P0107,0,86,180,-30,-178.5751,-35.51285,0.0,210.0,-1.1598072502667782,215.5212289547169,5.6413611532675745
Daugintis2025,Measured,P0107,P0107,0,87,330,0,-29.9762,18.56378,-30.00000000000003,0.0,-28.271088956862737,21.19102635698853,18.563794718955748
Daugintis2025,Measured,P0107,P0107,0,95,135,-30,152.5393,-29.37037,37.761243907035045,219.23152048359225,23.6950476837797,212.38503020894552,15.235607933983148
Daugintis2025,Measured,P0107,P0107,1,0,225,30,-133.6026,31.02175,-37.76124390703504,140.76847951640778,-38.35762407403665,138.91154818905497,1.5790078065104425
Daugintis2025,Measured,P0107,P0107,1,2,270,60,-121.1141,58.42028,-30.00000000000001,90.0,-26.63768718887169,107.62250118969718,15.856023023274274
Daugintis2025,Measured,P0107,P0107,1,4,0,60,44.58392,86.51305,0.0,60.0,2.446908764303638,87.5150024225785,27.61512568843919
Daugintis2025,Measured,P0107,P0107,1,11,270,0,-90.4975,11.51872,-90.0,0.0,-78.47068635292634,92.43970148069332,11.52931364707366
Daugintis2025,Measured,P0107,P0107,1,12,0,0,1.354219,0.9082754,0.0,0.0,1.3540488152982653,0.9085291163214748,1.6305580867900022
Daugintis2025,Measured,P0107,P0107,1,17,135,-30,138.2644,-26.33181,37.761243907035045,219.23152048359225,36.62834156595081,213.5537000265914,4.661742591694917
Daugintis2025,Measured,P0107,P0107,1,22,225,-30,-127.4129,-18.70631,-37.76124390703504,219.23152048359225,-48.7917532706727,209.1319206537077,13.231067312121754
Daugintis2025,Measured,P0107,P0107,1,29,90,-30,92.34651,-29.20608,60.00000000000001,-90.0,60.70809327745648,265.811113276347,2.1891828337104142
Daugintis2025,Measured,P0107,P0107,1,34,180,0,-176.9292,29.93133,0.0,180.0,-2.660911648092815,150.03305663927665,30.073914687615115
Daugintis2025,Measured,P0107,P0107,1,43,180,30,-179.6885,-8.283824,0.0,150.00000000000003,-0.3082499347600339,188.28394472794673,38.28499525327502
Daugintis2025,Measured,P0107,P0107,1,51,120,0,128.8332,5.007072,60.00000000000002,180.0,50.89597759489922,172.04604632276897,10.143823220518644
Daugintis2025,Measured,P0107,P0107,1,54,135,30,132.5717,29.77395,37.761243907035045,140.76847951640775,39.73338311164037,139.78001769379074,2.117419472497641
Daugintis2025,Measured,P0107,P0107,1,55,270,30,-94.2636,40.49558,-60.00000000000001,90.0,-49.3190891080062,94.97566168349007,11.054152993927678
Daugintis2025,Measured,P0107,P0107,1,59,300,0,-70.39986,15.07447,-59.99999999999999,0.0,-65.45553311852628,38.76168996885335,18.245112504560225
Daugintis2025,Measured,P0107,P0107,1,61,270,-30,-127.6065,-30.36377,-60.00000000000001,-90.0,-43.12201686002456,223.8318965021651,32.358102515412796
Daugintis2025,Measured,P0107,P0107,1,62,315,-30,-33.63977,-1.847374,-37.76124390703505,-39.23152048359226,-33.61995692664137,-2.218629166690363,30.14746777624899
Daugintis2025,Measured,P0107,P0107,1,65,90,0,92.71471,-0.6746368,90.0,0.0,87.20277913619941,193.9615890509558,2.7972208638006015
Daugintis2025,Measured,P0107,P0107,1,67,150,0,152.6152,-17.32876,29.999999999999996,180.0,26.045649770659683,199.36117870443783,17.51899963463196
Daugintis2025,Measured,P0107,P0107,1,69,330,0,-27.82596,13.97308,-30.00000000000003,0.0,-26.934705609331573,15.714645623740878,14.137868623191403
Daugintis2025,Measured,P0107,P0107,1,73,0,-30,0.3971285,-30.21111,0.0,-30.0,0.3431887180979131,-30.21170847805209,0.4032349685893256
Daugintis2025,Measured,P0107,P0107,1,75,180,-30,-179.7154,-14.86937,0.0,210.0,-0.2750696399948077,194.86954531259556,15.132896460844757
Daugintis2025,Measured,P0107,P0107,1,77,210,0,-150.9566,0.07912937,-30.00000000000001,180.0,-29.043369657589555,179.90948910151656,0.959866884203844
Daugintis2025,Measured,P0107,P0107,1,81,0,90,151.4271,87.40524,0.0,90.0,1.2406856119445628,92.27909864745166,2.594760000000003
Daugintis2025,Measured,P0107,P0107,1,82,45,-30,93.25111,45.56577,37.76124390703504,-39.23152048359225,44.34388974528048,93.18254193710908,87.32416238209949
Daugintis2025,Measured,P0107,P0107,1,83,30,0,40.80175,0.02797646,29.999999999999996,0.0,40.801744103973,0.036958228121577,10.80178579911885
Daugintis2025,Measured,P0107,P0107,1,84,0,30,-0.1467098,78.07669,0.0,30.0,-0.0303105447187064,78.07672796890412,48.07673516840697
Daugintis2025,Measured,P0107,P0107,1,86,60,0,91.38091,17.40048,59.99999999999999,0.0,72.54650106015839,94.39727935936747,35.4466321893392
Daugintis2025,Measured,P0107,P0107,1,87,240,0,-113.8395,2.200159,-59.99999999999997,180.0,-66.06509215612091,174.5700705409622,6.540167397333863
Daugintis2025,Measured,P0107,P0107,1,88,90,60,95.73643,50.76228,30.00000000000001,90.0,39.003784574922086,94.66664061168484,9.786833626119105
Daugintis2025,Measured,P0107,P0107,1,89,180,60,170.0184,88.76086,0.0,120.0,0.2147662591531875,91.22038943335316,28.78034334253478
Daugintis2025,Measured,P0107,P0107,1,91,315,30,-93.35918,36.90393,-37.76124390703505,39.23152048359225,-52.96517255465741,94.46176548918235,40.50203094400475
Daugintis2025,Measured,P0107,P0107,1,93,90,30,90.78383,32.69278,60.00000000000001,90.0,57.29886727622881,91.22105620694344,2.7747093145447215
Daugintis2025,Measured,P0107,P0107,1,95,45,30,69.48515,24.10856,37.76124390703504,39.23152048359225,58.747182340285775,51.93453883248179,22.537501480902215
Daugintis2025,Measured,P0107,P0107,2,3,180,0,-179.4239,0.8499581,0.0,180.0,-0.5760366094794614,179.1499989391782,1.0267889926476237
Daugintis2025,Measured,P0107,P0107,2,5,180,30,-176.8206,7.147373,0.0,150.00000000000003,-3.1546690704004097,172.84172279908057,23.04697883834184
Daugintis2025,Measured,P0107,P0107,2,7,150,0,160.0293,-0.63025,29.999999999999996,180.0,19.969440374652155,180.6705697451555,10.048880945224091
Daugintis2025,Measured,P0107,P0107,2,11,90,60,126.7825,48.82798,30.00000000000001,90.0,31.82047366110063,117.6399314865613,23.72051050126215
Daugintis2025,Measured,P0107,P0107,2,19,315,30,-116.9911,22.12216,-37.76124390703505,39.23152048359225,-55.637050288152544,138.14967354407543,64.13034762266383
Daugintis2025,Measured,P0107,P0107,2,28,300,0,-85.21523,16.47752,-59.99999999999999,0.0,-72.8603461839909,74.25135247765064,29.823881342881904
Daugintis2025,Measured,P0107,P0107,2,31,45,-30,86.11894,-13.5409,37.76124390703504,-39.23152048359225,75.92388435123227,-74.30217432178682,41.29243123160005
Daugintis2025,Measured,P0107,P0107,2,32,270,0,-92.00427,15.79368,-90.0,0.0,-74.08286602582818,97.04870166537566,15.917133974171817
Daugintis2025,Measured,P0107,P0107,2,34,330,0,-20.79039,14.36648,-30.00000000000003,0.0,-20.111631691357047,15.32150516145336,17.01248388316149
Daugintis2025,Measured,P0107,P0107,2,38,30,0,50.16376,-0.02797646,29.999999999999996,0.0,50.1637518126858,-0.0436725766738987,20.163778600204676
Daugintis2025,Measured,P0107,P0107,2,39,270,60,-128.8213,40.4778,-30.00000000000001,90.0,-36.34401138395063,126.30004054263752,30.851495200659528
Daugintis2025,Measured,P0107,P0107,2,42,135,-30,149.3198,-27.19329,37.761243907035045,219.23152048359225,26.990851782464123,210.8541459189447,12.872734350926107
Daugintis2025,Measured,P0107,P0107,2,48,0,-30,0.8122882,-35.10224,0.0,-30.0,0.6645477389743316,-35.104948983873186,5.147908175991896
Daugintis2025,Measured,P0107,P0107,2,49,0,60,174.5345,63.19867,0.0,60.0,2.461405751718848,116.69639934307084,56.73112130537147
Daugintis2025,Measured,P0107,P0107,2,53,0,90,171.6858,71.23292,0.0,90.0,2.66644370770363,108.58344660047176,18.767080000000018
Daugintis2025,Measured,P0107,P0107,2,54,180,-30,179.4597,-22.0697,0.0,210.0,0.500709799900457,202.07058708138752,7.945105214143802
Daugintis2025,Measured,P0107,P0107,2,59,0,0,1.164829,1.082275,0.0,0.0,1.1646211695983768,1.0824986444732616,1.5899636451063277
Daugintis2025,Measured,P0107,P0107,2,60,315,-30,-54.53874,-33.27187,-37.76124390703505,-39.23152048359226,-42.921149428710685,-48.5187116605418,8.750985517774517
Daugintis2025,Measured,P0107,P0107,2,61,0,30,0.08156469,38.23357,0.0,30.0,0.0640686012679056,38.23359822237751,8.233845770884217
Daugintis2025,Measured,P0107,P0107,2,63,120,0,147.5866,15.86129,60.00000000000002,180.0,31.038621920242537,161.3986809850656,31.508062734292636
Daugintis2025,Measured,P0107,P0107,2,64,240,0,-115.9244,-1.381685,-59.99999999999997,180.0,-64.04135070702277,183.15782530764608,4.303062600639946
Daugintis2025,Measured,P0107,P0107,2,65,210,0,-145.1672,-0.7451985,-30.00000000000001,180.0,-34.82942788157231,180.90784339157813,4.8897810827234345
Daugintis2025,Measured,P0107,P0107,2,68,90,0,114.0898,-0.6443735,90.0,0.0,65.90209716433915,181.5783641455316,24.097902835660857
Daugintis2025,Measured,P0107,P0107,2,72,135,30,146.3479,28.51785,37.761243907035045,140.76847951640775,29.137881090511613,146.86557858677244,10.00610074087957
Daugintis2025,Measured,P0107,P0107,2,75,225,30,-139.7634,26.74658,-37.76124390703504,140.76847951640778,-35.22810306954455,146.5682102665423,5.30467155146688
Daugintis2025,Measured,P0107,P0107,2,81,180,60,-178.5202,46.1584,0.0,120.0,-1.024949383768882,133.8320519731645,13.86923553544014
Daugintis2025,Measured,P0107,P0107,2,84,45,30,109.874,30.71004,37.76124390703504,39.23152048359225,53.95523021665563,119.78325439177232,55.144995258636435
Daugintis2025,Measured,P0107,P0107,2,87,270,-30,-95.46748,-28.64813,-60.00000000000001,-90.0,-60.87829732737629,260.10663898234196,4.9542576834099945
Daugintis2025,Measured,P0107,P0107,2,88,60,0,89.28134,17.72321,59.99999999999999,0.0,72.26269282079102,87.75249849354663,33.81579258954814
Daugintis2025,Measured,P0107,P0107,2,89,225,-30,-142.3606,-25.8583,-37.76124390703504,219.23152048359225,-33.33578973868156,211.46928805691937,7.707123398504118
Daugintis2025,Measured,P0107,P0107,2,96,90,-30,96.12148,-29.33569,60.00000000000001,-90.0,60.08813418375314,259.2559931491295,5.359661317910938
Daugintis2025,Measured,P0107,P0107,2,97,90,30,93.51752,30.56237,60.00000000000001,90.0,59.25532964460692,95.93170247455272,3.089069243372092
Daugintis2025,Measured,P0107,P0107,2,98,270,30,-93.84662,26.95683,-60.00000000000001,90.0,-62.7904680193284,97.51443591236458,4.548311122005211
Daugintis2025,Measured,P0155,P0155,0,4,120,0,139.3607,-5.8821,60.00000000000002,180.0,40.38087856156022,187.73166545660175,20.20168069056598
Daugintis2025,Measured,P0155,P0155,0,5,60,0,142.4414,26.65715,59.99999999999999,0.0,33.00958549689654,147.65521966758578,83.24879033454745
Daugintis2025,Measured,P0155,P0155,0,10,315,-30,-43.04699,22.94844,-37.76124390703505,-39.23152048359226,-38.94502770162748,30.087478365011577,52.98168969876409
Daugintis2025,Measured,P0155,P0155,0,11,135,-30,149.7443,-11.70856,37.761243907035045,219.23152048359225,29.56270887322029,193.49180482010465,22.84645929980247
Daugintis2025,Measured,P0155,P0155,0,12,240,0,-101.845,0.1907741,-59.99999999999997,180.0,-78.15348575398501,179.07067317536473,18.15596853586672
Daugintis2025,Measured,P0155,P0155,0,15,225,-30,-140.1084,-13.93391,-37.76124390703504,219.23152048359225,-38.49638455812504,197.9192832705044,16.7434107074744
Daugintis2025,Measured,P0155,P0155,0,16,225,30,-152.5631,33.83931,-37.76124390703504,140.76847951640778,-22.50214254812663,142.93243838572727,15.372085007818484
Daugintis2025,Measured,P0155,P0155,0,18,0,60,-0.1440177,2.116369,0.0,60.0,-0.143919463037026,2.116375679653146,57.88373777860221
Daugintis2025,Measured,P0155,P0155,0,22,0,30,1.659182,12.63669,0.0,30.0,1.6189805881508446,12.641819949205413,17.431202560669547
Daugintis2025,Measured,P0155,P0155,0,25,330,0,-42.34747,25.42319,-30.00000000000003,0.0,-37.47334676162248,32.74688075656323,28.08254148187824
Daugintis2025,Measured,P0155,P0155,0,27,135,30,137.33,19.57515,37.761243907035045,140.76847951640775,39.68760302140965,154.19039046883225,10.63634114913269
Daugintis2025,Measured,P0155,P0155,0,29,45,-30,142.7363,4.79052,37.76124390703504,-39.23152048359225,37.11157888687355,173.98876698694698,99.08667237039154
Daugintis2025,Measured,P0155,P0155,0,35,315,30,-62.5782,29.49415,-37.76124390703505,39.23152048359225,-50.58860730526391,50.84781822656325,15.25527201957879
Daugintis2025,Measured,P0155,P0155,0,37,180,-30,-178.3088,-5.716009,0.0,210.0,-1.6827885571137813,185.7184834458746,24.336232654964455
Daugintis2025,Measured,P0155,P0155,0,40,90,60,134.6317,30.60511,30.00000000000001,90.0,37.77077640520868,139.90384987164995,41.65492815766206
Daugintis2025,Measured,P0155,P0155,0,42,300,0,-70.1084,16.57667,-59.99999999999999,0.0,-64.32371852993917,41.18193321876271,19.34148116708196
Daugintis2025,Measured,P0155,P0155,0,49,150,0,135.4303,-11.7264,29.999999999999996,180.0,43.40333680089695,196.24449574188543,18.622557559184894
Daugintis2025,Measured,P0155,P0155,0,51,180,60,0.2920831,23.36268,0.0,120.0,0.2681359341291888,23.362951025970855,96.63697596818756
Daugintis2025,Measured,P0155,P0155,0,52,30,0,39.52404,5.224048,29.999999999999996,0.0,39.32796388995848,6.7598264254987726,10.851085473681916
Daugintis2025,Measured,P0155,P0155,0,54,90,0,86.89865,-13.55321,90.0,0.0,76.10295833943579,-77.35048430518586,13.89704166056421
Daugintis2025,Measured,P0155,P0155,0,57,180,0,178.7617,4.488252,0.0,180.0,1.2345020407430378,175.5107038581055,4.6556046937581055
Daugintis2025,Measured,P0155,P0155,0,58,270,60,-127.4792,52.3118,-30.00000000000001,90.0,-29.02313980394472,115.17735055166992,21.888647333750583
Daugintis2025,Measured,P0155,P0155,0,60,90,30,97.20533,31.66799,60.00000000000001,90.0,57.60593306039949,101.49355932873254,6.406329182119361
Daugintis2025,Measured,P0155,P0155,0,63,0,0,-0.4945601,10.33775,0.0,0.0,-0.4865317204571994,10.338126821108943,10.349444662621188
Daugintis2025,Measured,P0155,P0155,0,64,180,30,-178.537,32.07351,0.0,150.00000000000003,-1.2396606851026224,147.91808406481243,2.4229024235501933
Daugintis2025,Measured,P0155,P0155,0,66,210,0,-157.4635,-22.78567,-30.00000000000001,180.0,-20.693050788161173,204.45591586361644,23.91483533500662
Daugintis2025,Measured,P0155,P0155,0,68,270,30,-106.2418,41.63918,-60.00000000000001,90.0,-45.849885516629705,107.46308981290316,17.52094764198308
Daugintis2025,Measured,P0155,P0155,0,80,0,-30,-1.419824,-1.242853,0.0,-30.0,-1.419489904495955,-1.2432345824211666,28.788789479422395
Daugintis2025,Measured,P0155,P0155,0,83,0,90,-0.4436728,15.57744,0.0,90.0,-0.4273756705441463,15.577884365244216,74.42256000000002
Daugintis2025,Measured,P0155,P0155,0,84,270,0,-89.47099,10.52732,-90.0,0.0,-79.45954642064213,87.15567274598257,10.540453579357878
Daugintis2025,Measured,P0155,P0155,0,86,270,-30,-91.05498,-11.82255,-60.00000000000001,-90.0,-78.13114032291367,264.97322772252244,18.203821674725447
Daugintis2025,Measured,P0155,P0155,0,88,45,30,154.9454,14.89502,37.76124390703504,39.23152048359225,24.15786043184101,163.6370184004377,99.0311506936593
Daugintis2025,Measured,P0155,P0155,0,91,90,-30,95.74025,-4.605981,60.00000000000001,-90.0,82.64510554809267,218.85076772872628,25.966336720328172
Daugintis2025,Measured,P0155,P0155,1,4,270,0,-86.0958,-18.47731,-90.0,0.0,-71.12881861416629,-78.48290781164768,18.871181385833715
Daugintis2025,Measured,P0155,P0155,1,7,315,30,-39.08523,28.11672,-37.76124390703505,39.23152048359225,-33.78464530102336,34.54267772400509,5.501635831466796
Daugintis2025,Measured,P0155,P0155,1,13,0,90,-1.23337,20.66263,0.0,90.0,-1.154021609050718,20.667013674958753,69.33736999999999
Daugintis2025,Measured,P0155,P0155,1,22,225,30,-135.8185,39.65382,-37.76124390703504,140.76847951640778,-32.45106069033693,130.86675503295533,9.67703739982569
Daugintis2025,Measured,P0155,P0155,1,23,180,0,-1.226848,11.79679,0.0,180.0,-1.200931715820604,11.79941908779729,168.1404856534205
Daugintis2025,Measured,P0155,P0155,1,27,30,0,18.76918,13.41889,29.999999999999996,0.0,18.238446630917288,14.143063249935564,17.432080280329703
Daugintis2025,Measured,P0155,P0155,1,28,45,-30,150.4939,15.16229,37.76124390703504,-39.23152048359225,28.38351917788393,162.70491612074488,110.73645337546942
Daugintis2025,Measured,P0155,P0155,1,34,150,0,151.639,-5.563945,29.999999999999996,180.0,28.215379597343745,186.31709378520435,5.799599556713552
Daugintis2025,Measured,P0155,P0155,1,35,60,0,97.25203,6.059742,59.99999999999999,0.0,80.55987478563284,139.93731494246092,37.67100439802391
Daugintis2025,Measured,P0155,P0155,1,36,315,-30,-56.068,33.42072,-37.76124390703505,-39.23152048359226,-43.82901592511351,49.772052979394005,64.27888365344718
Daugintis2025,Measured,P0155,P0155,1,37,180,-30,179.7983,20.38373,0.0,210.0,0.1890696870088628,159.61615408543656,50.38410413319159
Daugintis2025,Measured,P0155,P0155,1,39,330,0,-38.4554,19.952,-30.00000000000003,0.0,-35.77316673628547,24.87124075785465,21.60228016775173
Daugintis2025,Measured,P0155,P0155,1,43,135,-30,155.838,-21.79,37.761243907035045,219.23152048359225,22.338172851139863,203.6608697160874,20.42136636059029
Daugintis2025,Measured,P0155,P0155,1,44,240,0,-139.7977,-18.19204,-59.99999999999997,180.0,-37.82297827685122,203.2808836482924,26.637093327849875
Daugintis2025,Measured,P0155,P0155,1,46,0,60,0.2987072,27.28425,0.0,60.0,0.2654737630713684,27.28456722569541,32.71639018785327
Daugintis2025,Measured,P0155,P0155,1,56,0,30,-0.7893192,20.46293,0.0,30.0,-0.7395091746882273,20.464710933133674,9.563657940530982
Daugintis2025,Measured,P0155,P0155,1,57,90,-30,94.88936,1.15012,60.00000000000001,-90.0,84.97751010953263,166.74577755889925,31.497363606009845
Daugintis2025,Measured,P0155,P0155,1,61,90,30,100.3721,28.64991,60.00000000000001,90.0,59.680703419846665,108.2387941543331,9.139865300690651
Daugintis2025,Measured,P0155,P0155,1,62,270,60,-62.46495,54.33981,-30.00000000000001,90.0,-31.12734867061045,71.64915883295987,15.823356084118108
Daugintis2025,Measured,P0155,P0155,1,64,120,0,123.4543,5.547153,60.00000000000002,180.0,56.14176526825915,170.00850298983312,6.531904853420707
Daugintis2025,Measured,P0155,P0155,1,65,0,-30,-2.5046,-30.82387,0.0,-30.0,-2.1506365405100007,-30.84797103351299,2.3116995193083443
Daugintis2025,Measured,P0155,P0155,1,67,90,0,96.02131,13.15463,90.0,0.0,75.55490737394243,114.17220082789112,14.445092626057573
Daugintis2025,Measured,P0155,P0155,1,72,135,30,150.9489,31.7831,37.761243907035045,140.76847951640775,24.379237766763936,144.67123603813383,13.789312626090505
Daugintis2025,Measured,P0155,P0155,1,73,300,0,-89.78033,38.54976,-59.99999999999999,0.0,-51.44971154672532,89.72433152627184,47.25128237155075
Daugintis2025,Measured,P0155,P0155,1,75,90,60,139.5026,31.15676,30.00000000000001,90.0,33.76162072171713,141.5132532590425,43.45333135955022
Daugintis2025,Measured,P0155,P0155,1,77,45,30,129.8843,22.76898,37.76124390703504,39.23152048359225,45.0354525273015,146.79317695107505,74.65017869303502
Daugintis2025,Measured,P0155,P0155,1,79,180,30,-0.9410763,12.25755,0.0,150.00000000000003,-0.91962085028739,12.25915358228592,137.73272492535415
Daugintis2025,Measured,P0155,P0155,1,83,180,60,0.9695482,60.1296,0.0,120.0,0.4828562811870612,60.13314284065066,59.86803814574133
Daugintis2025,Measured,P0155,P0155,1,84,0,0,-0.8711056,19.77268,0.0,0.0,-0.8197434987308365,19.774788251181803,19.791092274864784
Daugintis2025,Measured,P0155,P0155,1,89,270,-30,-141.828,-41.43507,-60.00000000000001,-90.0,-27.60262282752571,228.31101108873008,42.93333686934028
Daugintis2025,Measured,P0155,P0155,1,92,225,-30,-150.5465,-42.11035,-37.76124390703504,219.23152048359225,-21.394204478431625,226.06990107386304,17.400130377980126
Daugintis2025,Measured,P0155,P0155,1,95,210,0,-169.2411,-22.195,-30.00000000000001,180.0,-9.953249522582764,202.552665743813,29.051594267277576
Daugintis2025,Measured,P0155,P0155,1,96,270,30,-106.6148,29.46561,-60.00000000000001,90.0,-56.54305353054755,116.84390473134825,14.424711735521342
Daugintis2025,Measured,P0155,P0155,2,0,0,60,0.1678588,15.82656,0.0,60.0,0.161495536380019,15.826624517930997,44.173609743270745
Daugintis2025,Measured,P0155,P0155,2,1,135,-30,127.5533,-10.06017,37.761243907035045,219.23152048359225,51.31531240686575,196.22895924915983,21.114977129252715
Daugintis2025,Measured,P0155,P0155,2,4,45,-30,87.95626,8.555451,37.76124390703504,-39.23152048359225,81.20559708435742,76.66401275479495,56.4691850526755
Daugintis2025,Measured,P0155,P0155,2,12,210,0,-176.4985,2.97881,-30.00000000000001,180.0,-3.496762963985535,177.01562881852453,26.65336462413232
Daugintis2025,Measured,P0155,P0155,2,15,270,-30,-93.08354,-32.68305,-60.00000000000001,-90.0,-57.187876935311,265.2072953034409,3.7591828298807544
Daugintis2025,Measured,P0155,P0155,2,18,0,-30,-1.763585,4.784873,0.0,-30.0,-1.7574368279166626,4.787130027582506,34.825906952010776
Daugintis2025,Measured,P0155,P0155,2,27,300,0,-98.81715,-18.13674,-59.99999999999999,0.0,-69.89862414507358,244.92278445521856,42.23114810630611
Daugintis2025,Measured,P0155,P0155,2,29,135,30,147.1268,29.31133,37.761243907035045,140.76847951640775,28.248114026664545,146.2382996877254,10.555898667277086
Daugintis2025,Measured,P0155,P0155,2,31,120,0,123.7204,5.590755,60.00000000000002,180.0,55.873399861239974,169.99983125927832,6.712223785876171
Daugintis2025,Measured,P0155,P0155,2,32,315,30,-52.11535,35.64423,-37.76124390703505,39.23152048359225,-39.89508358345468,49.42550525930011,8.217812568292313
Daugintis2025,Measured,P0155,P0155,2,33,0,0,0.132704,10.06292,0.0,0.0,0.1306625398773447,10.062946439289972,10.063785959231542
Daugintis2025,Measured,P0155,P0155,2,34,330,0,-32.60129,12.6546,-30.00000000000003,0.0,-31.71549394477173,14.923576465205244,12.91492188022945
Daugintis2025,Measured,P0155,P0155,2,36,0,90,-1.354364,21.72048,0.0,90.0,-1.2581885773919126,21.725984435823136,68.27952
Daugintis2025,Measured,P0155,P0155,2,41,90,0,98.79941,9.588679,90.0,0.0,77.01358292876891,132.16192634669113,12.98641707123109
Daugintis2025,Measured,P0155,P0155,2,45,90,60,123.1953,36.99881,30.00000000000001,90.0,41.93722737516828,126.00145193352692,31.2037066842987
Daugintis2025,Measured,P0155,P0155,2,53,225,30,-149.7963,-0.4857778,-37.76124390703504,140.76847951640778,-30.202501286720924,180.56208061879065,33.58784249646326
Daugintis2025,Measured,P0155,P0155,2,55,270,60,-120.7068,51.02333,-30.00000000000001,90.0,-32.7389536140216,112.44884670788548,19.325083638554688
Daugintis2025,Measured,P0155,P0155,2,57,180,0,-1.212569,-29.99376,0.0,180.0,-1.0501619876378436,-29.999316010341516,149.98401877073485
Daugintis2025,Measured,P0155,P0155,2,58,90,-30,105.5387,-13.06882,60.00000000000001,-90.0,69.80042384125075,220.90987182483923,22.207421989601514
Daugintis2025,Measured,P0155,P0155,2,61,45,30,153.4928,29.15108,37.76124390703504,39.23152048359225,22.94080192133112,148.06547332389349,89.79034362284676
Daugintis2025,Measured,P0155,P0155,2,62,240,0,-142.3039,-9.404082,-59.99999999999997,180.0,-37.10339898659233,191.82207708237183,24.111822823585182
Daugintis2025,Measured,P0155,P0155,2,66,180,-30,0.6132555,-38.87746,0.0,210.0,0.4774097610356359,-38.87906367584722,111.12016801276528
Daugintis2025,Measured,P0155,P0155,2,69,60,0,92.25219,10.70258,59.99999999999999,0.0,79.06572183429441,101.74600263169648,33.79882612510367
Daugintis2025,Measured,P0155,P0155,2,71,90,30,96.92976,32.19009,60.00000000000001,90.0,57.15100240295299,100.8500889678316,6.323672639105764
Daugintis2025,Measured,P0155,P0155,2,78,30,0,18.3211,11.76591,29.999999999999996,0.0,17.922928342267443,12.375283056878615,16.51984717104255
Daugintis2025,Measured,P0155,P0155,2,81,270,0,-88.66654,-14.21113,-90.0,0.0,-75.72772909224473,-84.74973874691145,14.272270907755289
Daugintis2025,Measured,P0155,P0155,2,83,180,30,1.912746,22.63011,0.0,150.00000000000003,1.7654315487186347,22.641453481041452,127.33778717239367
Daugintis2025,Measured,P0155,P0155,2,89,315,-30,-127.2141,-19.7516,-37.76124390703505,-39.23152048359226,-48.549446166929535,210.6976991047083,73.77613733227766
Daugintis2025,Measured,P0155,P0155,2,91,0,30,2.823552,31.45036,0.0,30.0,2.4084855162845717,31.48134856970387,2.82734917206631
Daugintis2025,Measured,P0155,P0155,2,93,225,-30,-147.7193,-20.29193,-37.76124390703504,219.23152048359225,-30.06102964740117,203.62200195304217,15.039585313270573
Daugintis2025,Measured,P0155,P0155,2,94,180,60,3.138435,55.0155,0.0,120.0,1.7988326044563312,55.055887725048734,64.95731147041724
Daugintis2025,Measured,P0155,P0155,2,95,270,30,-123.7378,35.61544,-60.00000000000001,90.0,-42.53451891788278,127.78726164545762,28.761060981739387
Daugintis2025,Measured,P0155,P0155,2,98,150,0,163.7477,-3.199839,29.999999999999996,180.0,16.226260907918476,183.33273728767475,14.108186698640305
Daugintis2025,Measured,P0181,P0181,0,0,135,-30,128.091,0.508604,37.761243907035045,219.23152048359225,51.90612022142306,179.17560033140182,31.2110317598764
Daugintis2025,Measured,P0181,P0181,0,4,240,0,-120.9081,0.8688563,-59.99999999999997,180.0,-59.08089802125512,178.30886920460142,1.2567790841783628
Daugintis2025,Measured,P0181,P0181,0,9,270,-30,-108.6531,-11.06367,-60.00000000000001,-90.0,-68.41349906833405,211.43967618899876,25.679119465841374
Daugintis2025,Measured,P0181,P0181,0,14,270,0,-93.23371,-1.248822,-90.0,0.0,-86.5337656689539,201.12926979288815,3.466234331046103
Daugintis2025,Measured,P0181,P0181,0,17,180,0,179.2454,-0.8254311,0.0,180.0,0.7545216893566071,180.82550268309265,1.118355160925358
Daugintis2025,Measured,P0181,P0181,0,20,0,-30,-0.0656106,0.4173099,0.0,-30.0,-0.0656088597389729,0.4173101736001428,30.41737415560044
Daugintis2025,Measured,P0181,P0181,0,23,45,30,45.11063,21.43082,37.76124390703504,39.23152048359225,41.260737118934095,29.08180135609319,8.569757825764455
Daugintis2025,Measured,P0181,P0181,0,25,180,60,0.844183,41.59698,0.0,120.0,0.6312979090322722,41.60006771912717,78.40064618569207
Daugintis2025,Measured,P0181,P0181,0,26,315,30,-41.19296,22.57735,-37.76124390703505,39.23152048359225,-37.453942373332985,28.923108244150256,8.168060642785498
Daugintis2025,Measured,P0181,P0181,0,27,0,30,0.5967609,-0.08392937,0.0,30.0,0.5967602597218916,-0.0839339225888693,30.089298070566404
Daugintis2025,Measured,P0181,P0181,0,28,270,30,-74.99303,23.15794,-60.00000000000001,90.0,-62.631305846948905,58.81049660748323,15.045085882898734
Daugintis2025,Measured,P0181,P0181,0,32,315,-30,-34.45836,-17.49456,-37.76124390703505,-39.23152048359226,-32.65886466500623,-20.920259493126636,15.775372551693364
Daugintis2025,Measured,P0181,P0181,0,33,0,0,0.8704314,0.04423466,0.0,0.0,0.8704311405712716,0.0442397650279531,0.8715545747210861
Daugintis2025,Measured,P0181,P0181,0,36,120,0,112.5904,-3.07205,60.00000000000002,180.0,67.21251669313912,187.95339222446108,8.017916387176491
Daugintis2025,Measured,P0181,P0181,0,37,150,0,145.4969,-11.5261,29.999999999999996,180.0,33.71261969976469,193.8989322459935,12.363433898984988
Daugintis2025,Measured,P0181,P0181,0,38,90,0,103.1639,-0.5695826,90.0,0.0,76.82400064894112,182.4995453068388,13.17599935105888
Daugintis2025,Measured,P0181,P0181,0,40,210,0,-152.2539,-0.7372789,-30.00000000000001,180.0,-27.74360472978396,180.83305258544735,2.37136352377052
Daugintis2025,Measured,P0181,P0181,0,42,0,60,1.530463,28.83622,0.0,60.0,1.34065149321558,28.84485804080261,31.181075581795728
Daugintis2025,Measured,P0181,P0181,0,46,45,-30,57.57999,-17.92608,37.76124390703504,-39.23152048359225,53.433065569457085,-31.10663591342377,16.645163875662195
Daugintis2025,Measured,P0181,P0181,0,48,90,-30,92.36481,-9.986488,60.00000000000001,-90.0,79.74010151915466,256.8117471761791,20.13476316108678
Daugintis2025,Measured,P0181,P0181,0,49,330,0,-25.13537,-4.008829,-30.00000000000003,0.0,-25.069614115421484,-4.42655624439152,6.3005307512448585
Daugintis2025,Measured,P0181,P0181,0,51,0,90,-0.5747126,63.78107,0.0,90.0,-0.2539059072122937,63.782212415966825,26.21893
Daugintis2025,Measured,P0181,P0181,0,58,225,30,-119.2217,6.186117,-37.76124390703504,140.76847951640778,-60.18731283533145,167.4820536968516,28.06420716191422
Daugintis2025,Measured,P0181,P0181,0,64,225,-30,-146.0884,-22.53316,-37.76124390703504,219.23152048359225,-31.01890540952757,206.56185319289693,12.422682250500062
Daugintis2025,Measured,P0181,P0181,0,69,300,0,-57.31789,-13.25203,-59.99999999999999,0.0,-55.01143079240966,-23.56397121371755,13.515963043776193
Daugintis2025,Measured,P0181,P0181,0,70,180,-30,1.096465,-35.4967,0.0,210.0,0.8926674702844352,-35.50166020033361,114.49517108427266
Daugintis2025,Measured,P0181,P0181,0,71,30,0,39.14404,0.7486043,29.999999999999996,0.0,39.14005953354498,0.965205421255277,9.174372451434143
Daugintis2025,Measured,P0181,P0181,0,75,90,60,57.28727,32.74895,30.00000000000001,90.0,45.04409560989127,49.962279170535766,34.683326344104294
Daugintis2025,Measured,P0181,P0181,0,76,180,30,-0.2167048,3.459325,0.0,150.00000000000003,-0.2163099372793054,3.4593496831054296,146.54003246694165
Daugintis2025,Measured,P0181,P0181,0,80,270,60,-42.33396,31.48653,-30.00000000000001,90.0,-35.05019834373295,39.64283711210464,42.31368127641411
Daugintis2025,Measured,P0181,P0181,0,81,90,30,89.55635,12.96036,60.00000000000001,90.0,77.03217874302018,88.07300303326679,17.044586202954097
Daugintis2025,Measured,P0181,P0181,0,85,60,0,90.39095,0.05233916,59.99999999999999,0.0,89.60556211178992,172.37470019231188,30.39099076094541
Daugintis2025,Measured,P0181,P0181,0,94,135,30,91.38612,28.47007,37.761243907035045,140.76847951640775,61.499027846020894,92.5541561799016,37.85838065154439
Daugintis2025,Measured,P0181,P0181,1,0,180,0,179.621,-0.5605795,0.0,180.0,0.3789818598345957,180.5605917636733,0.6766725887700652
Daugintis2025,Measured,P0181,P0181,1,2,225,-30,-138.5327,-16.08844,-37.76124390703504,219.23152048359225,-39.51333435302571,201.0515852345506,14.283500978106176
Daugintis2025,Measured,P0181,P0181,1,3,180,30,0.1426525,6.889997,0.0,150.00000000000003,0.1416223044668708,6.890018149919143,143.10974864912546
Daugintis2025,Measured,P0181,P0181,1,5,135,30,113.7593,30.1421,37.761243907035045,140.76847951640775,52.32487709667412,124.75504946864493,18.355651041332383
Daugintis2025,Measured,P0181,P0181,1,6,150,0,149.6813,10.90956,29.999999999999996,180.0,29.71499900307725,167.4134187195591,10.914157715125151
Daugintis2025,Measured,P0181,P0181,1,7,270,0,-110.522,0.02797646,-90.0,0.0,-69.47798175319237,179.92019658668528,20.52201824680764
Daugintis2025,Measured,P0181,P0181,1,9,210,0,-151.5821,1.487537,-30.00000000000001,180.0,-28.40745241079908,178.30876717287225,2.171461326712846
Daugintis2025,Measured,P0181,P0181,1,11,270,-30,-119.5138,-18.60799,-60.00000000000001,-90.0,-55.56259471755692,214.35083548422392,29.09726773141531
Daugintis2025,Measured,P0181,P0181,1,12,30,0,45.76446,1.068079,29.999999999999996,0.0,45.75423667548578,1.5308683250701731,15.799685367449072
Daugintis2025,Measured,P0181,P0181,1,13,90,30,90.2757,16.4777,60.00000000000001,90.0,73.52005762844031,90.9319938026036,13.52465565593781
Daugintis2025,Measured,P0181,P0181,1,14,270,30,-92.0734,27.14973,-60.00000000000001,90.0,-62.7772132391435,94.03555262290492,3.382032064428066
Daugintis2025,Measured,P0181,P0181,1,16,45,-30,54.31332,0.04423466,37.76124390703504,-39.23152048359225,54.313296225310545,0.075828337464145,31.32596755033952
Daugintis2025,Measured,P0181,P0181,1,17,315,-30,-36.74583,0.659382,-37.76124390703505,-39.23152048359226,-36.742997241469645,0.8228727678592662,31.65283577906962
Daugintis2025,Measured,P0181,P0181,1,18,60,0,72.57224,-0.4432315,59.99999999999999,0.0,72.56677951793806,-1.4795901120842672,12.579924865791575
Daugintis2025,Measured,P0181,P0181,1,21,0,60,-0.4261257,30.90729,0.0,60.0,-0.3656147732186411,30.907988368082187,29.094108079278833
Daugintis2025,Measured,P0181,P0181,1,26,90,-30,103.3476,-2.025067,60.00000000000001,-90.0,76.50241277975442,188.7078934584702,30.708790764580655
Daugintis2025,Measured,P0181,P0181,1,28,0,-30,0.4383485,-1.233687,0.0,-30.0,0.4382468877817274,-1.23372309484013,28.76932970736088
Daugintis2025,Measured,P0181,P0181,1,30,225,30,-139.6075,-8.909995,-37.76124390703504,140.76847951640778,-39.80676900980294,191.6314534033747,39.16152864625485
Daugintis2025,Measured,P0181,P0181,1,31,240,0,-115.3825,-1.032114,-59.99999999999997,180.0,-64.59791451453623,182.40661701112288,4.73120051149006
Daugintis2025,Measured,P0181,P0181,1,39,300,0,-88.1723,-0.3505445,-59.99999999999999,0.0,-88.13899837362638,-10.859150453208713,28.17430216325306
Daugintis2025,Measured,P0181,P0181,1,40,315,30,-36.51413,16.79369,-37.76124390703505,39.23152048359225,-34.72541517534822,20.581436717303248,15.317429808592156
Daugintis2025,Measured,P0181,P0181,1,41,90,60,56.92645,27.33084,30.00000000000001,90.0,48.11001350316794,43.442268483312574,39.66133331012193
Daugintis2025,Measured,P0181,P0181,1,47,90,0,102.5852,-0.2987072,90.0,0.0,77.41131280020467,181.37065193890135,12.58868719979534
Daugintis2025,Measured,P0181,P0181,1,52,135,-30,135.4794,-16.09269,37.761243907035045,219.23152048359225,42.35251537491705,202.02948564120948,13.914251563780788
Daugintis2025,Measured,P0181,P0181,1,53,0,30,0.01978234,-0.2571706,0.0,30.0,0.0197821407288965,-0.2571706153283628,30.257176469484968
Daugintis2025,Measured,P0181,P0181,1,67,180,-30,0.741777,-28.37055,0.0,210.0,0.6526802189314972,-28.37255769106373,121.62515289971914
Daugintis2025,Measured,P0181,P0181,1,68,0,90,12.46459,87.43758,0.0,90.0,0.5528872322826688,87.49789962030911,2.562419999999995
Daugintis2025,Measured,P0181,P0181,1,74,330,0,-29.52807,-19.97971,-30.00000000000003,0.0,-27.592955866810048,-22.677160708940804,19.98505511722417
Daugintis2025,Measured,P0181,P0181,1,75,45,30,51.11738,24.59672,37.76124390703504,39.23152048359225,45.05607516710785,36.10119953166411,7.661668817510927
Daugintis2025,Measured,P0181,P0181,1,77,180,60,1.154366,44.62629,0.0,120.0,0.821539227050823,44.6321042999499,75.36943338310458
Daugintis2025,Measured,P0181,P0181,1,85,120,0,118.0633,-1.0772,60.00000000000002,180.0,61.91771278288522,182.2887900118699,2.2160155140651803
Daugintis2025,Measured,P0181,P0181,1,92,0,0,0.5467969,-1.057769,0.0,0.0,0.5467037177270394,-1.0578171598861843,1.1907258871993829
Daugintis2025,Measured,P0181,P0181,1,96,270,60,-48.20238,31.88205,-30.00000000000001,90.0,-39.274389431781806,43.022425463182344,39.29204717136414
Daugintis2025,Measured,P0181,P0181,2,0,30,0,40.39813,1.218204,29.999999999999996,0.0,40.38711028403875,1.599443194349945,10.468466924454692
Daugintis2025,Measured,P0181,P0181,2,1,270,0,-98.62508,0.183454,-90.0,0.0,-81.37298395916224,178.77689511930703,8.627016040837743
Daugintis2025,Measured,P0181,P0181,2,3,330,0,-21.90101,1.952142,-30.00000000000003,0.0,-21.887642407546156,2.103855915338684,8.32941054542173
Daugintis2025,Measured,P0181,P0181,2,4,180,0,179.4192,0.7074825,0.0,180.0,0.5807557215809054,179.29248115303926,0.915337633488334
Daugintis2025,Measured,P0181,P0181,2,7,180,30,1.488063,29.53922,0.0,150.00000000000003,1.2946068347852369,29.547510271747313,120.44389147677552
Daugintis2025,Measured,P0181,P0181,2,13,300,0,-50.51852,0.9362817,-59.99999999999999,0.0,-50.50923483499786,1.4723444002467403,9.52717532212272
Daugintis2025,Measured,P0181,P0181,2,15,0,90,-0.9683364,62.77315,0.0,90.0,-0.443011438194604,62.776478955780846,27.22685
Daugintis2025,Measured,P0181,P0181,2,18,315,30,-33.40955,19.12496,-37.76124390703505,39.23152048359225,-31.3476217788449,22.558660389411983,15.12555577146618
Daugintis2025,Measured,P0181,P0181,2,22,270,60,-44.60163,39.22785,-30.00000000000001,90.0,-32.951543469882765,48.90702125568504,34.950791375508224
Daugintis2025,Measured,P0181,P0181,2,28,0,60,1.313135,20.93106,0.0,60.0,1.226468762949031,20.936081852992945,39.080088096853835
Daugintis2025,Measured,P0181,P0181,2,30,225,30,-119.0188,17.07539,-37.76124390703504,140.76847951640778,-56.71109728389844,147.6574272673327,19.495015923171692
Daugintis2025,Measured,P0181,P0181,2,34,45,-30,53.19296,0.04423466,37.76124390703504,-39.23152048359225,53.19293718059656,0.0738324510227244,31.04080808083373
Daugintis2025,Measured,P0181,P0181,2,40,180,60,2.123477,52.75045,0.0,120.0,1.2851281158151353,52.76941184857242,67.2366371816001
Daugintis2025,Measured,P0181,P0181,2,41,120,0,116.8284,-1.523542,60.00000000000002,180.0,63.13157903467032,183.37264244327048,3.518217640575902
Daugintis2025,Measured,P0181,P0181,2,42,150,0,149.1644,-0.1065312,29.999999999999996,180.0,30.835540878219955,180.12406941237293,0.842363016730038
Daugintis2025,Measured,P0181,P0181,2,44,270,-30,-119.4877,-5.438587,-60.00000000000001,-90.0,-60.059352015659655,190.94685301636335,37.07590431352514
Daugintis2025,Measured,P0181,P0181,2,46,135,-30,130.5178,-19.83461,37.761243907035045,219.23152048359225,45.65187040320244,209.0390318557814,10.94468944504074
Daugintis2025,Measured,P0181,P0181,2,51,270,30,-91.99538,28.44887,-60.00000000000001,90.0,-61.487072895189876,93.67706554372576,2.331958813407327
Daugintis2025,Measured,P0181,P0181,2,55,90,0,103.6529,-0.03956468,90.0,0.0,76.3470437621227,180.16761851084695,13.652956237877316
Daugintis2025,Measured,P0181,P0181,2,58,135,30,115.5163,31.56908,37.761243907035045,140.76847951640775,50.25583329680301,125.03239882243496,16.789505983646645
Daugintis2025,Measured,P0181,P0181,2,59,225,-30,-134.1239,-21.40672,-37.76124390703504,219.23152048359225,-41.937118380389926,209.3834790263886,8.629348006118592
Daugintis2025,Measured,P0181,P0181,2,63,90,30,98.85935,20.7847,60.00000000000001,90.0,67.48305107699518,112.08529750768707,12.195162680433862
Daugintis2025,Measured,P0181,P0181,2,69,90,-30,108.9181,-0.6849989,60.00000000000001,-90.0,71.06995631311598,182.1119275018574,34.39484269152054
Daugintis2025,Measured,P0181,P0181,2,70,180,-30,1.15606,-26.0154,0.0,210.0,1.038910030738419,-26.019997791072612,123.97365422879096
Daugintis2025,Measured,P0181,P0181,2,72,0,30,-0.8593453,0.930832,0.0,30.0,-0.8592318882468913,0.9309366877177752,29.080650962904173
Daugintis2025,Measured,P0181,P0181,2,79,0,-30,7.831205,-1.042114,0.0,-30.0,7.829901570886737,-1.0519222862955644,29.89957909672369
Daugintis2025,Measured,P0181,P0181,2,84,315,-30,-15.57866,-1.586713,-37.76124390703505,-39.23152048359226,-15.572534969778571,-1.6471950400098194,39.83515998985674
Daugintis2025,Measured,P0181,P0181,2,86,210,0,-142.1803,-6.024248,-30.00000000000001,180.0,-37.57449793523977,187.6093404251393,9.859690457925574
Daugintis2025,Measured,P0181,P0181,2,88,240,0,-116.8801,-14.49319,-59.99999999999997,180.0,-59.71985035410022,209.75764955129557,14.818157558721142
Daugintis2025,Measured,P0181,P0181,2,90,60,0,81.6953,-0.4768338,59.99999999999999,0.0,81.68171784227223,-3.2977485637905772,21.700286644984736
Daugintis2025,Measured,P0181,P0181,2,93,90,60,60.16912,24.5822,30.00000000000001,90.0,52.08023991873893,42.60243583668995,41.00073285082294
Daugintis2025,Measured,P0181,P0181,2,94,45,30,44.88363,19.94038,37.76124390703504,39.23152048359225,41.5568529194834,27.11366544750416,10.060170773209252
Daugintis2025,Measured,P0181,P0181,2,95,0,0,0.3064671,0.1519511,0.0,0.0,0.3064660222446627,0.1519532736992062,0.342068706515761
Daugintis2025,Measured,P0204,P0204,0,1,0,0,0.3409232,32.44198,0.0,0.0,0.2877165677988792,32.44243919712487,32.44357563411244
Daugintis2025,Measured,P0204,P0204,0,3,180,30,-178.5533,0.427501,0.0,150.00000000000003,-1.4466597220108792,179.5723626930207,29.6045304983481
Daugintis2025,Measured,P0204,P0204,0,10,90,-30,90.41306,0.9650977,60.00000000000001,-90.0,88.95023050266025,113.16869392611976,30.967603383575117
Daugintis2025,Measured,P0204,P0204,0,12,90,30,91.51968,0.3019647,60.00000000000001,90.0,88.45061670355113,168.76016406983086,29.73324283525081
Daugintis2025,Measured,P0204,P0204,0,21,300,0,-144.7713,0.311533,-59.99999999999999,0.0,-35.228101913740105,179.6186213385024,84.77137750566301
Daugintis2025,Measured,P0204,P0204,0,23,225,30,179.9802,0.9520329,-37.76124390703504,140.76847951640778,0.0197972667216343,179.0479670431635,51.65582239606435
Daugintis2025,Measured,P0204,P0204,0,24,45,30,89.38371,-1.256788,37.76124390703504,39.23152048359225,88.60026126611936,-63.8821646921071,52.5688114683534
Daugintis2025,Measured,P0204,P0204,0,25,180,0,-179.8333,-0.04423466,0.0,180.0,-0.16669995031939,180.04423484722332,0.1724690975919074
Daugintis2025,Measured,P0204,P0204,0,26,270,30,-89.69406,34.54287,-60.00000000000001,90.0,-55.45594346081505,89.55557831507048,4.550220496707436
Daugintis2025,Measured,P0204,P0204,0,27,180,-30,-179.2272,-18.58764,0.0,210.0,-0.7324863273453612,198.58921471168463,11.433960147816402
Daugintis2025,Measured,P0204,P0204,0,31,0,60,-179.3679,-0.0656106,0.0,60.0,-0.6320995855462065,180.06561459293255,120.06359624169272
Daugintis2025,Measured,P0204,P0204,0,34,270,0,-89.9175,0.1083524,-90.0,0.0,-89.86381452180183,52.71423556164788,0.1361854781981904
Daugintis2025,Measured,P0204,P0204,0,35,135,30,89.32478,-1.386633,37.761243907035045,140.76847951640775,88.45773409909955,-64.04119020260347,53.64143070243607
Daugintis2025,Measured,P0204,P0204,0,38,0,90,0.7335538,24.53377,0.0,90.0,0.6673229940730513,24.535543900285234,65.46623
Daugintis2025,Measured,P0204,P0204,0,39,0,-30,0.3403488,-23.00956,0.0,-30.0,0.3132702474206751,-23.00992370145292,6.997057776473759
Daugintis2025,Measured,P0204,P0204,0,43,210,0,179.698,-0.08392937,-30.00000000000001,180.0,0.3019996759861746,180.08393053588844,30.302105187611676
Daugintis2025,Measured,P0204,P0204,0,45,90,60,89.18015,0.0,30.00000000000001,90.0,89.18015,0.0,60.003386419270555
Daugintis2025,Measured,P0204,P0204,0,48,225,-30,179.9344,1.119251,-37.76124390703504,219.23152048359225,0.0655874838735925,178.8807482665852,53.001973293607165
Daugintis2025,Measured,P0204,P0204,0,54,270,60,179.7444,0.4414621,-30.00000000000001,90.0,0.2555924129460685,179.55853350735327,89.74548133493758
Daugintis2025,Measured,P0204,P0204,0,56,270,-30,-130.1835,0.9080599,-60.00000000000001,-90.0,-49.80798092640217,178.5928389861599,49.184858272398486
Daugintis2025,Measured,P0204,P0204,0,57,240,0,-135.3168,0.3165179,-59.99999999999997,180.0,-44.68233535690965,179.55483513644947,15.319991770312884
Daugintis2025,Measured,P0204,P0204,0,59,30,0,40.83792,-0.3380413,29.999999999999996,0.0,40.837058086602575,-0.4468082912369056,10.843127578277697
Daugintis2025,Measured,P0204,P0204,0,65,315,30,-90.75472,40.51692,-37.76124390703505,39.23152048359225,-49.47726394600102,90.8830398916349,38.353428237961694
Daugintis2025,Measured,P0204,P0204,0,70,90,0,90.25716,-0.3805216,90.0,0.0,89.54073212460983,235.9492903824197,0.459267875390164
Daugintis2025,Measured,P0204,P0204,0,71,60,0,89.9928,0.4205793,59.99999999999999,0.0,89.57935907634018,89.01925294136453,29.995474301217634
Daugintis2025,Measured,P0204,P0204,0,72,0,30,-0.5898349,32.46477,0.0,30.0,-0.4976539486688999,32.46614504566611,2.5158254863225467
Daugintis2025,Measured,P0204,P0204,0,76,330,0,-35.74031,29.87109,-30.00000000000003,0.0,-30.43177357429526,35.28391278729974,30.367586770317544
Daugintis2025,Measured,P0204,P0204,0,77,150,0,90.94688,0.3363003,29.999999999999996,180.0,88.99517696595498,160.44562284308097,59.05371178034717
Daugintis2025,Measured,P0204,P0204,0,78,135,-30,90.71572,-0.2176059,37.761243907035045,219.23152048359225,89.25193250096966,196.91174322998256,51.54728841483461
Daugintis2025,Measured,P0204,P0204,0,88,180,60,-179.6252,-0.7669383,0.0,120.0,-0.3747664227685803,180.76695470741615,60.76764062684536
Daugintis2025,Measured,P0204,P0204,0,92,45,-30,42.81292,0.1341704,37.76124390703504,-39.23152048359225,42.81277446338169,0.1828986683323705,30.20609169041215
Daugintis2025,Measured,P0204,P0204,0,96,315,-30,-134.9325,-26.45337,-37.76124390703505,-39.23152048359226,-39.332232174805974,215.16449817850645,77.07660565601583
Daugintis2025,Measured,P0204,P0204,0,98,120,0,89.70152,-0.07912937,60.00000000000002,180.0,89.69120927644379,-14.84807021955598,30.29857351330761
Daugintis2025,Measured,P0204,P0204,1,4,0,90,-179.9802,-0.174713,0.0,90.0,-0.0197999079465828,180.17471301043224,90.174713
Daugintis2025,Measured,P0204,P0204,1,8,45,30,90.54747,-0.3189811,37.76124390703504,39.23152048359225,89.36638399133258,210.22767391931393,52.86463018378245
Daugintis2025,Measured,P0204,P0204,1,9,180,30,-178.4188,0.8383681,0.0,150.00000000000003,-1.5810306896366848,179.1613125926565,29.200379104308094
Daugintis2025,Measured,P0204,P0204,1,12,315,30,-48.50359,31.4197,-37.76124390703505,39.23152048359225,-39.73017807973906,42.67522561744778,3.329801606557064
Daugintis2025,Measured,P0204,P0204,1,13,270,0,-127.5955,-0.02797646,-90.0,0.0,-52.40449112937528,180.04585680833054,37.595508870624734
Daugintis2025,Measured,P0204,P0204,1,23,30,0,45.41262,0.9142877,29.999999999999996,0.0,45.40522001417897,1.3022974181009772,15.43905813579422
Daugintis2025,Measured,P0204,P0204,1,25,0,-30,0.6055493,0.6679325,0.0,-30.0,0.6055081518183851,0.6679698024356782,30.67336482973853
Daugintis2025,Measured,P0204,P0204,1,26,240,0,-128.1293,-0.2255535,-59.99999999999997,180.0,-51.870134393548874,180.36530231229295,8.132407456055777
Daugintis2025,Measured,P0204,P0204,1,27,0,30,-0.8130105,-0.3121605,0.0,30.0,-0.812998432845757,-0.3121919284409102,30.322056274433848
Daugintis2025,Measured,P0204,P0204,1,37,225,-30,179.0834,0.02797646,-37.76124390703504,219.23152048359225,0.9165998907233966,179.9720199596668,52.968519118491
Daugintis2025,Measured,P0204,P0204,1,40,90,0,89.73473,0.06852804,90.0,0.0,89.72602147600217,14.48478097349384,0.2739785239978386
Daugintis2025,Measured,P0204,P0204,1,41,135,-30,90.44622,-21.10933,37.761243907035045,219.23152048359225,68.88616961259603,268.844322714938,40.90597016063723
Daugintis2025,Measured,P0204,P0204,1,43,120,0,91.63737,-0.199792,60.00000000000002,180.0,88.35048901391274,186.9578100446838,28.36327523982763
Daugintis2025,Measured,P0204,P0204,1,44,270,-30,-130.0792,25.39178,-60.00000000000001,-90.0,-43.72824781930187,143.60144282917935,67.40420520539064
Daugintis2025,Measured,P0204,P0204,1,47,135,30,91.60009,-0.2586879,37.761243907035045,140.76847951640775,88.37913910536058,189.1848300582288,51.17313401409249
Daugintis2025,Measured,P0204,P0204,1,50,270,30,-134.0723,-0.06852804,-60.00000000000001,90.0,-45.92765766983878,180.09852127789316,51.56631276543621
Daugintis2025,Measured,P0204,P0204,1,52,225,30,-137.1108,0.07912937,-37.76124390703504,140.76847951640778,-42.88914924318359,179.8919988574171,29.988300053060826
Daugintis2025,Measured,P0204,P0204,1,56,315,-30,-45.25866,-33.47168,-37.76124390703505,-39.23152048359226,-36.33432873127932,-43.20700431744002,3.478638228048905
Daugintis2025,Measured,P0204,P0204,1,59,60,0,90.76722,0.1297215,59.99999999999999,0.0,89.22189127354642,170.40290060821678,30.767466661410097
Daugintis2025,Measured,P0204,P0204,1,60,330,0,-39.61655,34.17319,-30.00000000000003,0.0,-31.840249729407414,41.390751163442985,35.34162953157689
Daugintis2025,Measured,P0204,P0204,1,62,0,0,0.07912937,-0.2914124,0.0,0.0,0.0791283465235766,-0.2914126779079993,0.3019645510301032
Daugintis2025,Measured,P0204,P0204,1,65,0,60,-179.8615,0.3511023,0.0,60.0,-0.1384973995928627,179.64889667423438,119.64880139428568
Daugintis2025,Measured,P0204,P0204,1,68,45,-30,50.39341,-0.3538778,37.76124390703504,-39.23152048359225,50.392089323102184,-0.555081145061294,30.0872474522646
Daugintis2025,Measured,P0204,P0204,1,70,90,60,90.36672,-25.08245,30.00000000000001,90.0,64.91504277942916,269.2165661624065,85.08298342111375
Daugintis2025,Measured,P0204,P0204,1,71,210,0,179.728,-0.4121198,-30.00000000000001,180.0,0.2719929637381145,180.41212444381728,30.27453914899025
Daugintis2025,Measured,P0204,P0204,1,75,180,-30,0.7828471,-27.25853,0.0,210.0,0.6959065769116705,-27.26070758336833,122.73657522966724
Daugintis2025,Measured,P0204,P0204,1,76,90,30,91.39983,0.3351346,60.00000000000001,90.0,88.56061927173424,166.53474537530133,29.694771545318183
Daugintis2025,Measured,P0204,P0204,1,78,150,0,132.6901,-0.5374122,29.999999999999996,180.0,47.30716785661403,180.79257785013692,17.317985129797616
Daugintis2025,Measured,P0204,P0204,1,81,180,60,-179.9051,0.7522548,0.0,120.0,-0.0948918207205779,179.2477441682542,59.24779092184481
Daugintis2025,Measured,P0204,P0204,1,87,300,0,-87.88435,-0.4829499,-59.99999999999999,0.0,-87.82995172552982,-12.86197687152881,27.888196490884077
Daugintis2025,Measured,P0204,P0204,1,89,90,-30,90.5744,-0.4005627,60.00000000000001,-90.0,89.29972829468144,214.89120584033776,29.60448496600365
Daugintis2025,Measured,P0204,P0204,1,95,180,0,179.7421,-14.73866,0.0,180.0,0.249414084061941,194.73880280988612,14.740866236968504
Daugintis2025,Measured,P0204,P0204,1,97,270,60,-180.0,0.3499859,-30.00000000000001,90.0,0.0,179.65001410000002,89.69690379086093
Daugintis2025,Measured,P0204,P0204,2,3,315,30,-43.11148,36.00402,-37.76124390703505,39.23152048359225,-33.564148194995404,44.86722583202254,6.208980583988229
Daugintis2025,Measured,P0204,P0204,2,4,135,30,91.01094,0.02797646,37.761243907035045,140.76847951640775,88.98867300802799,178.41473547865525,51.44061380615092
Daugintis2025,Measured,P0204,P0204,2,6,300,0,-90.20588,27.11415,-59.99999999999999,0.0,-62.88512761605552,90.40207243851536,39.713835612374325
Daugintis2025,Measured,P0204,P0204,2,7,150,0,134.5267,-0.2755364,29.999999999999996,180.0,45.47262643838513,180.39292337814493,15.475693150039572
Daugintis2025,Measured,P0204,P0204,2,17,60,0,90.92464,-0.5851721,59.99999999999999,0.0,88.905762462333,212.3303033679256,30.929627700014105
Daugintis2025,Measured,P0204,P0204,2,27,270,60,178.8472,32.81241,-30.00000000000001,90.0,0.9688507004573056,147.18230766925052,62.55891330443149
Daugintis2025,Measured,P0204,P0204,2,28,225,30,-135.9823,0.3593647,-37.76124390703504,140.76847951640778,-44.01661102361833,179.50028129288057,29.65537644970964
Daugintis2025,Measured,P0204,P0204,2,33,210,0,-0.05233916,0.1978235,-30.00000000000001,180.0,-0.0523388480342331,0.1978235825377794,149.94707057945877
Daugintis2025,Measured,P0204,P0204,2,36,330,0,-38.24144,34.61751,-30.00000000000003,0.0,-30.62352106059372,41.31259242876857,35.46561174329701
Daugintis2025,Measured,P0204,P0204,2,37,270,-30,-135.5846,-0.1046783,-60.00000000000001,-90.0,-44.41530630913955,180.1465496925321,52.62674197863157
Daugintis2025,Measured,P0204,P0204,2,38,0,30,-0.7044336,-0.2783625,0.0,30.0,-0.7044252860523132,-0.2783835395338059,30.285799454111324
Daugintis2025,Measured,P0204,P0204,2,39,240,0,-133.6089,-0.7195491,-59.99999999999997,180.0,-46.38635713605379,181.04316951031703,13.62755065132196
Daugintis2025,Measured,P0204,P0204,2,45,90,0,89.77418,0.2414744,90.0,0.0,89.66938805779479,46.91893892247373,0.3306119422052193
Daugintis2025,Measured,P0204,P0204,2,49,0,-30,-0.8661495,-22.30025,0.0,-30.0,-0.8013641056058741,-22.30254865045538,7.738803101629019
Daugintis2025,Measured,P0204,P0204,2,52,90,30,91.02679,-0.2960753,60.00000000000001,90.0,88.93137990713751,196.0858894366603,30.311865491499887
Daugintis2025,Measured,P0204,P0204,2,53,180,60,-179.7309,0.1027921,0.0,120.0,-0.269099566927136,179.8972067662562,59.897573126781126
Daugintis2025,Measured,P0204,P0204,2,56,90,-30,90.79627,1.068628,60.00000000000001,-90.0,88.66735668975917,126.68694432651247,31.07791026341565
Daugintis2025,Measured,P0204,P0204,2,58,180,30,-178.4173,-17.51463,0.0,150.00000000000003,-1.5093088551306866,197.52090545963895,47.539104549668664
Daugintis2025,Measured,P0204,P0204,2,61,135,-30,90.74583,-0.2238118,37.761243907035045,219.23152048359225,89.2213143886115,196.70419586767088,51.520097432270234
Daugintis2025,Measured,P0204,P0204,2,62,225,-30,178.9753,0.3743001,-37.76124390703504,219.23152048359225,1.0246781321481688,179.62564003352622,53.27006327752746
Daugintis2025,Measured,P0204,P0204,2,74,90,60,91.51049,-0.5496522,30.00000000000001,90.0,88.39263333805889,199.9986380592072,60.56108293079771
Daugintis2025,Measured,P0204,P0204,2,76,45,-30,46.11034,-0.3743001,37.76124390703504,-39.23152048359225,46.1090690824257,-0.5398955451104825,29.64454172635373
Daugintis2025,Measured,P0204,P0204,2,77,0,0,0.1570175,0.0,0.0,0.0,0.1570174999999999,0.0,0.1570175
Daugintis2025,Measured,P0204,P0204,2,78,45,30,89.15449,-0.05233916,37.76124390703504,39.23152048359225,89.1528717045706,-3.5423597741251314,51.61919713884862
Daugintis2025,Measured,P0204,P0204,2,81,120,0,90.84407,-0.409739,60.00000000000002,180.0,89.06174200371422,205.89464063969095,29.158556078008807
Daugintis2025,Measured,P0204,P0204,2,82,270,30,-89.74699,38.31448,-60.00000000000001,90.0,-51.684813028275094,89.6798045545309,8.31710456114789
Daugintis2025,Measured,P0204,P0204,2,83,0,90,-179.7983,0.5977437,0.0,90.0,-0.2016890236358255,179.4022525964154,89.4022563
Daugintis2025,Measured,P0204,P0204,2,85,30,0,38.153,0.3471792,29.999999999999996,0.0,38.152173677304525,0.4414960711858526,8.160338703787108
Daugintis2025,Measured,P0204,P0204,2,88,180,0,0.2438933,-0.1631294,0.0,180.0,0.2438923114664422,-0.1631308779428764,179.70658053541484
Daugintis2025,Measured,P0204,P0204,2,92,0,60,-0.0656106,0.2839303,0.0,60.0,-0.0656097943961509,0.283930486156251,59.716091450988856
Daugintis2025,Measured,P0204,P0204,2,94,315,-30,-136.4085,0.0,-37.76124390703505,-39.23152048359226,-43.5915,180.0,91.21976606130625
Daugintis2025,Measured,P0204,P0204,2,96,270,0,-91.19516,0.3134116,-90.0,0.0,-88.7644353479377,165.3047949015169,1.2355646520623096
Daugintis2025,Measured,P0204,P0204,2,98,180,-30,1.221092,-24.23563,0.0,210.0,1.1134568815644852,-24.240501279346542,125.75170793164264
Daugintis2025,Measured,P0213,P0213,0,0,45,30,90.02856,0.04423466,37.76124390703504,39.23152048359225,89.94734661850123,122.84820364459075,52.23292062374539
Daugintis2025,Measured,P0213,P0213,0,6,0,30,43.72308,36.37369,0.0,30.0,33.81475619374975,45.5444281293002,36.826766118178625
Daugintis2025,Measured,P0213,P0213,0,8,180,-30,-179.6179,-27.63203,0.0,210.0,-0.3385188326349415,207.6325535239763,2.391512616004641
Daugintis2025,Measured,P0213,P0213,0,11,180,60,0.9845687,43.07872,0.0,120.0,0.7191282185998481,43.08294041871201,76.9181083440929
Daugintis2025,Measured,P0213,P0213,0,13,240,0,-88.23461,-1.300707,-59.99999999999997,180.0,-87.80730642693807,-36.391138551092375,31.789225138256803
Daugintis2025,Measured,P0213,P0213,0,17,0,-30,-7.007903,87.92105,0.0,-30.0,-0.2535900630773973,87.93656766842224,117.93627007446791
Daugintis2025,Measured,P0213,P0213,0,18,270,-30,-139.3947,-30.0868,-60.00000000000001,-90.0,-34.27421241931203,217.3481098805937,42.40797032001553
Daugintis2025,Measured,P0213,P0213,0,22,180,30,175.7584,62.89217,0.0,150.00000000000003,1.9313561076590524,117.04414077987502,33.00603027181912
Daugintis2025,Measured,P0213,P0213,0,23,225,-30,-137.6789,-29.60638,-37.76124390703504,219.23152048359225,-35.829891109104985,217.5427831676028,2.3576124060528705
Daugintis2025,Measured,P0213,P0213,0,26,225,30,-123.9779,27.57322,-37.76124390703504,140.76847951640778,-47.31284781583439,136.94330914755628,9.955449603427786
Daugintis2025,Measured,P0213,P0213,0,27,315,-30,-90.22769,-31.93473,-37.76124390703505,-39.23152048359226,-58.064544157183846,269.6347003878039,38.54695626105717
Daugintis2025,Measured,P0213,P0213,0,30,135,-30,135.3654,-26.16351,37.761243907035045,219.23152048359225,39.094094651578494,214.62012079312393,3.8500019273865305
Daugintis2025,Measured,P0213,P0213,0,32,300,0,-90.35003,0.6416347,-59.99999999999999,0.0,-89.26910262873446,118.61256737939756,30.356165267974095
Daugintis2025,Measured,P0213,P0213,0,35,150,0,133.1601,0.7574393,29.999999999999996,180.0,46.83456140792402,178.8927695594346,16.856432904340675
Daugintis2025,Measured,P0213,P0213,0,38,180,0,-178.8098,-0.3363003,0.0,180.0,-1.1901794949694573,180.33637287048063,1.2367932986194905
Daugintis2025,Measured,P0213,P0213,0,39,0,60,0.7815963,0.07912937,0.0,60.0,0.7815955545654436,0.0791367330976413,59.923950870775265
Daugintis2025,Measured,P0213,P0213,0,40,210,0,-141.9545,-0.6474031,-30.00000000000001,180.0,-38.04263777091706,180.82205520916364,8.071334621894565
Daugintis2025,Measured,P0213,P0213,0,46,270,30,-125.6193,30.09363,-60.00000000000001,90.0,-44.69485836470337,135.14130671732158,30.70477580256796
Daugintis2025,Measured,P0213,P0213,0,48,90,60,121.7676,-0.8355626,30.00000000000001,90.0,58.22256270064992,181.5867952229711,65.6429912166783
Daugintis2025,Measured,P0213,P0213,0,50,0,0,0.09065409,-1.346393,0.0,0.0,0.0906290614200528,-1.3463946846587902,1.349440907090666
Daugintis2025,Measured,P0213,P0213,0,61,135,30,90.12767,0.07912937,37.761243907035045,140.76847951640775,89.84979655219148,148.20948853622926,52.08982011564402
Daugintis2025,Measured,P0213,P0213,0,62,270,0,-91.23763,-0.3995845,-90.0,0.0,-88.6994728163151,197.8949045744345,1.3005271836849128
Daugintis2025,Measured,P0213,P0213,0,66,315,30,-55.00836,0.6923862,-37.76124390703505,39.23152048359225,-55.002383944340586,1.2072701876540606,30.814937739088705
Daugintis2025,Measured,P0213,P0213,0,68,0,90,-4.70128,43.30777,0.0,90.0,-3.419217870805381,43.40415774069635,46.69223000000001
Daugintis2025,Measured,P0213,P0213,0,71,90,0,134.8943,-31.49975,90.0,0.0,37.15838943249039,220.9653610984365,52.84161056750962
Daugintis2025,Measured,P0213,P0213,0,72,45,-30,88.01511,-31.93844,37.76124390703504,-39.23152048359225,58.00645491995311,-86.81981121915875,36.69181825114307
Daugintis2025,Measured,P0213,P0213,0,77,30,0,53.42547,-0.4554249,29.999999999999996,0.0,53.42303063784232,-0.7642758607923668,23.429647216222445
Daugintis2025,Measured,P0213,P0213,0,78,90,30,89.14109,-33.62865,60.00000000000001,90.0,56.361672129855,-88.70890484947647,63.63383130336202
Daugintis2025,Measured,P0213,P0213,0,80,120,0,90.87736,0.3835945,60.00000000000002,180.0,89.04245427844847,156.38321828462688,29.124944801071887
Daugintis2025,Measured,P0213,P0213,0,86,60,0,89.92973,-2.07226,59.99999999999999,0.0,87.92654943940698,-88.05870036209808,29.994750808269107
Daugintis2025,Measured,P0213,P0213,0,92,90,-30,90.08808,-28.67463,60.00000000000001,-90.0,61.32524620980157,269.8389498217802,1.3275921332546918
Daugintis2025,Measured,P0213,P0213,0,95,270,60,-53.9254,36.66082,-30.00000000000001,90.0,-40.41852757415146,51.65193737238366,32.72587895753605
Daugintis2025,Measured,P0213,P0213,0,98,330,0,-44.77416,-0.02797646,-30.00000000000003,0.0,-44.7741532234422,-0.0394096534892014,14.774185898502855
Daugintis2025,Measured,P0213,P0213,1,2,90,60,89.30383,1.180183,30.00000000000001,90.0,88.62981167833593,59.4685271906626,58.82228817101511
Daugintis2025,Measured,P0213,P0213,1,4,135,-30,134.2427,-27.29031,37.761243907035045,219.23152048359225,39.5426782015475,216.48163959332948,2.7899766364159815
Daugintis2025,Measured,P0213,P0213,1,11,90,-30,88.09321,-1.221733,60.00000000000001,-90.0,87.73550700620137,-32.65755834794082,28.83527378620116
Daugintis2025,Measured,P0213,P0213,1,16,270,30,-88.54725,-2.979598,-60.00000000000001,90.0,-86.68539838690744,-64.03049195972517,33.008846774333406
Daugintis2025,Measured,P0213,P0213,1,17,210,0,-139.5388,-0.3727285,-30.00000000000001,180.0,-40.46016597507412,180.4898821526716,10.467764076523936
Daugintis2025,Measured,P0213,P0213,1,20,150,0,131.7384,-27.11637,29.999999999999996,180.0,41.61888693436031,217.5678332443165,32.30081521733202
Daugintis2025,Measured,P0213,P0213,1,21,225,30,-124.6231,35.34329,-37.76124390703504,140.76847951640778,-42.16331685813059,128.70097100596894,10.230701236428596
Daugintis2025,Measured,P0213,P0213,1,23,315,-30,-90.58873,-29.86515,-37.76124390703505,-39.23152048359226,-60.12958297334782,268.9748519963736,39.23621805416648
Daugintis2025,Measured,P0213,P0213,1,25,315,30,-48.74492,27.44616,-37.76124390703505,39.23152048359225,-41.84856415998832,38.22504294699934,4.159716878086079
Daugintis2025,Measured,P0213,P0213,1,27,240,0,-131.2092,-1.286944,-59.99999999999997,180.0,-48.774298896602126,181.95300830337425,11.28189720562019
Daugintis2025,Measured,P0213,P0213,1,28,270,60,-27.1061,25.62576,-30.00000000000001,90.0,-24.256490113259048,28.31838709931895,54.55231281445462
Daugintis2025,Measured,P0213,P0213,1,30,0,60,0.7044336,24.80115,0.0,60.0,0.6394601916859967,24.802799019042624,35.202259676096936
Daugintis2025,Measured,P0213,P0213,1,36,0,90,46.96071,30.04532,0.0,90.0,39.24786422066659,40.28063523674899,59.95468
Daugintis2025,Measured,P0213,P0213,1,40,300,0,-56.56739,-2.581568,-59.99999999999999,0.0,-56.47941405238712,-4.678365571416151,4.2941038941190905
Daugintis2025,Measured,P0213,P0213,1,43,270,-30,-90.78948,-30.6255,-60.00000000000001,-90.0,-59.36531365355288,268.66670010005265,0.925063477584151
Daugintis2025,Measured,P0213,P0213,1,46,45,30,65.50505,-3.388187,37.76124390703504,39.23152048359225,65.28615441923073,-8.126528689990806,38.72229757841482
Daugintis2025,Measured,P0213,P0213,1,47,90,30,87.19654,-0.4177785,60.00000000000001,90.0,87.1656063195606,-8.479463144967013,30.534864395270773
Daugintis2025,Measured,P0213,P0213,1,54,135,30,134.1621,-30.05592,37.761243907035045,140.76847951640775,38.382740089278414,219.71209751819197,60.06121972867578
Daugintis2025,Measured,P0213,P0213,1,55,60,0,88.70674,-1.536333,59.99999999999999,0.0,87.99190646701975,-49.919038817961976,28.74432714517985
Daugintis2025,Measured,P0213,P0213,1,59,330,0,-35.65352,-0.373777,-30.00000000000003,0.0,-35.65264542758759,-0.45999780293036,5.66582244026661
Daugintis2025,Measured,P0213,P0213,1,61,180,30,178.2089,33.69478,0.0,150.00000000000003,1.4901288439327114,146.29229483105436,3.995555166305204
Daugintis2025,Measured,P0213,P0213,1,64,90,0,90.89092,-1.455353,90.0,0.0,88.29365299971387,238.5328964168247,1.7063470002861283
Daugintis2025,Measured,P0213,P0213,1,74,180,-30,-177.9238,-22.43896,0.0,210.0,-1.9189428316473636,202.45223729268685,7.786509904823489
Daugintis2025,Measured,P0213,P0213,1,75,225,-30,-135.3603,-30.10453,-37.76124390703504,219.23152048359225,-37.43547097342652,219.17426538351384,0.3289161704910424
Daugintis2025,Measured,P0213,P0213,1,76,0,-30,0.9729732,-28.05837,0.0,-30.0,0.8586094206867387,-28.061799471672902,2.1197995648602865
Daugintis2025,Measured,P0213,P0213,1,81,120,0,130.9605,0.5421248,60.00000000000002,180.0,49.036545585114624,179.173041289268,10.973735267493934
Daugintis2025,Measured,P0213,P0213,1,83,180,60,69.18784,55.64706,0.0,120.0,31.83463157419798,76.34973772947203,52.06817470436029
Daugintis2025,Measured,P0213,P0213,1,86,270,0,-93.73103,1.185477,-90.0,0.0,-86.08541783687346,162.35909868764216,3.91458216312655
Daugintis2025,Measured,P0213,P0213,1,90,45,-30,90.04121,-33.8134,37.76124390703504,-39.23152048359225,56.186577873127725,269.93847239896894,38.12449178808598
Daugintis2025,Measured,P0213,P0213,1,95,30,0,89.8518,-30.64591,29.999999999999996,0.0,59.35376650506604,-89.74986700893504,64.39955990369756
Daugintis2025,Measured,P0213,P0213,1,96,0,30,36.27367,29.82871,0.0,30.0,30.881204740554193,35.42050397907974,31.30698448516769
Daugintis2025,Measured,P0213,P0213,1,97,0,0,-177.9763,30.60869,0.0,0.0,-1.7416334584456186,149.37564271698764,149.330959941932
Daugintis2025,Measured,P0213,P0213,1,98,180,0,177.7688,-32.3806,0.0,180.0,1.884132517879354,212.4002562843989,32.44903410702826
Daugintis2025,Measured,P0213,P0213,2,0,45,-30,90.12042,-31.76047,37.76124390703504,-39.23152048359225,58.23932558988474,269.80548378452977,38.48578657555347
Daugintis2025,Measured,P0213,P0213,2,2,315,30,-89.5891,0.02797646,-37.76124390703505,39.23152048359225,-89.58814871750113,3.89505198373773,51.903166606959005
Daugintis2025,Measured,P0213,P0213,2,3,30,0,93.31271,-30.9146,29.999999999999996,0.0,58.92589321716061,264.4882115991014,67.33663936683917
Daugintis2025,Measured,P0213,P0213,2,6,180,-30,179.9407,0.254109,0.0,210.0,0.0592994167980805,179.74589086390296,30.254161746494965
Daugintis2025,Measured,P0213,P0213,2,8,90,0,135.0159,-28.40076,90.0,0.0,38.44977545351284,217.39699199063807,51.550224546487165
Daugintis2025,Measured,P0213,P0213,2,13,120,0,128.9352,-1.620999,60.00000000000002,180.0,51.03642824680358,182.57834362108855,9.079873329515124
Daugintis2025,Measured,P0213,P0213,2,17,225,30,-143.5211,-0.9011378,-37.76124390703504,140.76847951640778,-36.47366061268627,181.12066190599617,31.95152281970354
Daugintis2025,Measured,P0213,P0213,2,19,210,0,-139.4871,-23.80718,-30.00000000000001,180.0,-36.4657777179171,210.12792020975817,25.90085090903253
Daugintis2025,Measured,P0213,P0213,2,21,270,30,-88.81105,1.917038,-60.00000000000001,90.0,-87.74431623628985,58.20416491230225,28.10563429883783
Daugintis2025,Measured,P0213,P0213,2,38,270,60,-55.49408,42.12021,-30.00000000000001,90.0,-37.67946198688137,57.932689697910746,27.568916324379753
Daugintis2025,Measured,P0213,P0213,2,40,270,0,-91.41064,2.479071,-90.0,0.0,-87.14790318363373,119.62286422058172,2.8520968163662745
Daugintis2025,Measured,P0213,P0213,2,47,0,0,0.1978235,-34.08919,0.0,0.0,0.1638306133776217,-34.08934852004239,34.089694609090635
Daugintis2025,Measured,P0213,P0213,2,48,330,0,-46.31614,-29.68884,-30.00000000000003,0.0,-38.91971818631304,-39.53851466430429,33.51502899910406
Daugintis2025,Measured,P0213,P0213,2,55,315,-30,-90.27003,-34.98851,-37.76124390703505,-39.23152048359226,-55.01058087359043,269.6141998067633,38.18371573628136
Daugintis2025,Measured,P0213,P0213,2,60,150,0,158.4108,26.83938,29.999999999999996,180.0,19.16636569208665,151.44605069172147,28.03275101577452
Daugintis2025,Measured,P0213,P0213,2,64,60,0,91.39481,0.03956468,59.99999999999999,0.0,88.60462908487986,178.3750434906956,31.39483238384123
Daugintis2025,Measured,P0213,P0213,2,65,135,30,131.8369,-0.0656106,37.761243907035045,140.76847951640775,48.1630580391131,180.0983648286798,30.21615998043993
Daugintis2025,Measured,P0213,P0213,2,68,300,0,-88.20748,-2.21249,-59.99999999999999,0.0,-87.15278335617838,-51.00472965615135,28.287010817920564
Daugintis2025,Measured,P0213,P0213,2,69,180,0,-178.4835,-2.289697,0.0,180.0,-1.515288937112148,182.2904984042549,2.746135494174358
Daugintis2025,Measured,P0213,P0213,2,71,225,-30,-139.4762,-29.00568,-37.76124390703504,219.23152048359225,-34.629330265281794,216.10678313519963,4.020339563902401
Daugintis2025,Measured,P0213,P0213,2,74,0,60,-0.4288719,-0.4524074,0.0,60.0,-0.4288585304254956,-0.4524200736500177,60.45332989184141
Daugintis2025,Measured,P0213,P0213,2,76,180,30,47.42015,28.5029,0.0,150.00000000000003,40.322264250591715,38.748899806707016,106.04203702915888
Daugintis2025,Measured,P0213,P0213,2,77,90,60,118.2219,1.169858,30.00000000000001,90.0,61.755855633311,177.52733173499507,62.732158770899375
Daugintis2025,Measured,P0213,P0213,2,80,0,-30,0.6708556,-43.31028,0.0,-30.0,0.4881426255804014,-43.31224033547708,13.321025587136932
Daugintis2025,Measured,P0213,P0213,2,81,180,60,9.287344,79.88598,0.0,120.0,1.6240132113154502,80.0158759809184,40.01155897909668
Daugintis2025,Measured,P0213,P0213,2,82,0,90,3.419477,35.20127,0.0,90.0,2.7936128153184945,35.24937703244041,54.79873
Daugintis2025,Measured,P0213,P0213,2,84,0,30,38.94534,-0.8764802,0.0,30.0,38.93992213197785,-1.126891778462138,48.25469479594053
Daugintis2025,Measured,P0213,P0213,2,85,135,-30,132.8313,-28.48703,37.761243907035045,219.23152048359225,40.133238624239766,218.59752240399456,2.42268019760406
Daugintis2025,Measured,P0213,P0213,2,86,90,30,90.55367,-1.37487,60.00000000000001,90.0,88.51785319719608,248.06912053091943,31.379318262198822
Daugintis2025,Measured,P0213,P0213,2,89,45,30,84.11524,-0.6923862,37.76124390703504,39.23152048359225,84.07479013238316,-6.722456205734858,48.253239904130695
Daugintis2025,Measured,P0213,P0213,2,94,270,-30,-90.6954,0.235734,-60.00000000000001,-90.0,-89.265732371625,161.27330286483524,30.242990729437523
Daugintis2025,Measured,P0213,P0213,2,97,90,-30,133.7177,3.224704,60.00000000000001,-90.0,46.18750555012486,175.33936689301504,53.35851720591883
Daugintis2025,Measured,P0213,P0213,2,98,240,0,-130.3491,-0.7091401,-59.99999999999997,180.0,-49.64573463434651,181.095215808557,10.37310317932774
Daugintis2025,Measured,P0224,P0224,0,1,45,30,89.43798,22.25021,37.76124390703504,39.23152048359225,67.74305341890057,88.62653966726162,40.391642276030275
Daugintis2025,Measured,P0224,P0224,0,3,180,60,55.06035,89.61361,0.0,120.0,0.3167446334256578,89.77870705350759,30.222795917130085
Daugintis2025,Measured,P0224,P0224,0,9,0,90,179.8797,-0.3577275,0.0,90.0,0.120297655262408,180.35772828849295,90.3577275
Daugintis2025,Measured,P0224,P0224,0,15,0,-30,162.7358,-28.20872,0.0,-30.0,15.160887303167964,209.32282432333795,119.5012766099078
Daugintis2025,Measured,P0224,P0224,0,16,180,-30,-178.5089,-29.75582,0.0,210.0,-1.2944600873091596,209.76418160410103,1.3157612897154407
Daugintis2025,Measured,P0224,P0224,0,18,225,30,-55.07119,41.099,-37.76124390703504,140.76847951640778,-38.15776669100217,56.72075059166724,63.717016794038265
Daugintis2025,Measured,P0224,P0224,0,20,315,-30,-127.6258,0.2783625,-37.76124390703505,-39.23152048359226,-52.37332277707608,179.54404920024342,83.75828947351981
Daugintis2025,Measured,P0224,P0224,0,21,315,30,-91.13382,34.91081,-37.76124390703505,39.23152048359225,-55.07311884561158,91.62409839542616,38.8959547066553
Daugintis2025,Measured,P0224,P0224,0,24,330,0,-19.83722,-24.53634,-30.00000000000003,0.0,-17.981215961110976,-25.886801321719616,26.436889138694234
Daugintis2025,Measured,P0224,P0224,0,26,90,0,89.77768,-0.7522548,90.0,0.0,89.21558261972753,-73.53651301995707,0.7844173802724742
Daugintis2025,Measured,P0224,P0224,0,27,45,-30,61.57622,-27.23734,37.76124390703504,-39.23152048359225,51.438182075442185,-47.24068198033476,14.796852357693696
Daugintis2025,Measured,P0224,P0224,0,30,0,30,-179.513,35.8529,0.0,30.0,-0.3947232624333856,144.14611744151827,114.14550792272256
Daugintis2025,Measured,P0224,P0224,0,31,90,-30,89.54293,-25.39044,60.00000000000001,-90.0,64.60571917751831,-89.03709903666761,4.627274316131209
Daugintis2025,Measured,P0224,P0224,0,33,180,0,179.631,-0.3064671,0.0,180.0,0.3689947213387566,180.30647345565853,0.4796684113432196
Daugintis2025,Measured,P0224,P0224,0,37,150,0,139.0009,-1.693388,29.999999999999996,180.0,40.97735264914037,182.24323710103369,11.127104252803573
Daugintis2025,Measured,P0224,P0224,0,40,210,0,-161.4445,0.2654082,-30.00000000000001,180.0,-18.555293656344055,179.72003845094446,11.447536086021085
Daugintis2025,Measured,P0224,P0224,0,44,240,0,-114.6068,-0.4796977,-59.99999999999997,180.0,-65.38881572319288,181.15191472428057,5.414428511416476
Daugintis2025,Measured,P0224,P0224,0,48,0,0,163.5853,1.622689,0.0,0.0,16.407931281262158,178.30840164036135,163.50748487285563
Daugintis2025,Measured,P0224,P0224,0,57,225,-30,-133.6101,-28.36842,-37.76124390703504,219.23152048359225,-39.575876061692576,218.05650648915116,2.0333055898368086
Daugintis2025,Measured,P0224,P0224,0,62,270,60,-44.57183,49.03254,-30.00000000000001,90.0,-27.39506040306008,58.26134948629024,27.87351185039242
Daugintis2025,Measured,P0224,P0224,0,64,180,30,111.4869,88.54331,0.0,150.00000000000003,1.3554324008638987,90.53366833720156,59.4757873604305
Daugintis2025,Measured,P0224,P0224,0,67,300,0,-43.11732,-0.6339648,-59.99999999999999,0.0,-43.11403602322402,-0.8684665691892803,16.89423261286784
Daugintis2025,Measured,P0224,P0224,0,68,60,0,59.80033,0.3090104,59.99999999999999,0.0,59.79889828825802,0.6142989268820997,0.3679064414459511
Daugintis2025,Measured,P0224,P0224,0,72,135,30,91.05658,36.26657,37.761243907035045,140.76847951640775,53.720153992855856,91.4397349966313,37.009889721892
Daugintis2025,Measured,P0224,P0224,0,76,120,0,90.99509,-0.8235324,60.00000000000002,180.0,88.70835704244053,219.61437066633457,29.015583051076188
Daugintis2025,Measured,P0224,P0224,0,77,30,0,42.81435,-19.02542,29.999999999999996,0.0,39.97848272161117,-25.176781203446296,22.805137754564456
Daugintis2025,Measured,P0224,P0224,0,81,0,60,-0.6404136,62.03298,0.0,60.0,-0.3003255662147108,62.034462437782224,2.056500655576193
Daugintis2025,Measured,P0224,P0224,0,84,270,-30,-89.81409,0.2517883,-60.00000000000001,-90.0,-89.68701493066496,53.55960769933682,30.252306761592443
Daugintis2025,Measured,P0224,P0224,0,85,270,30,-89.94203,37.77866,-60.00000000000001,90.0,-52.22130216397842,89.92520807804297,7.778808310180971
Daugintis2025,Measured,P0224,P0224,0,89,135,-30,124.6491,-29.15232,37.761243907035045,219.23152048359225,45.9260477970061,224.4526954442348,9.038866795083548
Daugintis2025,Measured,P0224,P0224,0,91,90,30,89.23313,0.5489398,60.00000000000001,90.0,89.056916490096,35.59743090377569,29.460097775219538
Daugintis2025,Measured,P0224,P0224,0,93,270,0,-89.62428,-0.02797646,-90.0,0.0,-89.62323987804537,-4.258469076394363,0.3767601219546432
Daugintis2025,Measured,P0224,P0224,0,97,90,60,75.01398,40.13369,30.00000000000001,90.0,47.60716243125806,72.94862691375948,21.953639632647015
Daugintis2025,Measured,P0224,P0224,1,2,135,30,59.43431,0.3936644,37.761243907035045,140.76847951640775,59.43202020349061,0.7740936052610579,77.33182717798276
Daugintis2025,Measured,P0224,P0224,1,4,90,-30,89.64548,-20.79919,60.00000000000001,-90.0,69.1979227220022,-89.06676825870224,9.206361699049204
Daugintis2025,Measured,P0224,P0224,1,5,0,-30,18.57215,37.03651,0.0,-30.0,14.728679981819822,38.52003430041523,69.2590360341492
Daugintis2025,Measured,P0224,P0224,1,7,120,0,90.5241,0.2158,60.00000000000002,180.0,89.43321154640861,157.6200381027219,29.476619000524646
Daugintis2025,Measured,P0224,P0224,1,8,330,0,0.1101434,-25.33932,-30.00000000000003,0.0,0.0995463883579961,-25.33936094996912,38.57118519677684
Daugintis2025,Measured,P0224,P0224,1,10,300,0,-51.57781,0.1887116,-59.99999999999999,0.0,-51.57741821474037,0.3036610123944427,8.424288670122749
Daugintis2025,Measured,P0224,P0224,1,12,180,60,47.93057,88.8538,0.0,120.0,0.8508371079542423,89.23195441672539,30.778654771195388
Daugintis2025,Measured,P0224,P0224,1,14,180,30,-179.0311,64.53787,0.0,150.00000000000003,-0.416527910950148,115.4589500998406,34.54324938441362
Daugintis2025,Measured,P0224,P0224,1,15,150,0,139.6593,0.4996771,29.999999999999996,180.0,40.33884957998143,179.3444473024677,10.352634296801806
Daugintis2025,Measured,P0224,P0224,1,17,0,60,-130.5345,88.94847,0.0,60.0,-0.7991593805796399,90.68343976773122,30.69283104637541
Daugintis2025,Measured,P0224,P0224,1,18,0,0,0.1897456,0.2517883,0.0,0.0,0.1897437678187544,0.2517896807024868,0.3152784625861767
Daugintis2025,Measured,P0224,P0224,1,24,90,30,88.68444,-0.772531,60.00000000000001,90.0,88.47441900376812,-30.42627698703393,30.79808279021418
Daugintis2025,Measured,P0224,P0224,1,27,0,90,-1.529567,61.6166,0.0,90.0,-0.7270423935115535,61.6251389000646,28.3834
Daugintis2025,Measured,P0224,P0224,1,30,240,0,-90.20928,0.9164255,-59.99999999999997,180.0,-89.05998399989875,102.86270181877704,29.803519104032347
Daugintis2025,Measured,P0224,P0224,1,32,180,-30,178.2319,-23.67143,0.0,210.0,1.6192957636950949,203.6814647477972,6.521914417413266
Daugintis2025,Measured,P0224,P0224,1,35,180,0,163.4967,18.44421,0.0,180.0,15.633235736686569,160.82013293397932,24.55652307472611
Daugintis2025,Measured,P0224,P0224,1,36,45,30,48.1272,25.19804,37.76124390703504,39.23152048359225,42.35877286885987,35.180952872628694,5.543524649982196
Daugintis2025,Measured,P0224,P0224,1,39,60,0,73.76134,0.5685511,59.99999999999999,0.0,73.75165771312471,2.032374907421044,13.77285333967829
Daugintis2025,Measured,P0224,P0224,1,40,90,60,60.85392,32.28473,30.00000000000001,90.0,47.591883729580296,52.37235354697174,33.721329920684994
Daugintis2025,Measured,P0224,P0224,1,42,225,-30,-142.3803,-24.85152,-37.76124390703504,219.23152048359225,-33.63449027389474,210.31630512230177,8.327976881362519
Daugintis2025,Measured,P0224,P0224,1,43,270,-30,-70.82954,-0.05233916,-60.00000000000001,-90.0,-70.8294712382702,-0.1593857289235387,35.06936346605914
Daugintis2025,Measured,P0224,P0224,1,44,315,30,-41.38305,48.47218,-37.76124390703505,39.23152048359225,-25.994941826125388,56.39735229605395,18.67788709223308
Daugintis2025,Measured,P0224,P0224,1,45,0,30,2.774176,61.05042,0.0,30.0,1.3424097223665683,61.0788686528617,31.104948608953595
Daugintis2025,Measured,P0224,P0224,1,47,270,60,-28.18973,55.59539,-30.00000000000001,90.0,-15.4809339380751,58.88468358771854,32.00641815621467
Daugintis2025,Measured,P0224,P0224,1,48,270,30,-58.40077,52.93965,-60.00000000000001,90.0,-30.88405928903247,68.41084536183064,32.4848387221892
Daugintis2025,Measured,P0224,P0224,1,54,135,-30,120.2538,-22.48364,37.761243907035045,219.23152048359225,52.95317670018861,219.4018609910104,15.192393007852765
Daugintis2025,Measured,P0224,P0224,1,58,90,0,82.9312,0.6090934,90.0,0.0,82.90513960909603,4.93744862178788,7.094860390903974
Daugintis2025,Measured,P0224,P0224,1,64,210,0,-154.4948,0.4458725,-30.00000000000001,180.0,-25.504372319756996,179.50598601253313,4.516815396996143
Daugintis2025,Measured,P0224,P0224,1,73,45,-30,51.31598,-0.3310224,37.76124390703504,-39.23152048359225,51.31478576689373,-0.5296054923115321,30.27186056088449
Daugintis2025,Measured,P0224,P0224,1,78,270,0,-90.5401,0.6858553,-90.0,0.0,-89.12702143826323,128.21811968528667,0.8729785617367652
Daugintis2025,Measured,P0224,P0224,1,85,30,0,37.76933,0.0,29.999999999999996,0.0,37.76933,0.0,7.769329999999997
Daugintis2025,Measured,P0224,P0224,1,88,315,-30,-70.33949,37.75639,-37.76124390703505,-39.23152048359226,-48.118759968486906,66.51860565023583,71.77984505456965
Daugintis2025,Measured,P0224,P0224,1,91,225,30,-88.78751,29.21032,-37.76124390703504,140.76847951640778,-60.7667434039104,87.83261813557547,39.907770003671544
Daugintis2025,Measured,P0224,P0224,2,1,135,30,60.09402,26.0679,37.761243907035045,140.76847951640775,51.13841418540028,44.45606071814149,65.02053835113523
Daugintis2025,Measured,P0224,P0224,2,4,315,30,-46.97446,36.75807,-37.76124390703505,39.23152048359225,-35.85208146086501,47.58909238684868,6.9557612055958185
Daugintis2025,Measured,P0224,P0224,2,5,330,0,-17.01294,-0.1958353,-30.00000000000003,0.0,-17.012837595628522,-0.204797430240788,12.98851107098271
Daugintis2025,Measured,P0224,P0224,2,10,45,-30,89.41817,0.6946434,37.76124390703504,-39.23152048359225,89.09388796747504,50.052485837290874,52.232983258478335
Daugintis2025,Measured,P0224,P0224,2,12,180,30,60.31808,89.15661,0.0,150.00000000000003,0.7327204672671597,89.58234354023335,60.42031601789586
Daugintis2025,Measured,P0224,P0224,2,13,270,60,-29.10365,65.07085,-30.00000000000001,90.0,-11.830229444080148,67.89706248337029,27.396463784229503
Daugintis2025,Measured,P0224,P0224,2,21,270,30,-56.71516,25.82595,-60.00000000000001,90.0,-48.80383150238857,41.40845954386012,29.603125798559205
Daugintis2025,Measured,P0224,P0224,2,23,240,0,-65.92606,7.361887,-59.99999999999997,180.0,-64.8898224423483,17.57480858115393,54.41542832460288
Daugintis2025,Measured,P0224,P0224,2,24,120,0,91.34919,-0.839068,60.00000000000002,180.0,88.41122102573289,211.8818988067856,28.66205268810445
Daugintis2025,Measured,P0224,P0224,2,25,45,30,48.09307,17.8127,37.76124390703504,39.23152048359225,45.117348970415456,25.690246193252097,12.509113014356544
Daugintis2025,Measured,P0224,P0224,2,28,225,30,-37.07845,33.0357,-37.76124390703504,140.76847951640778,-30.36032999709819,39.18340183718365,80.06543620782313
Daugintis2025,Measured,P0224,P0224,2,34,30,0,28.02683,0.02797646,29.999999999999996,0.0,28.02682636421915,0.0316931945971958,1.9733682428198536
Daugintis2025,Measured,P0224,P0224,2,37,90,-30,90.37398,-23.13302,60.00000000000001,-90.0,66.86412327629697,269.1246887697083,6.875104775917653
Daugintis2025,Measured,P0224,P0224,2,39,60,0,77.08113,0.06852804,59.99999999999999,0.0,77.08095133861146,0.3065128190903721,17.08126336701673
Daugintis2025,Measured,P0224,P0224,2,41,90,0,88.90568,-0.4925778,90.0,0.0,88.79994181507455,-24.235403010431423,1.2000581849254357
Daugintis2025,Measured,P0224,P0224,2,43,225,-30,-145.9162,-27.21714,-37.76124390703504,219.23152048359225,-29.89133237925376,211.8395084250114,9.974411701901357
Daugintis2025,Measured,P0224,P0224,2,48,0,-30,-0.1426525,0.191797,0.0,-30.0,-0.1426517007397064,0.1917975944607661,30.19210281147038
Daugintis2025,Measured,P0224,P0224,2,49,315,-30,-37.79587,18.95902,-37.76124390703505,-39.23152048359226,-35.42267444634636,23.496303843223615,49.44838151142592
Daugintis2025,Measured,P0224,P0224,2,50,270,-30,-66.88108,0.1545051,-60.00000000000001,-90.0,-66.8805920500156,0.3934971389763718,37.33290447988055
Daugintis2025,Measured,P0224,P0224,2,51,270,0,-89.56925,1.781361,-90.0,0.0,-88.16731541548064,76.41061836716142,1.832684584519356
Daugintis2025,Measured,P0224,P0224,2,53,180,60,-0.3800071,46.52182,0.0,120.0,-0.2614736226918593,46.52244920283806,73.4777277801457
Daugintis2025,Measured,P0224,P0224,2,55,135,-30,114.5709,-18.97855,37.761243907035045,219.23152048359225,59.31772963217453,219.59292801825893,21.55773717479631
Daugintis2025,Measured,P0224,P0224,2,56,90,30,89.26353,-17.4346,60.00000000000001,90.0,72.55033466464377,-87.65625785693844,47.439909615097605
Daugintis2025,Measured,P0224,P0224,2,57,0,30,0.08622923,23.80178,0.0,30.0,0.0788951817049373,23.801803959381147,6.198696178048758
Daugintis2025,Measured,P0224,P0224,2,63,210,0,-154.1383,-12.53495,-30.00000000000001,180.0,-25.20150202270784,193.87866684473136,13.190007657103216
Daugintis2025,Measured,P0224,P0224,2,71,150,0,133.2683,-0.4949555,29.999999999999996,180.0,46.72942890157916,180.72210438487255,16.73881005609544
Daugintis2025,Measured,P0224,P0224,2,76,300,0,-47.95282,0.7066523,-59.99999999999999,0.0,-47.94798856025571,1.0550449579332764,12.067581473542011
Daugintis2025,Measured,P0224,P0224,2,83,0,60,1.898883,69.17589,0.0,60.0,0.6749455246154537,69.18634527148575,9.21089467129604
Daugintis2025,Measured,P0224,P0224,2,85,0,90,2.321024,80.28388,0.0,90.0,0.3916074790479113,80.2916993296451,9.716120000000007
Daugintis2025,Measured,P0224,P0224,2,87,180,-30,179.3523,0.6032831,0.0,210.0,0.6476640949577555,179.39667835352083,30.609509858294963
Daugintis2025,Measured,P0224,P0224,2,89,180,0,-179.831,0.8381346,0.0,180.0,-0.1689819185815063,179.16186175454675,0.8550020879994096
Daugintis2025,Measured,P0224,P0224,2,90,90,60,71.54192,20.689,30.00000000000001,90.0,62.54646276151795,50.02444839105277,41.43948522413303
Daugintis2025,Measured,P0224,P0224,2,91,0,0,13.08355,-19.05173,0.0,0.0,12.3552229253658,-19.521522385613252,22.973250556667207
Daugintis2025,Measured,P0225,P0225,0,1,90,30,89.64028,20.7185,60.00000000000001,90.0,69.27851475096303,89.04905102609052,9.287169498483358
Daugintis2025,Measured,P0225,P0225,0,2,150,0,155.6973,0.7107937,29.999999999999996,180.0,24.3007090768024,179.22010222304914,5.741322903947341
Daugintis2025,Measured,P0225,P0225,0,8,0,30,-0.1643245,0.0,0.0,30.0,-0.1643245,0.0,30.000408140471094
Daugintis2025,Measured,P0225,P0225,0,11,0,60,179.8209,33.71471,0.0,60.0,0.1489773908908422,146.2851607581925,86.28517333337781
Daugintis2025,Measured,P0225,P0225,0,15,0,0,0.05934703,-0.2430897,0.0,0.0,0.0593464958584671,-0.243089830401999,0.250229197102811
Daugintis2025,Measured,P0225,P0225,0,18,90,-30,90.17626,-24.62857,60.00000000000001,-90.0,65.37083861804071,269.6155277830229,5.373709501294233
Daugintis2025,Measured,P0225,P0225,0,19,180,0,179.9093,-0.05934703,0.0,180.0,0.0906999513447016,180.05934710435986,0.1083907608045998
Daugintis2025,Measured,P0225,P0225,0,21,180,30,-179.7413,22.18742,0.0,150.00000000000003,-0.2395440601009418,157.8123757756234,7.816024601236011
Daugintis2025,Measured,P0225,P0225,0,28,135,-30,135.5049,-28.93232,37.761243907035045,219.23152048359225,37.834058127716794,217.77319139706765,1.1546290033770337
Daugintis2025,Measured,P0225,P0225,0,29,270,30,-91.84457,23.93071,-60.00000000000001,90.0,-66.00247685623587,94.14850999091024,6.287652606144393
Daugintis2025,Measured,P0225,P0225,0,30,210,0,-141.1573,0.1398823,-30.00000000000001,180.0,-38.84256250017724,179.82040394191614,8.8437975295832
Daugintis2025,Measured,P0225,P0225,0,31,270,-30,-90.97779,-29.08749,-60.00000000000001,-90.0,-60.897516209893304,268.24299138667647,1.247500671784316
Daugintis2025,Measured,P0225,P0225,0,33,315,-30,-90.60021,36.95071,-37.76124390703505,-39.23152048359226,-53.04511081190239,90.7978666823771,79.41686388287488
Daugintis2025,Measured,P0225,P0225,0,37,225,-30,-137.346,-21.85358,-37.76124390703504,219.23152048359225,-38.96739354536407,208.6042908851066,8.414441061490585
Daugintis2025,Measured,P0225,P0225,0,38,180,60,-179.3487,54.33075,0.0,120.0,-0.3797710781552489,125.66749640432324,5.680164686389073
Daugintis2025,Measured,P0225,P0225,0,41,270,0,-91.21964,7.635557,-90.0,0.0,-82.2682191100788,99.02171253576348,7.731780889921193
Daugintis2025,Measured,P0225,P0225,0,42,240,0,-116.2704,8.598616,-59.99999999999997,180.0,-62.453540592172295,161.13795693411498,9.367043247784864
Daugintis2025,Measured,P0225,P0225,0,47,300,0,-58.66314,24.46816,-59.99999999999999,0.0,-51.02467084223362,41.18562468239659,24.502409183797113
Daugintis2025,Measured,P0225,P0225,0,48,270,60,-91.29747,62.45546,-30.00000000000001,90.0,-27.53687858772664,90.67661329995838,2.5335016941814765
Daugintis2025,Measured,P0225,P0225,0,50,0,90,179.7545,45.27509,0.0,90.0,0.1727589828032382,134.72464703275523,44.72491
Daugintis2025,Measured,P0225,P0225,0,51,60,0,68.40517,0.0,59.99999999999999,0.0,68.40516999999998,0.0,8.405169999999996
Daugintis2025,Measured,P0225,P0225,0,56,45,30,90.59889,35.71148,37.76124390703504,39.23152048359225,54.28416628350968,90.8330174656902,38.385231164349456
Daugintis2025,Measured,P0225,P0225,0,58,120,0,121.1511,0.2365626,60.00000000000002,180.0,58.84809207800621,179.54270174759392,1.1751534130729084
Daugintis2025,Measured,P0225,P0225,0,66,30,0,44.46013,0.04423466,29.999999999999996,0.0,44.46011324332281,0.0619760342381567,14.460196215855602
Daugintis2025,Measured,P0225,P0225,0,69,135,30,133.3234,22.48651,37.761243907035045,140.76847951640775,42.23562374278927,148.89715893045368,7.6621315054478
Daugintis2025,Measured,P0225,P0225,0,74,90,0,89.72523,0.4279585,90.0,0.0,89.49142785508052,57.298164297023874,0.5085721449194798
Daugintis2025,Measured,P0225,P0225,0,77,315,30,-38.40837,30.32101,-37.76124390703505,39.23152048359225,-32.430766082564205,36.735958588969055,5.707489324578215
Daugintis2025,Measured,P0225,P0225,0,78,330,0,-21.47681,23.15181,-30.00000000000003,0.0,-19.672251695257863,24.67930615080239,24.58959059947903
Daugintis2025,Measured,P0225,P0225,0,82,225,30,-135.9116,28.36316,-37.76124390703504,140.76847951640778,-37.75189593482008,143.07057404208416,1.8200586134077756
Daugintis2025,Measured,P0225,P0225,0,83,45,-30,145.0044,0.1545051,37.76124390703504,-39.23152048359225,34.995454156137704,179.8113944653237,98.73107920091871
Daugintis2025,Measured,P0225,P0225,0,88,90,60,142.3224,46.89993,30.00000000000001,90.0,24.685020863461947,126.52510485519778,32.737911716178246
Daugintis2025,Measured,P0225,P0225,0,92,0,-30,-16.42503,89.42728,0.0,-30.0,-0.1619401191766188,89.45065093082354,119.45052171237263
Daugintis2025,Measured,P0225,P0225,0,96,180,-30,179.7762,-16.72027,0.0,210.0,0.2143378638862349,196.72039043364316,13.281308119604155
Daugintis2025,Measured,P0225,P0225,1,2,150,0,139.3413,-0.4693892,29.999999999999996,180.0,40.657048648831505,180.6187435594965,10.668911116466504
Daugintis2025,Measured,P0225,P0225,1,4,180,0,179.4135,0.4961402,0.0,180.0,0.5864780105662776,179.5038338066389,0.7681983795420122
Daugintis2025,Measured,P0225,P0225,1,5,180,60,179.672,58.07757,0.0,120.0,0.1734360899043303,121.9220086426858,1.9298150211938336
Daugintis2025,Measured,P0225,P0225,1,10,315,30,-36.85749,32.91101,-37.76124390703505,39.23152048359225,-30.236062591916102,38.96838019726752,7.52833209843855
Daugintis2025,Measured,P0225,P0225,1,14,300,0,-89.7375,15.39811,-59.99999999999999,0.0,-74.59970679334265,89.04696819499193,33.16083140913749
Daugintis2025,Measured,P0225,P0225,1,15,0,90,179.2483,41.5658,0.0,90.0,0.5624105199686246,138.43175210268177,48.43420000000001
Daugintis2025,Measured,P0225,P0225,1,16,270,30,-91.19818,29.97387,-60.00000000000001,90.0,-60.00441543315083,92.07643515849504,1.0381150644823958
Daugintis2025,Measured,P0225,P0225,1,18,330,0,-22.97472,16.63621,-30.00000000000003,0.0,-21.96169602799674,17.980582606689197,18.02003985930951
Daugintis2025,Measured,P0225,P0225,1,19,225,30,-132.6838,12.96176,-37.76124390703504,140.76847951640778,-45.756063874223294,161.24760011425232,17.17255421304641
Daugintis2025,Measured,P0225,P0225,1,21,120,0,107.4059,0.4029978,60.00000000000002,180.0,72.58957970348645,178.6530337786669,12.60044197453331
Daugintis2025,Measured,P0225,P0225,1,25,90,30,90.88493,21.62606,60.00000000000001,90.0,68.35670946213573,92.23089454543768,8.411632781840423
Daugintis2025,Measured,P0225,P0225,1,27,135,-30,131.1356,-32.68481,37.761243907035045,219.23152048359225,39.338130841772674,224.2844640965212,4.253947516474447
Daugintis2025,Measured,P0225,P0225,1,28,270,-30,-90.30205,-30.75343,-60.00000000000001,-90.0,-59.245231972538065,269.49238439038396,0.7972195060497749
Daugintis2025,Measured,P0225,P0225,1,29,0,30,179.1635,21.04703,0.0,30.0,0.7806901227174,158.9509231628835,128.94662390685764
Daugintis2025,Measured,P0225,P0225,1,32,0,-30,0.1251145,-0.2832403,0.0,-30.0,0.1251129712295433,-0.2832409752877396,29.716998347096705
Daugintis2025,Measured,P0225,P0225,1,33,0,60,-179.7113,46.06118,0.0,60.0,-0.2003255656364135,133.93845657511733,73.9385574013654
Daugintis2025,Measured,P0225,P0225,1,35,270,60,-133.714,43.13554,-30.00000000000001,90.0,-31.83356681531147,126.41115858533595,31.146081497378216
Daugintis2025,Measured,P0225,P0225,1,37,270,0,-90.50485,0.8025945,-90.0,0.0,-89.0518360990569,122.1687933962449,0.9481639009430988
Daugintis2025,Measured,P0225,P0225,1,39,30,0,140.5124,1.242381,29.999999999999996,0.0,39.476502675910865,178.3903736171676,110.50736085399936
Daugintis2025,Measured,P0225,P0225,1,43,90,-30,89.86131,-20.08,60.00000000000001,-90.0,69.91954081974131,-89.6206073706394,9.920792498471084
Daugintis2025,Measured,P0225,P0225,1,46,60,0,118.9585,0.5366834,59.99999999999999,0.0,61.03695807836132,178.8916589102687,58.960012735750375
Daugintis2025,Measured,P0225,P0225,1,50,180,30,-179.5502,4.122031,0.0,150.00000000000003,-0.4486364414043552,175.8778424137903,25.8814629940831
Daugintis2025,Measured,P0225,P0225,1,51,90,60,110.0662,46.36702,30.00000000000001,90.0,40.40217990154939,108.11353599618552,18.03236805099912
Daugintis2025,Measured,P0225,P0225,1,53,180,-30,-178.8318,-24.68719,0.0,210.0,-1.0614155355209849,204.69171003427067,5.413069368096899
Daugintis2025,Measured,P0225,P0225,1,54,240,0,-115.8066,6.751424,-59.99999999999997,180.0,-63.38356331524787,164.78711271403492,7.942596415152612
Daugintis2025,Measured,P0225,P0225,1,55,135,30,121.0682,24.0679,37.761243907035045,140.76847951640775,51.45208247712,139.1237340679104,13.739887741282104
Daugintis2025,Measured,P0225,P0225,1,56,315,-30,-129.2731,35.11115,-37.76124390703505,-39.23152048359226,-39.292067823307654,131.9973500676074,102.52637661804404
Daugintis2025,Measured,P0225,P0225,1,59,45,30,91.03281,43.73246,37.76124390703504,39.23152048359225,46.25781118846597,91.07936263859358,38.73176341913688
Daugintis2025,Measured,P0225,P0225,1,63,225,-30,-134.2779,-30.34101,-37.76124390703504,219.23152048359225,-38.162925523559416,219.9761553801665,0.7113433706286094
Daugintis2025,Measured,P0225,P0225,1,65,0,0,0.2306999,15.50506,0.0,0.0,0.2223039606970709,15.50517964149894,15.506734100418672
Daugintis2025,Measured,P0225,P0225,1,83,45,-30,52.74084,-0.5256317,37.76124390703504,-39.23152048359225,52.73767046658492,-0.8681661360027704,30.38064924398728
Daugintis2025,Measured,P0225,P0225,1,86,210,0,-144.3286,0.3226406,-30.00000000000001,180.0,-35.67074792766382,179.60284479632236,5.6805400020408845
Daugintis2025,Measured,P0225,P0225,1,90,90,0,90.41119,0.4320539,90.0,0.0,89.40355672203466,133.58186462446332,0.5964432779653466
Daugintis2025,Measured,P0225,P0225,2,7,120,0,101.367,3.293307,60.00000000000002,180.0,78.17156565286113,163.7245092255893,18.911620822252143
Daugintis2025,Measured,P0225,P0225,2,8,0,30,-0.04845664,34.04132,0.0,30.0,-0.0401528219920272,34.041329504788735,4.041528639115828
Daugintis2025,Measured,P0225,P0225,2,11,135,30,141.7071,23.29567,37.761243907035045,140.76847951640775,34.69188046532434,151.25037814374275,8.989095301446438
Daugintis2025,Measured,P0225,P0225,2,16,90,-30,89.98254,-23.37837,60.00000000000001,-90.0,66.62162384596311,-89.9596105013088,6.621648339533534
Daugintis2025,Measured,P0225,P0225,2,17,0,90,0.3071049,88.79037,0.0,90.0,0.0064830940432227,88.79038737083471,1.209630000000001
Daugintis2025,Measured,P0225,P0225,2,18,270,0,-89.98669,9.34603,-90.0,0.0,-80.65396060660129,89.91912817279967,9.346039393398716
Daugintis2025,Measured,P0225,P0225,2,26,315,-30,-137.7136,32.82173,-37.76124390703505,-39.23152048359226,-34.43187741465181,138.91617705007263,107.78637568190204
Daugintis2025,Measured,P0225,P0225,2,27,90,0,89.99604,8.464409,90.0,0.0,81.53559008042306,89.97338996101396,8.464409919576951
Daugintis2025,Measured,P0225,P0225,2,31,270,-30,-90.70378,-23.81886,-60.00000000000001,-90.0,-66.17135063955361,268.4061899487665,6.212862935426042
Daugintis2025,Measured,P0225,P0225,2,39,300,0,-56.66419,23.17101,-59.99999999999999,0.0,-50.180978175704034,37.91249967939896,23.396791407311134
Daugintis2025,Measured,P0225,P0225,2,40,45,-30,50.61844,-30.4673,37.76124390703504,-39.23152048359225,41.77518530930755,-42.83595228974857,4.87613810827276
Daugintis2025,Measured,P0225,P0225,2,44,150,0,137.2939,0.6489125,29.999999999999996,180.0,42.70270850637151,179.11696865239293,12.72238731395572
Daugintis2025,Measured,P0225,P0225,2,50,90,30,90.32376,25.32796,60.00000000000001,90.0,64.6701073856381,90.68401925239982,4.680822566468669
Daugintis2025,Measured,P0225,P0225,2,55,0,-30,-1.02622,0.4502396,0.0,-30.0,-1.026188311856149,0.4503118253324629,30.465939786657632
Daugintis2025,Measured,P0225,P0225,2,58,270,60,-92.21642,54.04247,-30.00000000000001,90.0,-35.92644178373188,91.6069921267958,6.077575014250852
Daugintis2025,Measured,P0225,P0225,2,59,30,0,35.30321,0.3800071,29.999999999999996,0.0,35.302317648691826,0.4656315134463256,5.316768669607034
Daugintis2025,Measured,P0225,P0225,2,63,240,0,-107.542,8.201451,-59.99999999999997,180.0,-70.69021555970895,154.44345149703213,14.879541495149354
Daugintis2025,Measured,P0225,P0225,2,71,45,30,65.11546,43.43146,37.76124390703504,39.23152048359225,41.20654358428772,66.03557406480269,20.88687071253215
Daugintis2025,Measured,P0225,P0225,2,73,180,60,179.2903,47.57732,0.0,120.0,0.478753148468817,132.42049114659,12.429569713190553
Daugintis2025,Measured,P0225,P0225,2,74,180,-30,179.4468,-0.3538778,0.0,210.0,0.5531894482215816,180.3538942948445,29.65079749358752
Daugintis2025,Measured,P0225,P0225,2,75,180,0,179.181,-0.4817329,0.0,180.0,0.8189710500194068,180.48178211702464,0.9501640810652744
Daugintis2025,Measured,P0225,P0225,2,76,0,0,-0.132704,-0.1083524,0.0,0.0,-0.1327037627061563,-0.1083526906238461,0.1713200899151953
Daugintis2025,Measured,P0225,P0225,2,83,0,60,45.19022,89.34542,0.0,60.0,0.4643870578647197,89.53867116149178,29.54199207294991
Daugintis2025,Measured,P0225,P0225,2,84,90,60,89.63311,51.95198,30.00000000000001,90.0,38.047100662775854,89.71286296893504,8.050605166155025
Daugintis2025,Measured,P0225,P0225,2,85,225,30,-137.6334,23.32093,-37.76124390703504,140.76847951640778,-38.229848272349614,149.7374115618692,7.080772799408471
Daugintis2025,Measured,P0225,P0225,2,87,225,-30,-137.4716,-31.41491,-37.76124390703504,219.23152048359225,-35.23074764068674,219.6511101665917,2.5528687088844646
Daugintis2025,Measured,P0225,P0225,2,88,270,30,-91.57943,24.89519,-60.00000000000001,90.0,-65.0579456138846,93.39891505856563,5.293514468992693
Daugintis2025,Measured,P0225,P0225,2,91,210,0,-148.0813,0.06852804,-30.00000000000001,180.0,-31.918674472934867,179.91926473359115,1.9199229220731304
Daugintis2025,Measured,P0225,P0225,2,92,315,30,-37.91167,33.79173,-37.76124390703505,39.23152048359225,-30.706758329749626,40.3062004692427,7.110048266411059
Daugintis2025,Measured,P0225,P0225,2,94,60,0,75.56994,-0.6449805,59.99999999999999,0.0,75.5558386048918,-2.5865756064567904,15.58296315148702
Daugintis2025,Measured,P0225,P0225,2,95,330,0,-27.74475,22.3111,-30.00000000000003,0.0,-25.51083795665001,24.87543256852433,22.41900076211211
Daugintis2025,Measured,P0225,P0225,2,97,135,-30,129.389,-28.9124,37.761243907035045,219.23152048359225,42.572816075983376,221.03486058498527,5.00466683701285
Daugintis2025,Measured,P0225,P0225,2,98,180,30,179.3967,0.08846933,0.0,150.00000000000003,0.603299280783742,179.91152576540105,29.91704632824423
Daugintis2025,Measured,P0243,P0243,0,3,210,0,-140.5508,1.627145,-30.00000000000001,180.0,-39.430192227018985,177.89319640728252,9.58701898333566
Daugintis2025,Measured,P0243,P0243,0,5,0,30,24.01768,29.09742,0.0,30.0,20.833310563803785,31.353362967221415,20.87527191106714
Daugintis2025,Measured,P0243,P0243,0,6,0,0,25.66906,-22.03371,0.0,0.0,23.67417059442212,-24.181249984197933,33.33391043030588
Daugintis2025,Measured,P0243,P0243,0,7,30,0,118.0365,-0.1341704,29.999999999999996,0.0,61.963205003415055,180.2854464802615,88.03650538566
Daugintis2025,Measured,P0243,P0243,0,13,45,-30,129.0688,-13.39769,37.76124390703504,-39.23152048359225,49.04813226590168,200.70303792870263,78.29288374270556
Daugintis2025,Measured,P0243,P0243,0,16,0,60,-149.262,89.48862,0.0,60.0,-0.2613704438133671,90.43954105113512,30.440555553552727
Daugintis2025,Measured,P0243,P0243,0,17,270,0,-89.95284,17.76628,-90.0,0.0,-72.23365942683148,89.85281659017545,17.76634057316852
Daugintis2025,Measured,P0243,P0243,0,18,60,0,90.2455,0.4140146,59.99999999999999,0.0,89.5186713284804,120.66633521962848,30.248065274394623
Daugintis2025,Measured,P0243,P0243,0,20,270,-30,-119.023,-21.58636,-60.00000000000001,-90.0,-54.39957396733419,219.19753618719497,27.362827879882236
Daugintis2025,Measured,P0243,P0243,0,23,180,0,-178.7308,-0.1153499,0.0,180.0,-1.269197427471818,180.11537820673107,1.274430093418914
Daugintis2025,Measured,P0243,P0243,0,27,330,0,-26.80167,1.207394,-30.00000000000003,0.0,-26.79524375768236,1.352661165958267,3.418420763860305
Daugintis2025,Measured,P0243,P0243,0,28,90,30,89.25375,-0.354982,60.00000000000001,90.0,89.17362589752972,-25.440774446313966,30.36330885452577
Daugintis2025,Measured,P0243,P0243,0,37,90,60,52.46159,25.5585,30.00000000000001,90.0,45.6720233538343,38.12809277960639,43.00390200412227
Daugintis2025,Measured,P0243,P0243,0,41,300,0,-91.25755,3.869486,-59.99999999999999,0.0,-85.93159136914704,107.97675304579404,31.47206973909374
Daugintis2025,Measured,P0243,P0243,0,43,270,30,-119.7093,28.63492,-60.00000000000001,90.0,-49.669110918669475,132.22931501994827,25.86801115763024
Daugintis2025,Measured,P0243,P0243,0,46,90,-30,121.7344,-21.62527,60.00000000000001,-90.0,52.24466111708104,217.0057057790937,29.66023770500521
Daugintis2025,Measured,P0243,P0243,0,47,180,60,-10.50386,89.46573,0.0,120.0,-0.097397000308718,89.47468245504206,30.52545793953135
Daugintis2025,Measured,P0243,P0243,0,51,270,60,179.105,72.46796,-30.00000000000001,90.0,0.2695990021158729,107.53003209307434,34.56888048147886
Daugintis2025,Measured,P0243,P0243,0,53,135,-30,131.3359,-22.65024,37.761243907035045,219.23152048359225,43.86325038321181,212.28485933462375,8.048472832340163
Daugintis2025,Measured,P0243,P0243,0,60,225,-30,-130.1965,-20.93075,-37.76124390703504,219.23152048359225,-45.51485557407336,210.65146602666596,10.049436402382495
Daugintis2025,Measured,P0243,P0243,0,69,150,0,137.8423,-22.29762,29.999999999999996,180.0,38.38823269907709,208.9510154878826,25.247441466311223
Daugintis2025,Measured,P0243,P0243,0,72,180,-30,-178.0865,-24.91975,0.0,210.0,-1.735293617053432,204.9319641541531,5.356152842669842
Daugintis2025,Measured,P0243,P0243,0,73,90,0,90.0126,-14.98663,90.0,0.0,75.01336482462922,269.95293224038255,14.986635175370786
Daugintis2025,Measured,P0243,P0243,0,76,45,30,53.02019,1.016448,37.76124390703504,39.23152048359225,53.008218457819694,1.6894485694531485,29.969716693226616
Daugintis2025,Measured,P0243,P0243,0,78,0,-30,-0.2980514,-36.96195,0.0,-30.0,-0.2381531114477167,-36.96232245885206,6.966374343180357
Daugintis2025,Measured,P0243,P0243,0,81,240,0,-118.2071,0.2414744,-59.99999999999997,180.0,-61.791951297590984,179.48912654929205,1.8090829893740048
Daugintis2025,Measured,P0243,P0243,0,82,315,-30,-57.67462,27.00703,-37.76124390703505,-39.23152048359226,-48.84010272284124,43.6262098762042,58.28233168932485
Daugintis2025,Measured,P0243,P0243,0,86,180,30,-179.831,-0.2112177,0.0,150.00000000000003,-0.1689988516538315,180.2112186188108,30.21164665732379
Daugintis2025,Measured,P0243,P0243,0,88,0,90,-179.148,33.84802,0.0,90.0,-0.7075931958801825,146.14904944715485,56.15198000000001
Daugintis2025,Measured,P0243,P0243,0,92,225,30,-91.25207,41.59949,-37.76124390703504,140.76847951640778,-48.38510385872462,91.40986879777232,36.889819723833526
Daugintis2025,Measured,P0243,P0243,0,95,315,30,-56.83853,33.46938,-37.76124390703505,39.23152048359225,-44.29234197369611,50.396058406742384,10.641727721991384
Daugintis2025,Measured,P0243,P0243,0,97,120,0,92.64375,-0.7356848,60.00000000000002,180.0,87.25586771150677,195.55652619931985,27.365377387005932
Daugintis2025,Measured,P0243,P0243,0,98,135,30,92.43493,-28.20523,37.761243907035045,140.76847951640775,61.69846319908376,265.47069473871153,70.98692152221008
Daugintis2025,Measured,P0243,P0243,1,0,180,0,-179.1063,-24.71856,0.0,180.0,-0.8118069869697349,204.7212077298418,24.73369622972017
Daugintis2025,Measured,P0243,P0243,1,3,90,-30,91.24545,-20.63765,60.00000000000001,-90.0,69.32644027751718,266.6970576076187,9.42954546628979
Daugintis2025,Measured,P0243,P0243,1,4,270,30,-89.16944,31.05404,-60.00000000000001,90.0,-58.93596419515985,88.62097920590014,1.2738983314211114
Daugintis2025,Measured,P0243,P0243,1,6,135,-30,134.4682,-27.18447,37.761243907035045,219.23152048359225,39.40596218081297,216.24734037414828,2.8539734150041256
Daugintis2025,Measured,P0243,P0243,1,10,0,60,1.050157,25.83974,0.0,60.0,0.9451487637357104,25.84351568547521,34.16797194632401
Daugintis2025,Measured,P0243,P0243,1,14,225,30,-63.52031,33.48271,-37.76124390703504,140.76847951640778,-48.292747494313936,56.01632995165329,59.65019519736504
Daugintis2025,Measured,P0243,P0243,1,16,45,-30,88.51857,-30.49667,37.76124390703504,-39.23152048359225,59.47082983089458,-87.48659035278078,37.357469798900695
Daugintis2025,Measured,P0243,P0243,1,18,300,0,-60.78903,24.14686,-59.99999999999999,0.0,-52.7930024595368,42.570715038587565,24.1589758255117
Daugintis2025,Measured,P0243,P0243,1,19,45,30,55.50062,0.382573,37.76124390703504,39.23152048359225,55.49876159699322,0.6754286270354157,31.257760966891
Daugintis2025,Measured,P0243,P0243,1,22,120,0,115.3976,0.09065409,60.00000000000002,180.0,64.60224894844849,179.7886352848559,4.603290805576691
Daugintis2025,Measured,P0243,P0243,1,23,270,60,-7.633809,-29.79773,-30.00000000000001,90.0,-6.619641083671091,-30.018179580960823,111.88367873934016
Daugintis2025,Measured,P0243,P0243,1,25,0,0,24.23041,2.477887,0.0,0.0,24.206301618554587,2.7169291715040345,24.34917201372135
Daugintis2025,Measured,P0243,P0243,1,27,30,0,54.67491,0.7835966,29.999999999999996,0.0,54.66734995110212,1.3550312766532926,24.686570611794092
Daugintis2025,Measured,P0243,P0243,1,28,240,0,-116.3891,1.075746,-59.99999999999997,180.0,-63.59055439262949,177.58083634721277,3.7675317830248463
Daugintis2025,Measured,P0243,P0243,1,31,135,30,90.26948,-29.3745,37.761243907035045,140.76847951640775,60.62437417074667,269.52126487697666,73.08893011640937
Daugintis2025,Measured,P0243,P0243,1,32,330,0,-21.87834,0.2007689,-30.00000000000003,0.0,-21.87819875006306,0.2163509721878682,8.124124505075788
Daugintis2025,Measured,P0243,P0243,1,37,315,30,-43.32433,38.31903,-37.76124390703505,39.23152048359225,-32.56902390866684,47.369732904008,8.433312888271125
Daugintis2025,Measured,P0243,P0243,1,43,0,30,15.36346,-1.309404,0.0,30.0,15.35934921429522,-1.3579123829517812,34.569973926273285
Daugintis2025,Measured,P0243,P0243,1,45,150,0,137.5474,-20.76105,29.999999999999996,180.0,39.13512684851275,207.19327155875223,24.067006061824536
Daugintis2025,Measured,P0243,P0243,1,47,90,60,48.21131,0.5848376,30.00000000000001,90.0,48.20797047342653,0.8775886447390633,67.56568541116422
Daugintis2025,Measured,P0243,P0243,1,48,90,0,90.38538,-23.09735,90.0,0.0,66.89961123651999,269.09645514680284,23.100388763480012
Daugintis2025,Measured,P0243,P0243,1,54,225,-30,-145.3162,-22.44914,-37.76124390703504,219.23152048359225,-31.73046834039288,206.6776212157288,11.933087270947215
Daugintis2025,Measured,P0243,P0243,1,58,180,60,1.31045,-28.23701,0.0,120.0,1.1544813282623991,-28.243257463211307,148.22447234995
Daugintis2025,Measured,P0243,P0243,1,62,180,-30,-179.7602,-38.01657,0.0,210.0,-0.1889220652206962,218.0168134916836,8.019024684135736
Daugintis2025,Measured,P0243,P0243,1,65,0,90,140.7721,28.53776,0.0,90.0,33.750034813869526,144.93043096842598,61.46224000000001
Daugintis2025,Measured,P0243,P0243,1,68,60,0,90.9618,0.1341704,59.99999999999999,0.0,89.02888762477792,172.058147066652,30.96206184320848
Daugintis2025,Measured,P0243,P0243,1,69,270,0,-116.7544,1.096822,-90.0,0.0,-63.22478383604652,177.56469200305003,26.775216163953484
Daugintis2025,Measured,P0243,P0243,1,74,315,-30,-33.22586,-33.02521,-37.76124390703505,-39.23152048359226,-27.349074564368586,-37.84975002595822,10.476705956622636
Daugintis2025,Measured,P0243,P0243,1,80,0,-30,162.7866,-0.6132555,0.0,-30.0,17.212383242039206,180.64200938052383,145.26905602601025
Daugintis2025,Measured,P0243,P0243,1,85,270,-30,-91.49864,-24.69778,-60.00000000000001,-90.0,-65.259640401597,266.74526735067286,5.4665476543335565
Daugintis2025,Measured,P0243,P0243,1,88,210,0,-139.971,2.181129,-30.00000000000001,180.0,-39.994141667652855,177.15249809499005,10.261065952555692
Daugintis2025,Measured,P0243,P0243,1,90,180,30,-179.087,0.3064671,0.0,150.00000000000003,-0.9129869383224536,179.6934939876178,29.706247367795097
Daugintis2025,Measured,P0243,P0243,1,96,90,30,71.45755,0.5289715,60.00000000000001,90.0,71.45027155717071,1.6629749917628374,34.34558894679273
Daugintis2025,Measured,P0243,P0243,2,0,180,30,0.7143636,-34.24681,0.0,150.00000000000003,0.5905031669795086,-34.248881725920846,175.71035543592043
Daugintis2025,Measured,P0243,P0243,2,3,225,-30,-131.9079,-26.45266,-37.76124390703504,219.23152048359225,-41.78226640372441,216.68272894536932,4.472268784114978
Daugintis2025,Measured,P0243,P0243,2,6,180,60,47.89418,88.28075,0.0,120.0,1.2754388066496931,88.84704900498957,31.17642598585319
Daugintis2025,Measured,P0243,P0243,2,7,0,-30,146.4301,-0.2462884,0.0,-30.0,33.569548708836294,180.2955883703301,136.00716753019594
Daugintis2025,Measured,P0243,P0243,2,11,45,-30,92.93073,-46.65781,37.76124390703504,-39.23152048359225,43.27150851402643,267.2374910435049,40.368121078099406
Daugintis2025,Measured,P0243,P0243,2,15,90,-30,138.6751,-42.29171,60.00000000000001,-90.0,29.239641011643197,230.45851647353948,40.58210411384367
Daugintis2025,Measured,P0243,P0243,2,19,330,0,-22.14116,1.456562,-30.00000000000003,0.0,-22.133627265994377,1.5724667103639831,7.991846902791309
Daugintis2025,Measured,P0243,P0243,2,28,135,30,132.0842,23.87695,37.761243907035045,140.76847951640775,42.737791000389656,146.55665647958585,6.651089402663171
Daugintis2025,Measured,P0243,P0243,2,29,315,30,-42.35942,30.23325,-37.76124390703505,39.23152048359225,-35.60074938730501,38.2625966523982,2.2959420481070385
Daugintis2025,Measured,P0243,P0243,2,30,45,30,47.7368,0.4306931,37.76124390703504,39.23152048359225,47.73501874478867,0.640385689307621,29.68378949699711
Daugintis2025,Measured,P0243,P0243,2,31,0,30,13.94888,0.3443497,0.0,30.0,13.948622982436254,0.3548124424324328,32.49085836967539
Daugintis2025,Measured,P0243,P0243,2,32,90,60,59.39125,25.31254,30.00000000000001,90.0,51.08065070391248,42.88870675359911,40.59838621140477
Daugintis2025,Measured,P0243,P0243,2,39,300,0,-58.17537,24.14462,-59.99999999999999,0.0,-50.8353078386532,40.366656447325056,24.20934720252087
Daugintis2025,Measured,P0243,P0243,2,40,0,0,16.14537,0.6921035,0.0,0.0,16.14415990014935,0.7205184604367076,16.159803010363333
Daugintis2025,Measured,P0243,P0243,2,42,270,0,-87.90781,-0.3134116,-90.0,0.0,-87.8844759124645,-8.521549042821619,2.1155240875355026
Daugintis2025,Measured,P0243,P0243,2,44,270,30,-89.69279,-25.29806,-60.00000000000001,90.0,-64.70019756131414,-89.35006625385913,55.29884437349136
Daugintis2025,Measured,P0243,P0243,2,50,0,60,16.93152,28.56297,0.0,60.0,14.820029653486934,29.64185465034889,33.46961010895676
Daugintis2025,Measured,P0243,P0243,2,52,60,0,90.54074,2.201404,59.99999999999999,0.0,87.73318826969759,103.79384321777412,30.61233448312628
Daugintis2025,Measured,P0243,P0243,2,53,150,0,142.0449,0.8577499,29.999999999999996,180.0,37.95009211904541,178.91221489288216,8.000913515649312
Daugintis2025,Measured,P0243,P0243,2,55,0,90,-0.3533245,23.06621,0.0,90.0,-0.3250768498981694,23.066602709705947,66.93379
Daugintis2025,Measured,P0243,P0243,2,57,30,0,46.22717,0.1266688,29.999999999999996,0.0,46.22702385121936,0.1830997725268872,16.22765108944777
Daugintis2025,Measured,P0243,P0243,2,58,90,30,74.7274,-0.1557664,60.00000000000001,90.0,74.72662458604071,-0.5913223458388472,33.480043835710816
Daugintis2025,Measured,P0243,P0243,2,74,315,-30,-38.12737,-33.3841,-37.76124390703505,-39.23152048359226,-31.033499563925343,-39.95341965340372,6.753989964597646
Daugintis2025,Measured,P0243,P0243,2,75,270,-30,-89.80592,-40.25801,-60.00000000000001,-90.0,-49.741601827602445,-89.77081008675307,10.259229835252258
Daugintis2025,Measured,P0243,P0243,2,81,270,60,-140.3408,31.87833,-30.00000000000001,90.0,-32.817030361804605,141.06726705451393,43.25242811738898
Daugintis2025,Measured,P0243,P0243,2,84,120,0,93.31955,0.5542608,60.00000000000002,180.0,86.63454706976722,170.51534425049005,26.68578431431533
Daugintis2025,Measured,P0243,P0243,2,86,90,0,89.83233,-38.47391,90.0,0.0,51.525781285459416,-89.78901404378061,38.47421871454059
Daugintis2025,Measured,P0243,P0243,2,87,180,-30,-179.315,-32.30706,0.0,210.0,-0.5789553090874603,212.30890975964724,2.38035124831974
Daugintis2025,Measured,P0243,P0243,2,88,135,-30,137.1283,-40.30175,37.761243907035045,219.23152048359225,31.256805036503625,229.16879241598065,10.44671415130716
Daugintis2025,Measured,P0243,P0243,2,89,210,0,-141.3995,1.248665,-30.00000000000001,180.0,-38.589639310405914,178.4024119712126,8.689996323747097
Daugintis2025,Measured,P0243,P0243,2,93,240,0,-119.2426,1.129346,-59.99999999999997,180.0,-60.73752644646192,177.68912997557652,1.359780443159489
Daugintis2025,Measured,P0243,P0243,2,95,180,0,-179.3694,1.019716,0.0,180.0,-0.6305001281161293,178.98022224926854,1.1989308127982472
Daugintis2025,Measured,P0243,P0243,2,97,225,30,-132.5378,40.9187,-37.76124390703504,140.76847951640778,-33.833344836311575,127.9531440047188,11.099963438052589
Daugintis2025,Measured,P0244,P0244,0,3,90,-30,123.312,-27.39779,60.00000000000001,-90.0,47.898250072390354,223.34218420113007,29.233701755131012
Daugintis2025,Measured,P0244,P0244,0,6,0,60,50.3703,31.62927,0.0,60.0,40.97875331351475,43.99859253078597,43.472713717930674
Daugintis2025,Measured,P0244,P0244,0,8,30,0,75.13744,0.1398823,29.999999999999996,0.0,75.13679657848505,0.5453320373294872,45.13760993720931
Daugintis2025,Measured,P0244,P0244,0,13,225,-30,-135.7684,-0.1582588,-37.76124390703504,219.23152048359225,-44.231387219459194,180.22086905372151,29.8507072199569
Daugintis2025,Measured,P0244,P0244,0,24,0,-30,51.40185,-30.85957,0.0,-30.0,42.13622669722435,-43.76528580593518,43.92459357761665
Daugintis2025,Measured,P0244,P0244,0,27,300,0,-55.51684,-0.2960753,-59.99999999999999,0.0,-55.5157262600765,-0.5229398528712039,4.492906097076684
Daugintis2025,Measured,P0244,P0244,0,29,180,60,175.2048,54.47482,0.0,120.0,2.7841461536091816,125.43023069991207,6.100463000898789
Daugintis2025,Measured,P0244,P0244,0,31,180,-30,154.3992,0.1545051,0.0,210.0,25.600700185835592,179.82867545456048,38.77113854073055
Daugintis2025,Measured,P0244,P0244,0,33,90,0,90.36722,0.3189811,90.0,0.0,89.51358651607683,139.02070404359642,0.4864134839231672
Daugintis2025,Measured,P0244,P0244,0,34,210,0,-178.6627,-18.88737,-30.00000000000001,180.0,-1.2652833660013636,198.89215089190583,33.87933709627354
Daugintis2025,Measured,P0244,P0244,0,35,135,30,150.9747,0.8802673,37.761243907035045,140.76847951640775,29.02154798827545,178.9933206830312,32.842389970798365
Daugintis2025,Measured,P0244,P0244,0,39,0,0,30.04975,-0.1557664,0.0,0.0,30.049627508991623,-0.1799536787642495,30.05011600116175
Daugintis2025,Measured,P0244,P0244,0,42,90,60,66.69478,36.97707,30.00000000000001,90.0,47.19716546389404,62.28009222820509,27.40709574466628
Daugintis2025,Measured,P0244,P0244,0,44,270,30,-90.47647,35.95487,-60.00000000000001,90.0,-54.042398757684865,90.656855800958,5.968242096602934
Daugintis2025,Measured,P0244,P0244,0,45,135,-30,129.0317,-23.52921,37.761243907035045,219.23152048359225,45.415185191416505,214.6605588067164,8.379118634598676
Daugintis2025,Measured,P0244,P0244,0,47,315,30,132.6594,-33.5121,-37.76124390703505,39.23152048359225,37.81759662901337,224.3393571059825,175.96354847685
Daugintis2025,Measured,P0244,P0244,0,48,225,30,150.9654,-32.52176,-37.76124390703504,140.76847951640778,24.156511371770723,216.1014656348442,93.89668103066418
Daugintis2025,Measured,P0244,P0244,0,50,315,-30,0.0,-12.51897,-37.76124390703505,-39.23152048359226,0.0,-12.518969999999996,45.0738918020198
Daugintis2025,Measured,P0244,P0244,0,58,45,30,110.7029,-0.03956468,37.76124390703504,39.23152048359225,69.29706385442573,180.11191556582514,69.14546478965285
Daugintis2025,Measured,P0244,P0244,0,59,0,90,133.9594,-30.1862,0.0,90.0,38.47841265905998,219.9627691693048,120.1862
Daugintis2025,Measured,P0244,P0244,0,60,150,0,136.7611,-25.06599,29.999999999999996,180.0,38.35447750602586,212.70108777270792,28.14616974769794
Daugintis2025,Measured,P0244,P0244,0,65,45,-30,90.15073,-20.29186,37.76124390703504,-39.23152048359225,69.70760379216323,269.59235323196566,41.73293094228153
Daugintis2025,Measured,P0244,P0244,0,67,240,0,-126.3865,0.8322775,-59.99999999999997,180.0,-53.605297894857,178.59722060379613,6.4402792562466855
Daugintis2025,Measured,P0244,P0244,0,68,120,0,119.2432,-0.5059038,60.00000000000002,180.0,60.75281098703153,181.03550367982393,0.91031313853774
Daugintis2025,Measured,P0244,P0244,0,69,90,30,89.98702,10.55025,60.00000000000001,90.0,79.44974210578717,89.93030739288656,19.449753759278867
Daugintis2025,Measured,P0244,P0244,0,71,180,0,178.3006,-10.53235,0.0,180.0,1.6707600798994378,190.53688070753236,10.667040457785124
Daugintis2025,Measured,P0244,P0244,0,73,270,60,-43.98503,32.46293,-30.00000000000001,90.0,-35.8702511057845,41.48134172916323,40.727760700767696
Daugintis2025,Measured,P0244,P0244,0,74,180,30,150.3411,26.45466,0.0,150.00000000000003,26.296717273907714,150.20394339644645,26.29745177666446
Daugintis2025,Measured,P0244,P0244,0,85,270,0,137.9392,-24.05567,-90.0,0.0,37.71515217148317,211.01665907172423,127.71515217148313
Daugintis2025,Measured,P0244,P0244,0,86,330,0,105.4534,-38.72064,-30.00000000000003,0.0,48.76381323818101,251.6160714512256,123.78214990738682
Daugintis2025,Measured,P0244,P0244,0,88,60,0,89.84987,-0.02797646,59.99999999999999,0.0,89.84728556904179,-10.555904375288335,29.84988190215076
Daugintis2025,Measured,P0244,P0244,0,89,270,-30,-43.09663,-36.48547,-60.00000000000001,-90.0,-33.320568753532726,-45.3651169719258,39.37260390062315
Daugintis2025,Measured,P0244,P0244,0,96,0,30,133.0697,-17.1891,0.0,30.0,44.25831369918741,204.37019184672465,135.45878626623522
Daugintis2025,Measured,P0244,P0244,1,1,90,60,112.5659,-14.60269,30.00000000000001,90.0,63.33034564172729,214.1731553672172,76.79317709896503
Daugintis2025,Measured,P0244,P0244,1,8,45,30,90.40224,-0.4873863,37.76124390703504,39.23152048359225,89.36806762986319,230.46804610211927,52.85867621079327
Daugintis2025,Measured,P0244,P0244,1,9,60,0,116.0431,0.82377,59.99999999999999,0.0,63.94478432996044,178.12427327604394,56.047087715648274
Daugintis2025,Measured,P0244,P0244,1,11,0,-30,121.1947,-24.53288,0.0,-30.0,51.09499156676445,221.3867396642024,101.56351557462148
Daugintis2025,Measured,P0244,P0244,1,12,225,-30,124.5635,-42.93621,-37.76124390703504,219.23152048359225,37.077388471776366,238.62787548927287,76.9535801967891
Daugintis2025,Measured,P0244,P0244,1,15,180,0,121.2277,-29.43632,0.0,180.0,48.135108893269155,227.42564482352077,63.15932503736947
Daugintis2025,Measured,P0244,P0244,1,22,315,-30,-20.12218,0.249446,-37.76124390703505,-39.23152048359226,-20.12198105198317,0.2656614594055355,38.41968667288238
Daugintis2025,Measured,P0244,P0244,1,28,270,-30,-90.42941,-11.08285,-60.00000000000001,-90.0,-78.90893821337868,267.8088951225635,18.92136777952196
Daugintis2025,Measured,P0244,P0244,1,30,300,0,-48.09547,-0.1027921,-59.99999999999999,0.0,-48.095367249394094,-0.1539052050534337,11.904967377125878
Daugintis2025,Measured,P0244,P0244,1,32,270,0,-54.35371,21.62402,-90.0,0.0,-49.06374037992596,34.22395983328235,40.93625962007405
Daugintis2025,Measured,P0244,P0244,1,33,0,30,49.28492,25.13133,0.0,30.0,43.33095441506752,35.72186679904448,43.63272011927824
Daugintis2025,Measured,P0244,P0244,1,35,315,30,-37.96671,18.86823,-37.76124390703505,39.23152048359225,-35.60158414908066,23.43670024434607,12.833604141045711
Daugintis2025,Measured,P0244,P0244,1,39,120,0,142.5158,-28.60681,60.00000000000002,180.0,32.29343132918515,214.49999501558045,35.805736129401815
Daugintis2025,Measured,P0244,P0244,1,47,135,-30,131.2519,-38.721,37.761243907035045,219.23152048359225,35.91392817124886,230.56573443642253,9.251137372324363
Daugintis2025,Measured,P0244,P0244,1,49,270,30,145.4672,-33.3779,-60.00000000000001,90.0,28.253739483154032,218.65063775082285,133.238437365156
Daugintis2025,Measured,P0244,P0244,1,51,210,0,119.1249,-18.39986,-30.00000000000001,180.0,55.98606520616143,214.35126369221183,90.83035885592513
Daugintis2025,Measured,P0244,P0244,1,53,90,30,90.84325,0.4329587,60.00000000000001,90.0,89.05210218707123,152.82091591721195,29.57792964712384
Daugintis2025,Measured,P0244,P0244,1,54,150,0,120.9543,-29.19067,29.999999999999996,180.0,48.4750183630063,227.3648337117163,40.25230299135391
Daugintis2025,Measured,P0244,P0244,1,56,225,30,120.5771,-13.84092,-37.76124390703504,140.76847951640778,56.714546296824516,205.84262566266943,109.21155820380784
Daugintis2025,Measured,P0244,P0244,1,59,240,0,119.771,-34.99635,-59.99999999999997,180.0,45.32200115666735,234.65492700282863,114.35735496880557
Daugintis2025,Measured,P0244,P0244,1,61,180,-30,129.4174,-29.84772,0.0,210.0,42.07201996785682,222.10382144213497,43.46446106918667
Daugintis2025,Measured,P0244,P0244,1,65,330,0,123.4438,-17.32515,-30.00000000000003,0.0,52.80370418609912,209.5109385344689,148.6398684292983
Daugintis2025,Measured,P0244,P0244,1,68,0,90,111.7475,0.2373883,0.0,90.0,68.25126723623987,179.3593281227786,89.7626117
Daugintis2025,Measured,P0244,P0244,1,70,135,30,133.6252,-10.03194,37.761243907035045,140.76847951640775,45.463280752475285,194.3809778633722,40.05380202796552
Daugintis2025,Measured,P0244,P0244,1,74,180,30,125.2911,-11.53674,0.0,150.00000000000003,53.104978261941554,199.4590071956278,67.03161598292446
Daugintis2025,Measured,P0244,P0244,1,78,90,-30,100.3542,-22.21556,60.00000000000001,-90.0,65.60118866660352,246.24665312151305,12.1148937878591
Daugintis2025,Measured,P0244,P0244,1,80,180,60,117.9599,12.31569,0.0,120.0,59.64936031330361,155.03090765343825,65.55916581502021
Daugintis2025,Measured,P0244,P0244,1,81,30,0,109.8567,-0.7074825,29.999999999999996,0.0,70.13120877539166,182.08204845386808,79.8574814477031
Daugintis2025,Measured,P0244,P0244,1,82,270,60,127.3306,-11.40643,-30.00000000000001,90.0,51.209761992233155,198.40215671441717,124.124560850167
Daugintis2025,Measured,P0244,P0244,1,84,45,-30,89.83594,-24.49109,37.76124390703504,-39.23152048359225,65.5083943878438,-89.63986001504209,39.99112897619138
Daugintis2025,Measured,P0244,P0244,1,95,90,0,101.6929,-0.6003569,90.0,0.0,78.29191215156209,182.95977067562583,11.70808784843792
Daugintis2025,Measured,P0244,P0244,1,96,0,60,124.3431,-15.02064,0.0,60.0,52.888510987380485,205.4379858870834,119.79386942970464
Daugintis2025,Measured,P0244,P0244,1,98,0,0,124.3317,-19.14632,0.0,0.0,51.27039553555303,211.61635890102525,122.193872143068
Daugintis2025,Measured,P0244,P0244,2,0,270,60,90.73726,-11.78022,-30.00000000000001,90.0,78.19705737405563,266.46941202564267,131.77710663765615
Daugintis2025,Measured,P0244,P0244,2,3,180,0,42.9145,-0.2148914,0.0,180.0,42.914125337678655,-0.2934177423706643,137.0850665622231
Daugintis2025,Measured,P0244,P0244,2,5,240,0,-90.32608,-0.6129363,-59.99999999999997,180.0,-89.30572698591824,241.98821096125596,29.679673382587584
Daugintis2025,Measured,P0244,P0244,2,6,315,30,121.3131,-13.26059,-37.76124390703505,39.23152048359225,56.259390265916714,204.39185257384952,159.0172068823752
Daugintis2025,Measured,P0244,P0244,2,7,45,-30,89.96152,-10.76595,37.76124390703504,-39.23152048359225,79.23398204323823,-89.79762830328562,45.94118797137933
Daugintis2025,Measured,P0244,P0244,2,16,0,90,-0.5928131,69.45192,0.0,90.0,-0.2080701536278061,69.4529279336125,20.548079999999995
Daugintis2025,Measured,P0244,P0244,2,18,135,30,126.1909,18.38787,37.761243907035045,140.76847951640775,49.98251032044568,150.62183170791076,14.107842208030528
Daugintis2025,Measured,P0244,P0244,2,30,225,-30,-134.5292,-22.25584,-37.76124390703504,219.23152048359225,-41.283398901680386,210.26582818273585,7.755656799061387
Daugintis2025,Measured,P0244,P0244,2,31,135,-30,126.7539,-23.66481,37.761243907035045,219.23152048359225,47.20916234060045,216.21805615316492,9.703698990952772
Daugintis2025,Measured,P0244,P0244,2,33,180,30,1.279472,41.94009,0.0,150.00000000000003,0.9516923354139812,41.94719294981488,108.05023094480676
Daugintis2025,Measured,P0244,P0244,2,38,270,0,-66.81934,0.2074791,-90.0,0.0,-66.81846271619145,0.5270769296257072,23.18153728380858
Daugintis2025,Measured,P0244,P0244,2,40,150,0,145.8308,0.9187712,29.999999999999996,180.0,34.164199763123925,178.8895887986209,4.269060636490108
Daugintis2025,Measured,P0244,P0244,2,41,180,-30,175.8165,-20.41932,0.0,210.0,3.92020243557294,200.46935262234433,10.298503749316277
Daugintis2025,Measured,P0244,P0244,2,42,330,0,-29.47276,-23.84087,-30.00000000000003,0.0,-26.74543561201411,-26.91201242038683,23.846358897559448
Daugintis2025,Measured,P0244,P0244,2,45,90,0,118.207,-24.00902,90.0,0.0,53.61040789465762,223.30042112941516,36.38959210534239
Daugintis2025,Measured,P0244,P0244,2,52,210,0,-145.7297,0.5595313,-30.00000000000001,180.0,-34.26843839956237,179.32293125222077,4.306733965886081
Daugintis2025,Measured,P0244,P0244,2,54,90,60,90.13068,21.06496,30.00000000000001,90.0,68.93465308610428,90.33927852576028,38.93515064563313
Daugintis2025,Measured,P0244,P0244,2,58,300,0,-77.2446,27.56526,-59.99999999999999,0.0,-59.837886967811286,67.07380050438121,32.15246373991216
Daugintis2025,Measured,P0244,P0244,2,63,0,60,28.80641,20.96717,0.0,60.0,26.74023186071766,23.620934418993727,44.0273148959485
Daugintis2025,Measured,P0244,P0244,2,65,270,-30,-114.3906,-32.16423,-60.00000000000001,-90.0,-50.441475854507786,236.7082846773037,20.95566995233513
Daugintis2025,Measured,P0244,P0244,2,69,225,30,-130.8676,33.662,-37.76124390703504,140.76847951640778,-39.00745322228175,134.49461146125836,5.072105230127763
Daugintis2025,Measured,P0244,P0244,2,71,0,-30,21.8575,-25.30251,0.0,-30.0,19.668795274827904,-26.992864079702855,19.888345073022595
Daugintis2025,Measured,P0244,P0244,2,72,90,30,89.80619,-0.254109,60.00000000000001,90.0,89.68041674996597,-52.66731594818057,30.254672420816583
Daugintis2025,Measured,P0244,P0244,2,80,0,30,41.25198,25.93527,0.0,30.0,36.36774130211698,32.897991405507184,36.46712776117058
Daugintis2025,Measured,P0244,P0244,2,82,90,-30,90.44027,-19.54913,60.00000000000001,-90.0,70.44610676907988,268.76030145705084,10.458477699165568
Daugintis2025,Measured,P0244,P0244,2,83,120,0,119.9665,-1.031924,60.00000000000002,180.0,60.01738714846864,182.0652690206752,1.0324675638630556
Daugintis2025,Measured,P0244,P0244,2,85,270,30,-54.8926,26.38935,-60.00000000000001,90.0,-47.12395141973691,40.785737447544875,31.031781434321157
Daugintis2025,Measured,P0244,P0244,2,86,30,0,52.77314,-1.021442,29.999999999999996,0.0,52.76115838363947,-1.688101011402722,22.794817795017508
Daugintis2025,Measured,P0244,P0244,2,87,315,-30,-31.53727,-28.61011,-37.76124390703505,-39.23152048359226,-27.334691722472332,-32.61802973100588,11.814832588965572
Daugintis2025,Measured,P0244,P0244,2,89,45,30,67.28118,17.31698,37.76124390703504,39.23152048359225,61.71492293048594,38.91428691662446,23.954489355094843
Daugintis2025,Measured,P0244,P0244,2,91,180,60,-179.3676,25.68094,0.0,120.0,-0.5699301340425904,154.31769690000485,34.32184924658973
Daugintis2025,Measured,P0244,P0244,2,93,60,0,89.16293,0.5024107,59.99999999999999,0.0,89.0237394111555,30.97379371483524,29.166877082268034
Daugintis2025,Measured,P0244,P0244,2,98,0,0,17.80529,0.4182466,0.0,0.0,17.804799724460043,0.4392871780117104,17.810042516814985
Daugintis2025,Measured,P0250,P0250,0,2,330,0,179.883,0.3941611,-30.00000000000003,0.0,0.1169972314204192,179.60583807821678,150.1146406696592
Daugintis2025,Measured,P0250,P0250,0,3,135,30,138.6716,18.8615,37.761243907035045,140.76847951640775,38.67585625283161,155.53764509039797,11.626827090357912
Daugintis2025,Measured,P0250,P0250,0,9,315,30,-52.17852,13.67794,-37.76124390703505,39.23152048359225,-50.13198235454231,21.64695724611252,17.6169009577533
Daugintis2025,Measured,P0250,P0250,0,11,180,60,179.5459,30.22034,0.0,120.0,0.3923850325578848,149.77887734499507,29.781225328537307
Daugintis2025,Measured,P0250,P0250,0,13,180,0,-179.2229,22.1439,0.0,180.0,-0.7197780430996442,157.8542600002648,22.156845898099245
Daugintis2025,Measured,P0250,P0250,0,17,225,-30,-146.3143,-24.66191,-37.76124390703504,219.23152048359225,-30.26804451878792,208.8896361500764,11.37199121724811
Daugintis2025,Measured,P0250,P0250,0,23,180,30,-179.5693,61.88089,0.0,150.00000000000003,-0.2029900385098677,118.11843709383616,31.882141006596733
Daugintis2025,Measured,P0250,P0250,0,29,150,0,153.6643,4.922548,29.999999999999996,180.0,26.23113773424778,174.51067626249989,6.133963761488754
Daugintis2025,Measured,P0250,P0250,0,35,90,0,89.23883,0.4159008,90.0,0.0,89.13262288005535,28.65318073979796,0.8673771199446416
Daugintis2025,Measured,P0250,P0250,0,37,0,-30,3.849139,-74.93582,0.0,-30.0,0.9996929612190688,-74.9682612973263,44.97699136586117
Daugintis2025,Measured,P0250,P0250,0,38,0,60,32.43362,7.662139,0.0,60.0,32.10913243377829,9.056539586252768,57.74372661386517
Daugintis2025,Measured,P0250,P0250,0,44,300,0,-63.86525,-32.4239,-59.99999999999999,0.0,-49.2709495624513,-55.26055772865397,32.6285002237464
Daugintis2025,Measured,P0250,P0250,0,45,270,30,-122.1313,-17.39805,-60.00000000000001,90.0,-53.90967703149806,210.50427026161316,56.610908885373114
Daugintis2025,Measured,P0250,P0250,0,47,210,0,-128.749,24.9938,-30.00000000000001,180.0,-44.98008353719579,143.32136153678414,32.35774379803407
Daugintis2025,Measured,P0250,P0250,0,50,225,30,-91.33837,46.47514,-37.76124390703504,140.76847951640778,-43.5100158969046,91.27084576388802,37.4395735639577
Daugintis2025,Measured,P0250,P0250,0,53,45,30,134.4839,-17.09872,37.76124390703504,39.23152048359225,42.99328988796987,203.70178593661268,98.0220123108277
Daugintis2025,Measured,P0250,P0250,0,54,0,0,66.81936,-76.92963,0.0,0.0,11.99874916485033,-84.77845340883431,84.89283954485643
Daugintis2025,Measured,P0250,P0250,0,58,60,0,134.0681,-0.3871488,59.99999999999999,0.0,45.93054877984232,180.55662882983688,74.06847337539209
Daugintis2025,Measured,P0250,P0250,0,60,270,0,-124.8239,0.6561096,-90.0,0.0,-55.1707001291544,178.85116294674242,34.8292998708456
Daugintis2025,Measured,P0250,P0250,0,62,315,-30,-0.1356209,-28.20552,-37.76124390703505,-39.23152048359226,-0.1195169675022782,-28.205586854537135,38.990365870936614
Daugintis2025,Measured,P0250,P0250,0,64,120,0,90.2782,26.57606,60.00000000000002,180.0,63.42258988129713,90.55611318658492,39.04200876146184
Daugintis2025,Measured,P0250,P0250,0,68,0,30,145.9605,-35.53884,0.0,30.0,27.096617878211145,220.76206979768165,150.99546620594305
Daugintis2025,Measured,P0250,P0250,0,71,270,60,0.4311472,-0.8800449,-30.00000000000001,90.0,0.4310963419589328,-0.880069812805985,90.977704858377
Daugintis2025,Measured,P0250,P0250,0,73,180,-30,-5.829581,-85.95588,0.0,210.0,-0.410423498319805,-85.97672570205518,64.02399051145645
Daugintis2025,Measured,P0250,P0250,0,80,90,-30,91.20304,0.04423466,60.00000000000001,-90.0,88.79614716049548,177.89408118078018,30.06607345911863
Daugintis2025,Measured,P0250,P0250,0,83,45,-30,115.9359,-15.41328,37.76124390703504,-39.23152048359225,60.10498472262493,212.22547139097935,66.07237334798508
Daugintis2025,Measured,P0250,P0250,0,85,0,90,3.708293,-83.34914,0.0,90.0,0.4291946299986664,-83.36294075767208,173.34914000000006
Daugintis2025,Measured,P0250,P0250,0,87,270,-30,-135.3948,-33.42142,-60.00000000000001,-90.0,-35.880764016180144,222.82731294145856,38.46629610597316
Daugintis2025,Measured,P0250,P0250,0,89,240,0,-77.86982,11.93507,-59.99999999999997,180.0,-73.04575507305535,45.16839536377097,43.48199608030005
Daugintis2025,Measured,P0250,P0250,0,90,135,-30,141.8999,-13.13355,37.761243907035045,219.23152048359225,36.93420030167565,196.5150049713423,18.033521726059313
Daugintis2025,Measured,P0250,P0250,0,91,90,30,91.02368,33.0771,60.00000000000001,90.0,56.908862603709,91.57121711795376,3.1983361414606115
Daugintis2025,Measured,P0250,P0250,0,93,90,60,140.0093,44.34551,30.00000000000001,90.0,27.360832337466707,128.09130900210465,33.37021840356055
Daugintis2025,Measured,P0250,P0250,0,97,30,0,57.89384,-17.75252,29.999999999999996,0.0,53.77762260648591,-31.063307942023258,32.67666567636459
Daugintis2025,Measured,P0250,P0250,1,2,120,0,125.1553,-0.4977152,60.00000000000002,180.0,54.84163055253685,180.86435324438276,5.179205503081951
Daugintis2025,Measured,P0250,P0250,1,3,60,0,62.13259,-19.26299,59.99999999999999,0.0,56.56781123070088,-36.78348494756769,19.37622379447656
Daugintis2025,Measured,P0250,P0250,1,6,180,30,23.841,87.84848,0.0,150.00000000000003,0.8694732277449979,88.03191667590596,61.971595709388225
Daugintis2025,Measured,P0250,P0250,1,11,90,0,111.6395,19.6124,90.0,0.0,61.11559962315616,135.98270353944088,28.88440037684385
Daugintis2025,Measured,P0250,P0250,1,12,45,-30,132.3062,-27.51054,37.76124390703504,-39.23152048359225,40.99046025937961,217.7306740608929,74.51088240008046
Daugintis2025,Measured,P0250,P0250,1,19,135,30,149.3651,28.24398,37.761243907035045,140.76847951640775,26.67293673957753,148.0226804439441,12.662722463527087
Daugintis2025,Measured,P0250,P0250,1,26,180,60,-151.5149,20.07383,0.0,120.0,-26.612697243068173,157.4243228518758,44.76347634709934
Daugintis2025,Measured,P0250,P0250,1,30,270,30,-148.5387,-30.36752,-60.00000000000001,90.0,-26.763893837064995,214.4858089042391,82.11346096992433
Daugintis2025,Measured,P0250,P0250,1,31,270,-30,-135.5945,-45.15474,-60.00000000000001,-90.0,-29.567402820568255,234.60403301789304,38.5702158245785
Daugintis2025,Measured,P0250,P0250,1,33,135,-30,155.6445,0.2987072,37.761243907035045,219.23152048359225,24.355147521792407,179.67211277976833,36.11877936444569
Daugintis2025,Measured,P0250,P0250,1,41,315,-30,-131.7393,-51.49232,-37.76124390703505,-39.23152048359226,-27.683516809567102,242.0897831923016,65.0433843707569
Daugintis2025,Measured,P0250,P0250,1,42,0,60,146.8798,36.30088,0.0,60.0,26.1263451587504,138.74590241309429,79.90854011194176
Daugintis2025,Measured,P0250,P0250,1,43,180,-30,-164.2451,0.1769387,0.0,210.0,-15.754822922293464,179.81615464601015,33.701197603603525
Daugintis2025,Measured,P0250,P0250,1,46,330,0,-54.50343,33.84283,-30.00000000000003,0.0,-42.54798905872801,49.10842308124094,40.90778943180298
Daugintis2025,Measured,P0250,P0250,1,50,315,30,-155.5602,-40.50996,-37.76124390703505,39.23152048359225,-18.33433277335492,223.18200778906413,123.78142008209036
Daugintis2025,Measured,P0250,P0250,1,51,0,30,147.6944,-28.60699,0.0,30.0,27.981963005298557,212.8323448506116,151.88658401846914
Daugintis2025,Measured,P0250,P0250,1,52,30,0,105.4681,-27.55542,29.999999999999996,0.0,58.69920713176026,242.92743624519744,77.14669139755985
Daugintis2025,Measured,P0250,P0250,1,55,225,-30,-27.79501,-7.594219,-37.76124390703504,219.23152048359225,-27.53042342435948,-8.570829716885456,100.82662223310707
Daugintis2025,Measured,P0250,P0250,1,56,0,0,127.5327,-35.13508,0.0,0.0,40.429969715718066,229.11736421438368,119.88189524565873
Daugintis2025,Measured,P0250,P0250,1,60,270,0,-122.2418,12.02592,-90.0,0.0,-55.81642706549411,158.23266517664376,34.18357293450591
Daugintis2025,Measured,P0250,P0250,1,61,90,60,155.1625,25.34744,30.00000000000001,90.0,22.30937960922618,152.4356997786012,55.90583067939901
Daugintis2025,Measured,P0250,P0250,1,62,150,0,169.0423,37.70087,29.999999999999996,180.0,8.649954475437065,141.78785535752883,41.58970368394463
Daugintis2025,Measured,P0250,P0250,1,63,270,60,-152.5403,18.03952,-30.00000000000001,90.0,-26.00548379996824,159.84513602564135,60.82930018103861
Daugintis2025,Measured,P0250,P0250,1,70,210,0,-131.8338,34.0295,-30.00000000000001,180.0,-38.13284784397051,134.64630978842226,38.05294812538675
Daugintis2025,Measured,P0250,P0250,1,72,225,30,-125.663,40.48261,-37.76124390703504,140.76847951640778,-38.16729334984131,124.33481461844082,12.945618293918573
Daugintis2025,Measured,P0250,P0250,1,73,300,0,-148.202,-27.4536,-59.99999999999999,0.0,-27.877716809688692,211.43683361357455,88.40453837904316
Daugintis2025,Measured,P0250,P0250,1,76,90,30,121.2033,43.96276,60.00000000000001,90.0,38.000048816969574,118.2438902664997,28.32451816097237
Daugintis2025,Measured,P0250,P0250,1,77,0,90,-179.6523,33.91254,0.0,90.0,-0.2885522693967515,146.08697150654402,56.08746000000001
Daugintis2025,Measured,P0250,P0250,1,79,180,0,-0.05934703,-26.72709,0.0,180.0,-0.0530063229171886,-26.727102346305372,153.27284896053135
Daugintis2025,Measured,P0250,P0250,1,81,90,-30,122.3092,-28.02567,60.00000000000001,-90.0,48.25093901932904,224.8816347940101,28.231001029764577
Daugintis2025,Measured,P0250,P0250,1,85,45,30,120.6544,-17.69048,37.76124390703504,39.23152048359225,55.04261385614003,212.0293066844331,86.99110331329302
Daugintis2025,Measured,P0250,P0250,1,86,0,-30,44.1692,32.48003,0.0,-30.0,36.00022443741398,41.588594292116085,75.19574731295418
Daugintis2025,Measured,P0250,P0250,1,93,240,0,-126.4613,14.16437,-59.99999999999997,180.0,-51.2429213398544,156.99015149201838,15.541013128804993
Daugintis2025,Measured,P0250,P0250,2,0,225,30,-55.60156,40.72832,-37.76124390703504,140.76847951640778,-38.70365985384971,56.72902405083693,63.45000849103735
Daugintis2025,Measured,P0250,P0250,2,2,270,60,-47.62662,49.95353,-30.00000000000001,90.0,-28.380845725323827,60.47056954308249,25.75935464704789
Daugintis2025,Measured,P0250,P0250,2,4,0,0,66.49724,-0.02797646,0.0,0.0,66.49722429370885,-0.0701527637364023,66.49724297024301
Daugintis2025,Measured,P0250,P0250,2,5,90,60,104.6504,15.78654,30.00000000000001,90.0,68.59050261705545,131.8159493124751,45.484394562771726
Daugintis2025,Measured,P0250,P0250,2,6,90,-30,88.62636,-20.77415,60.00000000000001,-90.0,69.18248878241577,-86.38410167070472,9.30863952026043
Daugintis2025,Measured,P0250,P0250,2,14,270,-30,-98.69717,-0.2176059,-60.00000000000001,-90.0,-81.30012907642299,181.4387827069762,30.911693663349396
Daugintis2025,Measured,P0250,P0250,2,15,0,90,179.1334,40.44387,0.0,90.0,0.6595082715001807,139.55289436489736,49.55613000000002
Daugintis2025,Measured,P0250,P0250,2,20,330,0,-0.5414024,-14.40589,-30.00000000000003,0.0,-0.5243789211293703,-14.40650639641244,32.5061213670785
Daugintis2025,Measured,P0250,P0250,2,22,210,0,-124.4618,19.26984,-30.00000000000001,180.0,-51.106159912218025,148.29091284260574,31.597846612368105
Daugintis2025,Measured,P0250,P0250,2,26,120,0,135.6246,12.93421,60.00000000000002,180.0,42.969758704302755,162.18760738877108,20.18019534074597
Daugintis2025,Measured,P0250,P0250,2,28,225,-30,-134.6767,-34.50369,-37.76124390703504,219.23152048359225,-35.87354022254157,224.35186985017685,4.51197258438122
Daugintis2025,Measured,P0250,P0250,2,29,135,-30,129.9482,-19.63697,37.761243907035045,219.23152048359225,46.22307795387861,209.06086943875653,11.327844262261848
Daugintis2025,Measured,P0250,P0250,2,30,240,0,-69.67911,12.31212,-59.99999999999997,180.0,-66.37590744424556,32.14852186262543,51.40566237837566
Daugintis2025,Measured,P0250,P0250,2,32,45,30,114.8599,0.1440177,37.76124390703504,39.23152048359225,65.1397093557966,179.6574310610161,72.57584870654634
Daugintis2025,Measured,P0250,P0250,2,36,180,-30,-52.65107,-31.93027,0.0,210.0,-42.42874935094662,-45.76916049192763,100.45426773852276
Daugintis2025,Measured,P0250,P0250,2,40,180,0,-0.8755867,38.46093,0.0,180.0,-0.6856024901439727,38.46418855530263,141.53064829891278
Daugintis2025,Measured,P0250,P0250,2,41,30,0,52.15913,-20.79877,29.999999999999996,0.0,47.58292228048797,-31.764363659193528,30.027377676756767
Daugintis2025,Measured,P0250,P0250,2,46,315,30,-46.31594,-14.64544,-37.76124390703505,39.23152048359225,-44.39998259424706,-20.72473892010254,44.66345507958357
Daugintis2025,Measured,P0250,P0250,2,48,270,30,-44.36234,49.61086,-60.00000000000001,90.0,-26.94020216924845,58.69113183902786,39.35857067436812
Daugintis2025,Measured,P0250,P0250,2,53,0,30,128.9531,-0.03956468,0.0,30.0,51.04688310258062,180.0629325191221,123.01109898231265
Daugintis2025,Measured,P0250,P0250,2,54,0,60,37.39349,53.41595,0.0,60.0,21.21957218725998,59.47246477362802,21.22582614835286
Daugintis2025,Measured,P0250,P0250,2,55,300,0,-77.88089,-29.43325,-59.99999999999999,0.0,-58.37722964742997,-69.59043430201274,34.01817051142115
Daugintis2025,Measured,P0250,P0250,2,61,90,0,64.85973,15.89933,90.0,0.0,60.532965182456614,33.84115060290199,29.467034817543382
Daugintis2025,Measured,P0250,P0250,2,63,315,-30,-46.16145,33.69438,-37.76124390703505,-39.23152048359226,-36.87871311009678,43.91047606167527,63.70384131638156
Daugintis2025,Measured,P0250,P0250,2,65,180,60,178.3735,63.37134,0.0,120.0,0.728929297050193,116.61940997234632,3.4581946338454954
Daugintis2025,Measured,P0250,P0250,2,73,135,30,145.3077,33.13363,37.761243907035045,140.76847951640775,28.464947546656024,141.55532316998762,9.31951211342802
Daugintis2025,Measured,P0250,P0250,2,80,270,0,-62.82298,-17.5214,-90.0,0.0,-58.03008992513761,-34.65307492811242,31.969910074862412
Daugintis2025,Measured,P0250,P0250,2,82,45,-30,84.80022,41.6955,37.76124390703504,-39.23152048359225,48.04049883511492,84.19096747545532,80.5477660654557
Daugintis2025,Measured,P0250,P0250,2,84,90,30,136.4853,41.7471,60.00000000000001,90.0,30.91153837603545,129.09724813400803,38.93937975650677
Daugintis2025,Measured,P0250,P0250,2,86,60,0,65.07809,-23.58218,59.99999999999999,0.0,56.21670336608633,-46.01078664181509,24.092169322044057
Daugintis2025,Measured,P0250,P0250,2,89,0,-30,-25.50041,-1.384798,0.0,-30.0,-25.49242842206908,-1.5341945125586278,37.48484907524079
Daugintis2025,Measured,P0250,P0250,2,92,180,30,-1.423128,26.85671,0.0,150.00000000000003,-1.269601504055434,26.863834603613725,123.12698383988348
Daugintis2025,Measured,P0250,P0250,2,98,150,0,149.4031,29.68277,29.999999999999996,180.0,26.244639602151405,146.4879445769258,29.688224337455186
Daugintis2025,Measured,P0259,P0259,0,1,135,30,96.15741,11.87146,37.761243907035045,140.76847951640775,76.6470700256056,117.03277935060048,40.27466008953408
Daugintis2025,Measured,P0259,P0259,0,6,0,60,-0.3577275,31.94914,0.0,60.0,-0.3035377270669706,31.949641429638262,28.051867490678465
Daugintis2025,Measured,P0259,P0259,0,7,120,0,90.01993,-1.097714,60.00000000000002,180.0,88.90210511336653,268.9599843455937,29.998292265723045
Daugintis2025,Measured,P0259,P0259,0,8,45,-30,89.98034,-29.40097,37.76124390703504,-39.23152048359225,60.59902401415368,-89.96511050698321,38.81768533249597
Daugintis2025,Measured,P0259,P0259,0,13,225,30,-90.64491,28.33491,-37.76124390703504,140.76847951640778,-61.658359937743136,91.19578265505714,38.5239376120343
Daugintis2025,Measured,P0259,P0259,0,15,90,60,67.72506,27.39433,30.00000000000001,90.0,55.2457675856861,53.816711817641874,35.975229891035646
Daugintis2025,Measured,P0259,P0259,0,17,270,30,-87.1971,34.61066,-60.00000000000001,90.0,-55.29014224271326,85.94697566364397,5.183008451999531
Daugintis2025,Measured,P0259,P0259,0,19,225,-30,-131.4779,0.1266688,-37.76124390703504,219.23152048359225,-48.52194161466719,179.80875345672456,30.312877989330804
Daugintis2025,Measured,P0259,P0259,0,20,180,-30,160.561,-16.98926,0.0,210.0,18.55890262234132,197.95204432489123,22.01042967189972
Daugintis2025,Measured,P0259,P0259,0,22,330,0,-17.72568,28.18624,-30.00000000000003,0.0,-15.56647489083471,29.361900199272185,30.5406828601978
Daugintis2025,Measured,P0259,P0259,0,26,0,0,179.6731,13.04748,0.0,0.0,0.318460438360109,166.95231489918365,166.94849647254165
Daugintis2025,Measured,P0259,P0259,0,27,60,0,90.94942,-0.261696,59.99999999999999,0.0,89.01517673439847,195.4109912219485,30.950416619972422
Daugintis2025,Measured,P0259,P0259,0,30,180,0,167.8083,0.7540734,0.0,180.0,12.190627903577465,179.22852926479408,12.214645613053934
Daugintis2025,Measured,P0259,P0259,0,32,30,0,59.29031,0.5685511,29.999999999999996,0.0,59.28556127731967,1.1131999370949617,29.295338327516905
Daugintis2025,Measured,P0259,P0259,0,37,0,30,-0.3981127,39.22284,0.0,30.0,-0.3084139222675936,39.22351755213663,9.228627855361704
Daugintis2025,Measured,P0259,P0259,0,38,150,0,130.2024,-1.329721,29.999999999999996,180.0,49.77934676637669,182.0595014679608,19.84041798867167
Daugintis2025,Measured,P0259,P0259,0,43,270,60,-34.08154,57.788,-30.00000000000001,90.0,-17.380039767273363,62.44384216606693,28.105423008615993
Daugintis2025,Measured,P0259,P0259,0,45,300,0,-79.82629,33.48077,-59.99999999999999,0.0,-55.18068012375292,75.04763855757773,38.31337574315601
Daugintis2025,Measured,P0259,P0259,0,50,270,0,-76.14508,0.6516207,-90.0,0.0,-76.13006456311504,2.7192349569221363,13.869935436884983
Daugintis2025,Measured,P0259,P0259,0,55,90,30,89.80407,13.80619,60.00000000000001,90.0,76.19244681349164,89.20274080257903,16.194820194973133
Daugintis2025,Measured,P0259,P0259,0,56,0,90,1.464868,63.69657,0.0,90.0,0.649062591873027,63.70400884570006,26.30342999999999
Daugintis2025,Measured,P0259,P0259,0,57,45,30,73.75728,-0.4306931,37.76124390703504,39.23152048359225,73.75172459941385,-1.539459219973665,40.93662480298772
Daugintis2025,Measured,P0259,P0259,0,62,90,-30,91.32646,-31.11722,60.00000000000001,-90.0,58.85735432231314,267.80386799736834,1.5977372135899377
Daugintis2025,Measured,P0259,P0259,0,69,240,0,-116.1698,-0.7788376,-59.99999999999997,180.0,-63.819430126801024,181.76548988576928,3.908467241676501
Daugintis2025,Measured,P0259,P0259,0,70,315,-30,-155.43,-35.07756,-37.76124390703505,-39.23152048359226,-19.89418265165363,217.67320784720437,87.71042731886433
Daugintis2025,Measured,P0259,P0259,0,77,0,-30,87.62712,59.87091,0.0,-30.0,30.10058176516317,88.6235380185824,114.48471771724316
Daugintis2025,Measured,P0259,P0259,0,79,180,30,53.35906,58.58821,0.0,150.00000000000003,24.720650433131404,69.97543426232181,80.94682397391612
Daugintis2025,Measured,P0259,P0259,0,85,90,0,89.55882,-1.770783,90.0,0.0,88.17510267432488,-76.01433730408698,1.82489732567512
Daugintis2025,Measured,P0259,P0259,0,90,210,0,-140.3637,-1.887926,-30.00000000000001,180.0,-39.610542386433835,182.45089577033696,9.817783341910872
Daugintis2025,Measured,P0259,P0259,0,92,315,30,-56.5728,53.66729,-37.76124390703505,39.23152048359225,-29.634813257430228,67.94497537388293,25.11456129101187
Daugintis2025,Measured,P0259,P0259,0,93,270,-30,-65.25301,-29.75314,-60.00000000000001,-90.0,-52.04026533611351,-53.783712999977475,21.41756670550764
Daugintis2025,Measured,P0259,P0259,0,95,135,-30,118.7325,-33.1138,37.761243907035045,219.23152048359225,47.26144518451045,233.6084348341169,14.191231643296684
Daugintis2025,Measured,P0259,P0259,0,97,180,60,98.30954,87.85438,0.0,120.0,2.1230843521247427,90.31022906209095,29.758681023793052
Daugintis2025,Measured,P0259,P0259,1,17,135,-30,108.4148,-29.80341,37.761243907035045,219.23152048359225,55.41681448406411,241.12299511300895,22.994861090480978
Daugintis2025,Measured,P0259,P0259,1,18,0,60,27.73665,44.49932,0.0,60.0,19.387573425771148,47.99058222758307,22.683501323429756
Daugintis2025,Measured,P0259,P0259,1,19,0,-30,82.23615,81.90281,0.0,-30.0,8.022474044049424,88.89894172170867,118.58987388801684
Daugintis2025,Measured,P0259,P0259,1,21,60,0,89.61563,-0.6812752,59.99999999999999,0.0,89.21777929441254,-60.56999710677085,29.622754515318295
Daugintis2025,Measured,P0259,P0259,1,23,90,-30,89.74279,-22.72289,60.00000000000001,-90.0,67.27573144075701,-89.38583462935689,7.280749892838093
Daugintis2025,Measured,P0259,P0259,1,26,270,60,-82.10633,74.46259,-30.00000000000001,90.0,-15.38652431128911,87.8133385553343,14.750921538986605
Daugintis2025,Measured,P0259,P0259,1,27,270,-30,-65.94043,-29.1914,-60.00000000000001,-90.0,-52.85892441047993,-53.880806407250105,20.897895762373416
Daugintis2025,Measured,P0259,P0259,1,28,30,0,50.02313,0.3064671,29.999999999999996,0.0,50.0221524202784,0.4770012276537301,20.02537894872616
Daugintis2025,Measured,P0259,P0259,1,30,225,30,-92.06061,46.21865,-37.76124390703504,140.76847951640778,-43.745853682451546,91.97356021874144,36.90241923370546
Daugintis2025,Measured,P0259,P0259,1,31,270,30,-88.88205,38.02658,-60.00000000000001,90.0,-51.95947605312617,88.5708438833143,8.07968949979152
Daugintis2025,Measured,P0259,P0259,1,34,210,0,-145.7743,-0.8320423,-30.00000000000001,180.0,-34.22159047302478,181.0062732107266,4.306690049312209
Daugintis2025,Measured,P0259,P0259,1,36,180,30,54.42764,56.70115,0.0,150.00000000000003,26.52263657218316,69.08769819066976,81.87556123108929
Daugintis2025,Measured,P0259,P0259,1,39,0,0,22.91482,3.281277,0.0,0.0,22.875118664985266,3.5617099474097813,23.13601874680022
Daugintis2025,Measured,P0259,P0259,1,42,315,-30,-31.48527,-26.9168,-37.76124390703505,-39.23152048359226,-27.755412756477423,-30.767375069012033,12.266477663390804
Daugintis2025,Measured,P0259,P0259,1,49,135,30,127.8385,17.53002,37.761243907035045,140.76847951640775,48.856731794893086,152.75489741253764,14.077664957768302
Daugintis2025,Measured,P0259,P0259,1,53,225,-30,-131.5758,-31.93234,-37.76124390703504,219.23152048359225,-39.41065394356583,223.2026161184587,3.5146199219312746
Daugintis2025,Measured,P0259,P0259,1,55,0,30,23.99952,33.34871,0.0,30.0,19.86207717072245,35.767916109727224,20.650099795048003
Daugintis2025,Measured,P0259,P0259,1,56,270,0,-89.52721,9.325441,-90.0,0.0,-80.66268759763999,87.12331265096361,9.337312402360016
Daugintis2025,Measured,P0259,P0259,1,60,90,0,89.64412,-0.3871488,90.0,0.0,89.47413610104769,-47.41036819634555,0.5258638989523197
Daugintis2025,Measured,P0259,P0259,1,61,330,0,-22.00646,38.59451,-30.00000000000003,0.0,-17.029666398946365,40.723613941914664,39.28678982585278
Daugintis2025,Measured,P0259,P0259,1,68,300,0,-55.83086,16.98639,-59.99999999999999,0.0,-52.3060335638438,28.541465916343014,17.47589026274028
Daugintis2025,Measured,P0259,P0259,1,69,90,60,73.72712,32.91167,30.00000000000001,90.0,53.69502003078143,66.58984955567536,29.1333051216042
Daugintis2025,Measured,P0259,P0259,1,73,180,0,167.104,-9.336289,0.0,180.0,12.72228439278377,189.57345719221303,15.874305643139522
Daugintis2025,Measured,P0259,P0259,1,74,180,-30,178.7106,-26.56202,0.0,210.0,1.1532854565337387,206.5678238727894,3.620539873620307
Daugintis2025,Measured,P0259,P0259,1,75,45,30,84.40875,21.99565,37.76124390703504,39.23152048359225,67.33904947613799,76.4391284742394,36.12943118914005
Daugintis2025,Measured,P0259,P0259,1,79,90,30,88.5461,10.21871,60.00000000000001,90.0,79.67946716888011,81.98817218856306,19.827690357340607
Daugintis2025,Measured,P0259,P0259,1,80,240,0,-117.3636,-0.7346201,-59.99999999999997,180.0,-62.62730186718047,181.5979392613989,2.736766471413347
Daugintis2025,Measured,P0259,P0259,1,83,150,0,127.1439,0.4015385,29.999999999999996,180.0,52.85424258690879,179.33502076275545,22.8594377826672
Daugintis2025,Measured,P0259,P0259,1,84,0,90,3.561065,71.08807,0.0,90.0,1.153527435040361,71.12199759655957,18.911930000000005
Daugintis2025,Measured,P0259,P0259,1,85,180,60,88.56712,75.95701,0.0,120.0,14.038508768009514,89.64164275954897,33.16386542169951
Daugintis2025,Measured,P0259,P0259,1,89,45,-30,89.41411,-20.61352,37.76124390703504,-39.23152048359225,69.37851766057436,-88.44279169355217,40.97214664895812
Daugintis2025,Measured,P0259,P0259,1,96,120,0,89.97253,-0.2676108,60.00000000000002,180.0,89.73098301970073,-84.13921134923453,30.028551251354283
Daugintis2025,Measured,P0259,P0259,1,98,315,30,-89.22185,71.09989,-37.76124390703505,39.23152048359225,-18.898300862008167,89.73358814765618,47.61747154168337
Daugintis2025,Measured,P0259,P0259,2,2,60,0,89.69442,-0.5733491,59.99999999999999,0.0,89.35030375562638,-61.944463658869566,29.699450081522308
Daugintis2025,Measured,P0259,P0259,2,4,225,30,-88.80968,42.87899,-37.76124390703504,140.76847951640778,-47.1076966223147,88.71842677955368,38.780678159836896
Daugintis2025,Measured,P0259,P0259,2,9,0,60,0.4837596,56.50845,0.0,60.0,0.2669431128353032,56.50938983234636,3.50078988024902
Daugintis2025,Measured,P0259,P0259,2,11,30,0,62.68195,-0.7525149,29.999999999999996,0.0,62.672384684534734,-1.6393647358434862,32.68965192921271
Daugintis2025,Measured,P0259,P0259,2,13,120,0,109.5406,0.0656106,60.00000000000002,180.0,70.4592941554876,179.80384057285733,10.45960349085248
Daugintis2025,Measured,P0259,P0259,2,14,210,0,-150.8343,-8.983275,-30.00000000000001,180.0,-28.774218051530212,190.26158974409157,9.021616994122592
Daugintis2025,Measured,P0259,P0259,2,18,270,-30,-65.15054,-28.5588,-60.00000000000001,-90.0,-52.8452452219837,-52.328736153905794,21.68046203770857
Daugintis2025,Measured,P0259,P0259,2,25,150,0,134.1729,0.3588198,29.999999999999996,180.0,45.82594352938605,179.4850725109173,15.83106295981412
Daugintis2025,Measured,P0259,P0259,2,28,270,0,-77.91688,0.0,-90.0,0.0,-77.91688,0.0,12.083119999999996
Daugintis2025,Measured,P0259,P0259,2,30,0,30,0.2980514,43.13649,0.0,30.0,0.2174956869072042,43.13687679636598,13.138645458491208
Daugintis2025,Measured,P0259,P0259,2,32,90,30,90.04276,17.55696,60.00000000000001,90.0,72.44298956912462,90.13514849589993,12.443101143571283
Daugintis2025,Measured,P0259,P0259,2,33,180,0,-179.8381,-0.2349025,0.0,180.0,-0.1618986393469349,180.2349034377836,0.285290461891701
Daugintis2025,Measured,P0259,P0259,2,37,0,90,89.77846,69.07636,0.0,90.0,20.92347624455474,89.91529762130045,20.923640000000013
Daugintis2025,Measured,P0259,P0259,2,39,270,60,-89.0804,63.78821,-30.00000000000001,90.0,-26.20815693056782,89.54729448951463,3.8127980433811968
Daugintis2025,Measured,P0259,P0259,2,42,45,30,88.09258,23.93418,37.76124390703504,39.23152048359225,65.99439478900113,85.7114059069878,38.658867303211075
Daugintis2025,Measured,P0259,P0259,2,43,0,-30,-0.1480375,27.56243,0.0,-30.0,-0.1312362755826548,27.562508449004113,57.562603969368595
Daugintis2025,Measured,P0259,P0259,2,45,0,0,12.29727,11.88209,0.0,0.0,12.029794522572098,12.152914817555612,17.03602516028437
Daugintis2025,Measured,P0259,P0259,2,47,90,-30,90.92282,-28.86953,60.00000000000001,-90.0,61.11699393778883,268.32675944070735,1.387028971730935
Daugintis2025,Measured,P0259,P0259,2,52,240,0,-103.9917,0.04423466,-59.99999999999997,180.0,-76.00823147189452,179.81704742148492,16.0083595166016
Daugintis2025,Measured,P0259,P0259,2,53,330,0,-33.62122,28.99209,-30.00000000000003,0.0,-28.967535947913507,33.64166413221406,29.197867490001517
Daugintis2025,Measured,P0259,P0259,2,55,135,30,108.9233,18.87728,37.761243907035045,140.76847951640775,63.517967629537985,133.4840633055427,26.12936508509119
Daugintis2025,Measured,P0259,P0259,2,58,180,60,26.66664,86.66747,0.0,120.0,1.4949618185762923,87.02126547971716,33.00877750667425
Daugintis2025,Measured,P0259,P0259,2,60,270,30,-89.70942,33.53472,-60.00000000000001,90.0,-56.46416822485532,89.56156943905029,3.543336989462283
Daugintis2025,Measured,P0259,P0259,2,63,300,0,-89.19603,-0.7356848,-59.99999999999999,0.0,-88.91024573272243,-42.463044863037446,29.204481209956736
Daugintis2025,Measured,P0259,P0259,2,64,315,-30,-154.6434,-24.28708,-37.76124390703505,-39.23152048359226,-22.976209103828612,206.53541615728432,93.42300250364984
Daugintis2025,Measured,P0259,P0259,2,69,180,30,45.9968,76.69117,0.0,150.00000000000003,9.531097088299669,80.66783202767806,69.63023250536865
Daugintis2025,Measured,P0259,P0259,2,70,315,30,-59.1728,36.82399,-37.76124390703505,39.23152048359225,-43.42354081787713,55.611902374528626,13.635553218019972
Daugintis2025,Measured,P0259,P0259,2,72,225,-30,-140.9262,-34.67253,-37.76124390703504,219.23152048359225,-31.224085115108455,221.70142939263584,6.845978800339186
Daugintis2025,Measured,P0259,P0259,2,74,180,-30,179.7288,-16.95638,0.0,210.0,0.2594100576574787,196.9565590523627,13.045975578646065
Daugintis2025,Measured,P0259,P0259,2,78,90,0,89.80145,-0.5818186,90.0,0.0,89.38523693119467,-71.158041538752,0.6147630688053335
Daugintis2025,Measured,P0259,P0259,2,88,90,60,59.50858,24.31926,30.00000000000001,90.0,51.7430340526665,41.68972732003178,41.47298878170097
Daugintis2025,Measured,P0259,P0259,2,94,135,-30,92.86333,-31.9419,37.761243907035045,219.23152048359225,57.943549886883126,265.41905521602916,35.95393623100725
Daugintis2025,Measured,P0259,P0259,2,98,45,-30,62.50172,-21.83,37.76124390703504,-39.23152048359225,55.42835268629546,-40.944125815990574,17.704900661052026
Daugintis2025,Measured,P0261,P0261,0,3,0,60,79.77615,88.32908,0.0,60.0,1.6443814678093445,89.70333958895282,29.744674552258022
Daugintis2025,Measured,P0261,P0261,0,12,330,0,-37.49852,34.1197,-30.00000000000003,0.0,-30.26213017126873,40.49796476334549,34.83626744053674
Daugintis2025,Measured,P0261,P0261,0,19,0,30,-0.2914124,55.0977,0.0,30.0,-0.1667395126374428,55.098047758864965,25.09856573509448
Daugintis2025,Measured,P0261,P0261,0,24,0,0,-180.0,-17.61458,0.0,0.0,0.0,197.61458,162.38542
Daugintis2025,Measured,P0261,P0261,0,25,180,60,158.7762,0.0,0.0,120.0,21.223800000000026,180.0,62.21942246122725
Daugintis2025,Measured,P0261,P0261,0,26,90,60,135.6687,2.795124,30.00000000000001,90.0,44.26474527241223,176.09538884408937,66.96963464614713
Daugintis2025,Measured,P0261,P0261,0,27,270,0,-92.09388,30.5007,-90.0,0.0,-59.43441790772003,93.54926546920598,30.565582092279985
Daugintis2025,Measured,P0261,P0261,0,28,180,-30,-179.2691,-0.3763854,0.0,210.0,-0.7308842286004029,180.37641602600752,29.631781052967135
Daugintis2025,Measured,P0261,P0261,0,31,90,30,89.88706,1.393391,60.00000000000001,90.0,88.60204026962661,85.36698715328058,28.60681027770985
Daugintis2025,Measured,P0261,P0261,0,34,270,60,-45.27657,35.36408,-30.00000000000001,90.0,-35.40946469616302,45.24462446553616,37.72679468027491
Daugintis2025,Measured,P0261,P0261,0,37,0,-30,179.9287,-0.4414621,0.0,-30.0,0.0712978835929766,180.4414624418065,149.55846207212207
Daugintis2025,Measured,P0261,P0261,0,43,315,30,-38.82972,33.82597,-37.76124390703505,39.23152048359225,-31.391012785297335,40.70175425861322,6.483948487757957
Daugintis2025,Measured,P0261,P0261,0,46,210,0,-144.6436,30.29998,-30.00000000000001,180.0,-29.97441246613765,144.37851299070513,30.72543690319815
Daugintis2025,Measured,P0261,P0261,0,47,180,30,-177.9692,51.80303,0.0,150.00000000000003,-1.255616949346266,128.17947764657757,21.854857546637696
Daugintis2025,Measured,P0261,P0261,0,49,60,0,73.73016,0.3449174,59.99999999999999,0.0,73.72660310004945,1.2309634738238628,13.734408454494384
Daugintis2025,Measured,P0261,P0261,0,53,45,-30,136.3506,1.347846,37.76124390703504,-39.23152048359225,43.634279334565754,178.1375585059402,91.84340085028389
Daugintis2025,Measured,P0261,P0261,0,57,135,-30,131.5857,2.134692,37.761243907035045,219.23152048359225,48.369512249911736,176.78572815750994,32.2997808374563
Daugintis2025,Measured,P0261,P0261,0,58,225,-30,-54.80184,33.07565,-37.76124390703504,219.23152048359225,-43.21537324015855,48.49030156923206,98.58817209812962
Daugintis2025,Measured,P0261,P0261,0,59,270,-30,-63.80844,0.8816,-60.00000000000001,-90.0,-63.79465463308054,1.9967493888089365,39.70715693817079
Daugintis2025,Measured,P0261,P0261,0,60,90,-30,89.05569,-0.4449939,60.00000000000001,-90.0,88.95610200827221,-25.232997116915243,29.56866507268763
Daugintis2025,Measured,P0261,P0261,0,61,30,0,46.45394,0.2112177,29.999999999999996,0.0,46.45353040308026,0.3065831760654589,16.455258163825146
Daugintis2025,Measured,P0261,P0261,0,66,135,30,131.1657,-0.7758168,37.761243907035045,140.76847951640775,48.82829332174972,181.1785307453376,30.992176292005897
Daugintis2025,Measured,P0261,P0261,0,68,240,0,-91.12296,-0.0656106,-59.99999999999997,180.0,-88.87512517975684,183.34400438765647,28.87710811517894
Daugintis2025,Measured,P0261,P0261,0,75,90,0,88.88758,-0.3789758,90.0,0.0,88.82480517941204,-18.81414480679987,1.1751948205879488
Daugintis2025,Measured,P0261,P0261,0,77,180,0,173.7449,33.8882,0.0,180.0,5.18931158927887,145.95326834150595,34.392738697517295
Daugintis2025,Measured,P0261,P0261,0,80,45,30,49.55251,1.83355,37.76124390703504,39.23152048359225,49.51811065882677,2.8249513074060104,28.49615835959846
Daugintis2025,Measured,P0261,P0261,0,81,225,30,-137.6408,33.76,-37.76124390703504,140.76847951640778,-34.06681048176802,137.867923074464,4.37744674866058
Daugintis2025,Measured,P0261,P0261,0,83,120,0,112.4008,0.5464389,60.00000000000002,180.0,67.59287915234663,178.5663464151056,7.618706135557029
Daugintis2025,Measured,P0261,P0261,0,89,315,-30,-50.42524,29.23124,-37.76124390703505,-39.23152048359226,-42.27099010557171,41.29515035892652,59.45672264694412
Daugintis2025,Measured,P0261,P0261,0,92,270,30,-92.11621,-0.3716771,-60.00000000000001,90.0,-87.8514130673649,189.9638097704841,30.438540975928568
Daugintis2025,Measured,P0261,P0261,0,93,150,0,142.095,-0.3571801,29.999999999999996,180.0,37.90413315216189,180.452678706524,7.913014097179295
Daugintis2025,Measured,P0261,P0261,0,95,0,90,1.013557,50.30062,0.0,90.0,0.6473991640927577,50.30502608960691,39.69938
Daugintis2025,Measured,P0261,P0261,0,97,300,0,-63.54933,0.414487,-59.99999999999999,0.0,-63.54631668113595,0.9304727051214456,3.5734189658299766
Daugintis2025,Measured,P0261,P0261,1,2,90,30,132.0482,-29.09606,60.00000000000001,90.0,40.45661379612269,219.72333966039935,71.40950721408417
Daugintis2025,Measured,P0261,P0261,1,4,135,-30,133.6574,-0.2654082,37.761243907035045,219.23152048359225,46.34195578085391,180.3844544909224,29.762045308686123
Daugintis2025,Measured,P0261,P0261,1,5,180,0,179.9407,45.39959,0.0,180.0,0.0416379744153862,134.60039465790774,45.39962026207693
Daugintis2025,Measured,P0261,P0261,1,7,60,0,64.31651,-0.2093567,59.99999999999999,0.0,64.31571466856919,-0.4830478835430512,4.321574464695231
Daugintis2025,Measured,P0261,P0261,1,15,240,0,-85.30794,24.41379,-59.99999999999997,180.0,-65.16657102885506,79.78422433522775,41.521829572835784
Daugintis2025,Measured,P0261,P0261,1,25,90,-30,122.0471,-22.7468,60.00000000000001,-90.0,51.415304390907984,218.31420798215527,29.507572658004324
Daugintis2025,Measured,P0261,P0261,1,33,150,0,135.6673,1.770231,29.999999999999996,180.0,44.30599104891906,177.52592120145664,14.439333884510374
Daugintis2025,Measured,P0261,P0261,1,34,180,60,-168.069,88.16802,0.0,120.0,-0.3786700107093464,91.79243034017702,28.209902528926577
Daugintis2025,Measured,P0261,P0261,1,35,135,30,91.80993,28.065,37.761243907035045,140.76847951640775,61.881433628106784,93.39016053888368,37.589629173418714
Daugintis2025,Measured,P0261,P0261,1,39,210,0,159.1066,63.50347,-30.00000000000001,180.0,9.15514651071025,114.9726672653203,73.65551276945774
Daugintis2025,Measured,P0261,P0261,1,40,0,0,13.59054,0.6339648,0.0,0.0,13.589692108682858,0.652225731619481,13.605040341783472
Daugintis2025,Measured,P0261,P0261,1,44,270,60,-24.21606,27.03261,-30.00000000000001,90.0,-21.43009880603357,29.22584902567712,54.81002452624555
Daugintis2025,Measured,P0261,P0261,1,45,0,30,-0.1678588,1.079197,0.0,30.0,-0.1678290245238809,1.0792016303362004,28.92124325000717
Daugintis2025,Measured,P0261,P0261,1,47,270,0,-90.368,0.3339648,-90.0,0.0,-89.50305437524177,137.7753287094182,0.4969456247581881
Daugintis2025,Measured,P0261,P0261,1,48,180,30,90.96323,-2.498732,0.0,150.00000000000003,87.32214911833015,248.93207028031804,90.41562440591674
Daugintis2025,Measured,P0261,P0261,1,49,300,0,-0.8296872,-29.87459,-59.99999999999999,0.0,-0.7194302487188059,-29.87718477813815,63.61585424198359
Daugintis2025,Measured,P0261,P0261,1,51,45,30,49.34049,-1.162979,37.76124390703504,39.23152048359225,49.326750545726654,-1.7845757343771282,31.436857692415575
Daugintis2025,Measured,P0261,P0261,1,55,90,60,89.3109,33.66967,30.00000000000001,90.0,56.324109897386144,88.96568958305875,26.334217416912235
Daugintis2025,Measured,P0261,P0261,1,57,315,30,-32.83986,18.98951,-37.76124390703505,39.23152048359225,-30.849200904781835,22.272908303223858,15.58809447503774
Daugintis2025,Measured,P0261,P0261,1,58,330,0,-3.402603,39.4782,-30.00000000000003,0.0,-2.625730915484365,39.527819314846994,46.35536843334918
Daugintis2025,Measured,P0261,P0261,1,60,30,0,102.8278,-4.956973,29.999999999999996,0.0,76.26275508043024,201.33793594145936,72.89400927857851
Daugintis2025,Measured,P0261,P0261,1,61,0,-30,17.81688,76.43793,0.0,-30.0,4.114559499983768,77.06598303852547,107.02065368681376
Daugintis2025,Measured,P0261,P0261,1,65,0,90,-15.22559,36.06073,0.0,90.0,-12.2571977507057,37.04010396538554,53.93927000000001
Daugintis2025,Measured,P0261,P0261,1,66,90,0,45.06879,10.09876,90.0,0.0,44.185756813470704,14.153804016531268,45.8142431865293
Daugintis2025,Measured,P0261,P0261,1,70,270,30,-85.80508,30.91024,-60.00000000000001,90.0,-58.834338742109296,83.0344200694395,3.728657398317208
Daugintis2025,Measured,P0261,P0261,1,72,0,60,-179.2262,-29.80301,0.0,60.0,-0.6714516618055464,209.8052636724911,149.79850305600726
Daugintis2025,Measured,P0261,P0261,1,73,225,-30,91.65775,46.37917,-37.76124390703504,219.23152048359225,43.59798155180879,91.57918319579052,140.53629511903267
Daugintis2025,Measured,P0261,P0261,1,78,315,-30,148.6529,-17.96088,-37.76124390703505,-39.23152048359226,29.66114833378768,200.7852760693155,130.26768435310845
Daugintis2025,Measured,P0261,P0261,1,84,225,30,-96.73583,27.22968,-37.76124390703504,140.76847951640778,-62.01151236601955,102.84032328702052,33.55078693725829
Daugintis2025,Measured,P0261,P0261,1,85,120,0,125.7771,19.17863,60.00000000000002,180.0,50.02008242169005,149.25012077297654,19.99845008722249
Daugintis2025,Measured,P0261,P0261,1,86,270,-30,-126.991,33.92791,-60.00000000000001,-90.0,-41.509074134218984,131.81158298220817,72.85002810296263
Daugintis2025,Measured,P0261,P0261,1,92,45,-30,104.7036,47.04849,37.76124390703504,-39.23152048359225,41.22862062428851,103.29449290223069,93.9151892839256
Daugintis2025,Measured,P0261,P0261,1,98,180,-30,-38.36375,57.23599,0.0,210.0,-19.626328162632635,63.22392502236829,141.9930028086253
Daugintis2025,Measured,P0261,P0261,2,1,0,0,-0.1426525,-26.3308,0.0,0.0,-0.1278520093633882,-26.33087059611884,26.331158827624208
Daugintis2025,Measured,P0261,P0261,2,2,135,30,143.2045,26.29579,37.761243907035045,140.76847951640775,32.47826591549372,148.32235275884787,8.124078855070907
Daugintis2025,Measured,P0261,P0261,2,4,90,60,149.7629,27.8322,30.00000000000001,90.0,26.444118677735645,148.57092466844583,51.17119613671176
Daugintis2025,Measured,P0261,P0261,2,5,270,0,-63.92025,-1.825956,-90.0,0.0,-63.86087310976007,-4.147617169362519,26.13912689023992
Daugintis2025,Measured,P0261,P0261,2,19,135,-30,131.7585,-27.19368,37.761243907035045,219.23152048359225,41.56776439085971,217.6489820325263,3.9964950703665543
Daugintis2025,Measured,P0261,P0261,2,20,180,-30,172.8733,58.90482,0.0,210.0,3.6736978159539033,120.89901226787498,89.1028352300487
Daugintis2025,Measured,P0261,P0261,2,23,225,-30,-118.3597,0.3286494,-37.76124390703504,219.23152048359225,-61.63855387506172,179.3081403963712,34.22086545075975
Daugintis2025,Measured,P0261,P0261,2,26,0,60,-2.651661,35.32362,0.0,60.0,-2.163230026697393,35.352581806491145,24.73625839701924
Daugintis2025,Measured,P0261,P0261,2,28,315,-30,-89.29053,12.82852,-37.76124390703505,-39.23152048359226,-77.15220510731797,86.88757997067535,60.434543314099336
Daugintis2025,Measured,P0261,P0261,2,36,270,60,-90.84857,56.53994,-30.00000000000001,90.0,-33.45590731180469,90.56076754761948,3.4886445605234697
Daugintis2025,Measured,P0261,P0261,2,40,210,0,-130.9494,24.62615,-30.00000000000001,180.0,-43.36095100153581,145.03067181905806,30.766605171133747
Daugintis2025,Measured,P0261,P0261,2,42,0,90,161.5034,72.72001,0.0,90.0,5.407343272446167,106.43671814373744,17.279989999999998
Daugintis2025,Measured,P0261,P0261,2,45,240,0,-94.89604,23.58224,-59.99999999999997,180.0,-65.94332803383831,101.06286262733823,33.90999642730982
Daugintis2025,Measured,P0261,P0261,2,49,270,30,-110.751,-5.558941,-60.00000000000001,90.0,-68.5490813882516,195.36014531994832,40.746750099212306
Daugintis2025,Measured,P0261,P0261,2,50,150,0,146.7028,0.6726035,29.999999999999996,180.0,33.29460706203518,179.19530670117445,3.365029539320736
Daugintis2025,Measured,P0261,P0261,2,54,270,-30,-126.5663,9.268025,-60.00000000000001,-90.0,-52.436978540006145,164.68176284379612,52.70223910463804
Daugintis2025,Measured,P0261,P0261,2,55,120,0,141.9041,2.839246,60.00000000000002,180.0,38.04078010211765,176.3940347346014,22.07836599487492
Daugintis2025,Measured,P0261,P0261,2,59,330,0,127.8092,-2.960021,-30.00000000000003,0.0,52.09239121472446,184.82136624163945,157.62254006763973
Daugintis2025,Measured,P0261,P0261,2,60,180,0,160.205,32.17146,0.0,180.0,16.657986051410646,146.23560495126208,37.20837455711333
Daugintis2025,Measured,P0261,P0261,2,63,30,0,30.68487,0.7888232,29.999999999999996,0.0,30.6816478945544,0.917229675464526,1.0446335825618085
Daugintis2025,Measured,P0261,P0261,2,69,225,30,-129.4458,32.35714,-37.76124390703504,140.76847951640778,-40.71684571152967,135.08026101635056,5.303358892344806
Daugintis2025,Measured,P0261,P0261,2,71,45,30,36.19267,0.5311863,37.76124390703504,39.23152048359225,36.1908683855842,0.6581840744572673,30.63706371037288
Daugintis2025,Measured,P0261,P0261,2,74,90,30,99.43855,-0.05233916,60.00000000000001,90.0,80.56130619919067,180.31915802275785,31.36773126582137
Daugintis2025,Measured,P0261,P0261,2,75,45,-30,51.59768,4.964042,37.76124390703504,-39.23152048359225,51.327363343481025,7.959765611696625,35.5313124350291
Daugintis2025,Measured,P0261,P0261,2,76,0,-30,-1.134877,54.56939,0.0,-30.0,-0.6578784363241169,54.57469928239584,84.57505798592715
Daugintis2025,Measured,P0261,P0261,2,77,315,30,-52.65645,33.83061,-37.76124390703505,39.23152048359225,-41.3309042953876,47.85266114152128,7.540510420457168
Daugintis2025,Measured,P0261,P0261,2,80,0,30,2.368025,0.9542912,0.0,30.0,2.3676963677738305,0.9551066681569296,29.13285304119416
Daugintis2025,Measured,P0261,P0261,2,86,90,-30,120.1997,-24.56157,60.00000000000001,-90.0,51.82006322902154,222.25734065133904,27.30278339774065
Daugintis2025,Measured,P0261,P0261,2,88,180,30,134.6134,-23.45847,0.0,150.00000000000003,40.77011111503805,211.71118198551244,68.96649404581704
Daugintis2025,Measured,P0261,P0261,2,89,180,60,177.3905,63.343,0.0,120.0,1.1704247084239152,116.63317244522445,3.5642453096165
Daugintis2025,Measured,P0261,P0261,2,90,60,0,69.59617,0.06852804,59.99999999999999,0.0,69.59605982788621,0.1965604794853419,9.596412390501508
Daugintis2025,Measured,P0261,P0261,2,94,90,0,103.8277,0.5062904,90.0,0.0,76.16321492537308,177.8825654600911,13.836785074626931
Daugintis2025,Measured,P0261,P0261,2,96,300,0,-65.05197,-0.9065502,-59.99999999999999,0.0,-65.03655820593413,-2.1484339548320293,5.132455865013912
Pirard2025,Measured,P0001,P0001,0,2,0,60,-0.3871487999999772,0.6564078,0.0,60.0,-0.38712,0.65642,59.3443523888334
Pirard2025,Measured,P0001,P0001,0,3,120,0,89.66696,17.9456,60.0,180.0,72.05141,88.9718,34.80353537523978
Pirard2025,Measured,P0001,P0001,0,4,135,30,129.048,31.15945,37.76124,140.76848,41.64982,136.17471,5.252988193383562
Pirard2025,Measured,P0001,P0001,0,9,30,0,19.49798,0.07912937,30.0,0.0,19.49796,0.08394,10.502314757137034
Pirard2025,Measured,P0001,P0001,0,11,-90,0,-92.76742000000002,0.1631294,-90.0,0.0,-87.22778,176.62521,2.772220041796806
Pirard2025,Measured,P0001,P0001,0,13,-90,60,-35.77237000000002,3.89345,-30.0,90.0,-35.67715,4.79493,69.48743035925595
Pirard2025,Measured,P0001,P0001,0,17,45,-30,33.08753,-4.667574999999999,37.76124,-39.23152,32.96381,-5.56576,27.717481687075875
Pirard2025,Measured,P0001,P0001,0,23,0,-30,-2.837660000000028,-11.35987,0.0,-30.0,-2.78202,-11.37345,18.825866910101812
Pirard2025,Measured,P0001,P0001,0,24,90,30,77.68091,19.24445,60.0,90.0,67.27686,58.56891,15.50525104439256
Pirard2025,Measured,P0001,P0001,0,27,180,30,177.8497,47.08759,0.0,150.0,1.46391,132.89228,17.168369240462376
Pirard2025,Measured,P0001,P0001,0,28,180,0,179.2179,-0.4996770999999854,0.0,180.0,0.78207,180.49972,0.928085182871964
Pirard2025,Measured,P0001,P0001,0,30,45,30,48.72453,26.25462,37.76124,39.23152,42.3777,36.78563,4.980858914731943
Pirard2025,Measured,P0001,P0001,0,32,180,60,-2.8619069999999738,81.56598,0.0,120.0,-0.41959,81.57635,38.42558857938399
Pirard2025,Measured,P0001,P0001,0,34,135,-30,109.3703,-29.607280000000003,37.76124,219.23152,55.10659,239.72892,22.196670143525136
Pirard2025,Measured,P0001,P0001,0,40,0,0,-2.045741000000021,-3.894204000000002,0.0,0.0,-2.04102,-3.89668,4.39811712588207
Pirard2025,Measured,P0001,P0001,0,45,150,0,131.5699,32.71762,30.0,180.0,39.0095,135.92609,37.04219552310719
Pirard2025,Measured,P0001,P0001,0,51,0,90,-178.1699,26.23416,0.0,90.0,-1.64154,153.75425,63.76584
Pirard2025,Measured,P0001,P0001,0,54,-120,0,-128.9179,-1.3939530000000104,-60.0,180.0,-51.0611,182.21827,9.025315961403434
Pirard2025,Measured,P0001,P0001,0,61,0,30,-1.2165969999999788,0.9598116,0.0,30.0,-1.21643,0.96003,29.06321960868631
Pirard2025,Measured,P0001,P0001,0,65,60,0,58.40007,2.944372,60.0,0.0,58.27734,5.60618,3.350648990289575
Pirard2025,Measured,P0001,P0001,0,67,90,-30,69.27076,-27.266189999999995,60.0,-90.0,56.23707,-55.52013,18.3724273920618
Pirard2025,Measured,P0001,P0001,0,69,-30,0,-31.41300000000001,-17.688499999999976,-30.0,0.0,-29.77281,-20.49023,17.743048251339623
Pirard2025,Measured,P0001,P0001,0,75,-60,0,-65.64157,-0.9108570000000212,-60.0,0.0,-65.62558,-2.20753,5.714393190099857
Pirard2025,Measured,P0001,P0001,0,77,180,-30,178.8727,-24.892010000000028,0.0,210.0,1.02257,204.89624,5.204919808610739
Pirard2025,Measured,P0001,P0001,0,80,-90,-30,-91.25146,-32.12324000000001,-60.0,-90.0,-57.855,268.00776,2.37846194517155
Pirard2025,Measured,P0001,P0001,0,82,-90,30,-89.88692000000003,20.45753,-60.0,90.0,-69.54217,89.69687,9.543016155657432
Pirard2025,Measured,P0001,P0001,0,83,-45,30,-40.84440000000001,13.60589,-37.76124,39.23152,-39.46847,17.74178,16.83751421042438
Pirard2025,Measured,P0001,P0001,0,84,90,60,49.87416,21.94445,30.0,90.0,45.17236,32.01216,47.29252513359064
Pirard2025,Measured,P0001,P0001,0,86,-45,-30,-53.45017999999999,-31.367819999999995,-37.76124,-39.23152,-43.30847,-45.67081,7.392686158685947
Pirard2025,Measured,P0001,P0001,0,87,-135,-30,-146.7315,-31.679070000000024,-37.76124,219.23152,-27.82865,216.42997,10.206416486226114
Pirard2025,Measured,P0001,P0001,0,89,-150,0,-173.2918,3.873633,-30.0,180.0,-6.6928,176.09975,23.59400177960864
Pirard2025,Measured,P0001,P0001,0,91,-135,30,-148.0661,31.80082,-37.76124,140.76848,-26.71409,143.84744,11.347923048617892
Pirard2025,Measured,P0001,P0001,0,95,90,0,70.72919,2.273914,90.0,0.0,70.60056,6.86059,19.399441237021353
Pirard2025,Measured,P0001,P0001,1,1,-45,-30,-58.36909000000003,-37.16555,-37.76124,-39.23152,-42.72733,-55.32473,13.222817628808752
Pirard2025,Measured,P0001,P0001,1,3,90,-30,92.22871,-30.32315,60.0,-90.0,59.60283,266.19611,1.953842014163323
Pirard2025,Measured,P0001,P0001,1,4,45,30,37.65044,22.64096,37.76124,39.23152,34.31678,27.78048,9.871012228541236
Pirard2025,Measured,P0001,P0001,1,5,-90,0,-91.96551,0.8318071,-90.0,0.0,-87.86579,157.05636,2.1342120734544863
Pirard2025,Measured,P0001,P0001,1,6,60,0,47.65329,0.1557664,60.0,0.0,47.65306,0.23124,12.347677282138015
Pirard2025,Measured,P0001,P0001,1,7,-135,-30,-141.0723,-28.35775000000001,-37.76124,219.23152,-33.5688,214.75346,5.54936144636328
Pirard2025,Measured,P0001,P0001,1,9,45,-30,33.33627,-21.498130000000003,37.76124,-39.23152,30.75174,-25.24127,13.499350639539264
Pirard2025,Measured,P0001,P0001,1,18,-150,0,-161.4649,3.190464,-30.0,180.0,-18.50533,176.63538,11.894820037614672
Pirard2025,Measured,P0001,P0001,1,20,150,0,128.3779,20.18435,30.0,180.0,47.37397,149.36915,29.24448113970553
Pirard2025,Measured,P0001,P0001,1,21,-60,0,-79.40001999999998,1.822953,-60.0,0.0,-79.24618,9.81615,19.482195673852157
Pirard2025,Measured,P0001,P0001,1,28,90,30,69.73839,15.5185,60.0,90.0,64.67837,38.72296,23.566962088073012
Pirard2025,Measured,P0001,P0001,1,31,-45,30,-41.21357,21.04382,-37.76124,39.23152,-37.94648,27.08741,9.583728750794432
Pirard2025,Measured,P0001,P0001,1,35,-90,-30,-90.39051999999998,-21.280449999999973,-60.0,-90.0,-68.71613,268.99747,8.726631478358335
Pirard2025,Measured,P0001,P0001,1,39,180,30,173.5079,23.16803,0.0,150.0,5.96656,156.69835,8.961322968968407
Pirard2025,Measured,P0001,P0001,1,40,120,0,90.87131,12.70408,60.0,180.0,77.26657,93.85903,31.55440584271336
Pirard2025,Measured,P0001,P0001,1,42,-135,30,-172.8939,32.55715,-37.76124,140.76848,-5.98495,147.24214,32.317641036140685
Pirard2025,Measured,P0001,P0001,1,44,180,0,179.2917,-6.885582999999997,0.0,180.0,0.70319,186.8861,6.921742887983128
Pirard2025,Measured,P0001,P0001,1,45,0,0,-0.6110178999999789,1.910903,0.0,0.0,-0.61068,1.91101,2.006179132556975
Pirard2025,Measured,P0001,P0001,1,47,-30,0,-33.69594999999998,0.6852845,-30.0,0.0,-33.69322,0.82365,3.758857498215056
Pirard2025,Measured,P0001,P0001,1,52,0,60,-2.377182000000005,1.465269,0.0,60.0,-2.3764,1.46653,58.563620759552
Pirard2025,Measured,P0001,P0001,1,53,90,60,64.41672,22.40577,30.0,90.0,56.49811,43.67429,41.6661503276001
Pirard2025,Measured,P0001,P0001,1,56,135,30,68.89458,36.37045,37.76124,140.76848,48.69326,63.94436,54.62283529600996
Pirard2025,Measured,P0001,P0001,1,61,-90,60,-48.67327999999998,28.68266,-30.0,90.0,-41.20899,39.64119,41.83578246949137
Pirard2025,Measured,P0001,P0001,1,66,-120,0,-131.7509,2.206909,-60.0,180.0,-48.20151,176.68785,11.953476948162193
Pirard2025,Measured,P0001,P0001,1,72,135,-30,88.27489,-22.383860000000027,37.76124,219.23152,67.55317,-85.81929,42.325242509062846
Pirard2025,Measured,P0001,P0001,1,73,30,0,20.47706,-1.46633700000001,30.0,0.0,20.47005,-1.56519,9.634142101220736
Pirard2025,Measured,P0001,P0001,1,74,0,90,-0.963880500000016,21.62042,0.0,90.0,-0.89606,21.6232,68.37957999999999
Pirard2025,Measured,P0001,P0001,1,77,-90,30,-91.21868,4.587573,-60.0,90.0,-85.25365,104.84545,25.43848551406648
Pirard2025,Measured,P0001,P0001,1,82,90,0,80.24991,-0.3483046000000058,90.0,0.0,80.24375,-2.05584,9.756249166538302
Pirard2025,Measured,P0001,P0001,1,86,0,-30,-0.4140145999999731,0.2462884,0.0,-30.0,-0.41401,0.24629,30.24885997512252
Pirard2025,Measured,P0001,P0001,1,92,180,60,2.206555,20.45447,0.0,120.0,2.06737,20.46839,99.52534856417743
Pirard2025,Measured,P0001,P0001,1,95,0,30,0.0,0.254109,0.0,30.0,0.0,0.25411,29.745891
Pirard2025,Measured,P0001,P0001,1,98,180,-30,178.5997,-19.94276000000002,0.0,210.0,1.31631,199.94825,10.136695496083286
Pirard2025,Measured,P0001,P0001,2,2,45,-30,40.32315,-26.730920000000022,37.76124,-39.23152,35.30591,-33.4476,5.254716229065396
Pirard2025,Measured,P0001,P0001,2,3,0,0,-0.3109043000000042,1.931987,0.0,0.0,-0.31073,1.93202,1.9568338238465737
Pirard2025,Measured,P0001,P0001,2,7,60,0,52.5365,1.107475,60.0,0.0,52.52254,1.82035,7.544758966192922
Pirard2025,Measured,P0001,P0001,2,11,0,30,-0.1235406999999782,0.6324196,0.0,30.0,-0.12353,0.63242,29.367815585183585
Pirard2025,Measured,P0001,P0001,2,13,180,60,1.052391,23.15876,0.0,120.0,0.96758,23.16226,96.83676519703076
Pirard2025,Measured,P0001,P0001,2,14,-135,-30,-129.7853,-33.684590000000014,-37.76124,219.23152,-39.74917,226.16712,5.760373458577987
Pirard2025,Measured,P0001,P0001,2,15,45,30,51.49434,24.14308,37.76124,39.23152,45.56907,35.75135,8.227091998969868
Pirard2025,Measured,P0001,P0001,2,16,0,90,-0.4869846999999936,0.7793398,0.0,90.0,-0.48694,0.77937,89.2206602
Pirard2025,Measured,P0001,P0001,2,19,150,0,118.9149,11.77925,30.0,180.0,58.97088,156.66996,33.03194733527705
Pirard2025,Measured,P0001,P0001,2,24,180,-30,178.6885,-14.212510000000009,0.0,210.0,1.27135,194.21608,15.83373817690155
Pirard2025,Measured,P0001,P0001,2,27,90,60,56.35825,28.65846,30.0,90.0,46.9308,44.61182,38.68449131576692
Pirard2025,Measured,P0001,P0001,2,28,-90,30,-84.91579999999999,25.64647,-60.0,90.0,-63.88794,79.5421,6.257020339645154
Pirard2025,Measured,P0001,P0001,2,33,90,0,88.63542,13.46412,90.0,0.0,76.46818,84.31962,13.53182182966112
Pirard2025,Measured,P0001,P0001,2,37,-45,30,-49.83719000000002,16.45053,-37.76124,39.23152,-47.13271,24.59912,14.25491962825357
Pirard2025,Measured,P0001,P0001,2,41,180,0,-178.906,1.261605,0.0,180.0,-1.09373,178.73817,1.6698172771406694
Pirard2025,Measured,P0001,P0001,2,43,-90,-30,-92.15259000000005,-26.470410000000015,-60.0,-90.0,-63.44851,265.68617,4.006538185973165
Pirard2025,Measured,P0001,P0001,2,50,30,0,16.08729,0.1690205,30.0,0.0,16.08722,0.17591,13.91371638965642
Pirard2025,Measured,P0001,P0001,2,51,90,30,90.05799,20.47227,60.0,90.0,69.52765,90.15533,9.527873841326938
Pirard2025,Measured,P0001,P0001,2,52,0,-30,-1.5894240000000082,2.0509,0.0,-30.0,-1.58841,2.05169,32.086834154855055
Pirard2025,Measured,P0001,P0001,2,58,-45,-30,-49.688260000000014,-37.556370000000015,-37.76124,-39.23152,-37.19311,-49.9227,8.498826320036821
Pirard2025,Measured,P0001,P0001,2,60,135,30,77.01217,33.57498,37.76124,140.76848,54.27695,71.29453,48.77620483910447
Pirard2025,Measured,P0001,P0001,2,61,135,-30,108.0642,-32.65034000000003,37.76124,219.23152,53.1757,244.17649,23.099410030742664
Pirard2025,Measured,P0001,P0001,2,63,-120,0,-124.3784,0.4441136,-60.0,180.0,-55.61908,179.21351,4.40082257858951
Pirard2025,Measured,P0001,P0001,2,66,90,-30,80.29442,-29.319360000000017,60.0,-90.0,59.25201,-73.29141,8.458810650106727
Pirard2025,Measured,P0001,P0001,2,69,-30,0,-35.25470999999999,-5.42520300000001,-30.0,0.0,-35.07349,-6.63382,7.547329889810211
Pirard2025,Measured,P0001,P0001,2,74,-90,0,-90.96640000000002,3.259306,-90.0,0.0,-86.60059,106.49776,3.3994112630338305
Pirard2025,Measured,P0001,P0001,2,79,-60,0,-85.89432999999997,7.563951,-60.0,0.0,-81.39931,61.66753,26.903084317877664
Pirard2025,Measured,P0001,P0001,2,83,-90,60,-70.56852000000003,52.89919,-30.0,90.0,-34.67076,75.87693,12.7997009238568
Pirard2025,Measured,P0001,P0001,2,85,180,30,179.188,38.12279,0.0,150.0,0.63878,141.87442,8.15048647644187
Pirard2025,Measured,P0001,P0001,2,88,0,60,-1.5943409999999858,0.2046302,0.0,60.0,-1.59433,0.20471,59.80820165028983
Pirard2025,Measured,P0001,P0001,2,90,-135,30,-52.52688999999998,42.01847,-37.76124,140.76848,-36.12987,55.97094,65.2307775536393
Pirard2025,Measured,P0001,P0001,2,95,120,0,88.5034,15.84991,60.0,180.0,74.08139,84.74405,34.889872782322
Pirard2025,Measured,P0001,P0001,2,96,-150,0,-158.504,1.527647,-30.0,180.0,-21.48798,178.35821,8.639129509071205
Pirard2025,Measured,P0005,P0005,0,4,0,60,-179.2055,0.1713202,0.0,60.0,-0.7945,179.82866,119.82550503491042
Pirard2025,Measured,P0005,P0005,0,16,-45,-30,-54.76202000000001,26.29787,-37.76124,-39.23152,-47.07367,40.58042,57.06866459002149
Pirard2025,Measured,P0005,P0005,0,18,150,0,127.8196,-28.60602,30.0,180.0,43.9093,221.64959,35.61331418076906
Pirard2025,Measured,P0005,P0005,0,22,-135,30,-90.76137,43.68164,-37.76124,140.76848,-46.31306,90.79716,37.436107548281896
Pirard2025,Measured,P0005,P0005,0,26,120,0,90.01575,-28.36860999999999,60.0,180.0,61.63139,269.97083,40.34638384014856
Pirard2025,Measured,P0005,P0005,0,32,135,-30,52.40313,-30.426710000000018,37.76124,219.23152,43.0944,-43.9102,69.5471150268743
Pirard2025,Measured,P0005,P0005,0,33,-90,-30,-65.68011999999999,0.05934703,-60.0,-90.0,-65.68005,0.14411,37.93987657946605
Pirard2025,Measured,P0005,P0005,0,35,180,60,157.8246,-0.6869955999999888,0.0,120.0,22.17372,180.74186,63.08941893766815
Pirard2025,Measured,P0005,P0005,0,37,-90,0,-91.91859999999996,1.484772,-90.0,0.0,-87.57415,142.25293,2.4258503176365886
Pirard2025,Measured,P0005,P0005,0,39,-90,30,-87.77483000000001,18.79745,-60.0,90.0,-71.07603,83.49242,11.383423552094625
Pirard2025,Measured,P0005,P0005,0,40,0,-30,0.6145305,-0.4238235000000259,0.0,-30.0,0.61451,-0.42385,29.581958158392105
Pirard2025,Measured,P0005,P0005,0,44,90,-30,62.87589,0.5289715,60.0,-90.0,62.87112,1.1601,39.99220428475607
Pirard2025,Measured,P0005,P0005,0,50,-135,-30,-52.17811999999998,25.32101,-37.76124,219.23152,-45.56375,37.65347,96.6628973592209
Pirard2025,Measured,P0005,P0005,0,52,180,-30,0.04423466,-0.1426524999999969,0.0,210.0,0.04423,-0.14265,149.85731805142052
Pirard2025,Measured,P0005,P0005,0,53,45,30,40.56993,23.72531,37.76124,39.23152,36.5418,30.05279,7.413572162905906
Pirard2025,Measured,P0005,P0005,0,55,-150,0,-136.8406,-27.314129999999977,-30.0,180.0,-37.42799,215.29838,30.09760370112275
Pirard2025,Measured,P0005,P0005,0,58,0,30,-0.5682067999999845,16.8114,0.0,30.0,-0.54392,16.81218,13.198833366805433
Pirard2025,Measured,P0005,P0005,0,60,45,-30,34.79909,-2.372071000000006,37.76124,-39.23152,34.76498,-2.88789,29.272983995206
Pirard2025,Measured,P0005,P0005,0,62,0,0,0.1532334,-11.816669999999988,0.0,0.0,0.14999,-11.81671,11.817649364526398
Pirard2025,Measured,P0005,P0005,0,64,60,0,54.97389,-0.7008132000000273,60.0,0.0,54.96778,-1.22091,5.074609385254743
Pirard2025,Measured,P0005,P0005,0,66,135,30,137.728,-25.82583999999997,37.76124,140.76848,37.26254,213.18694,55.886997276423806
Pirard2025,Measured,P0005,P0005,0,70,90,0,90.85668,-15.8716,90.0,0.0,74.10589,266.98982,15.89410954088647
Pirard2025,Measured,P0005,P0005,0,71,-45,30,-42.54998999999998,17.98631,-37.76124,39.23152,-40.0298,23.78291,12.219220680655928
Pirard2025,Measured,P0005,P0005,0,72,-60,0,-68.08897999999999,-1.2620709999999915,-60.0,0.0,-68.05445,-3.37869,8.186197145962613
Pirard2025,Measured,P0005,P0005,0,74,-120,0,-75.16181,1.919079,-60.0,180.0,-75.04099,7.45422,44.87049891579456
Pirard2025,Measured,P0005,P0005,0,75,90,30,89.8872,14.4946,60.0,90.0,75.50497,89.56367,15.5057482547827
Pirard2025,Measured,P0005,P0005,0,79,-90,60,-55.32817,26.94045,-30.0,90.0,-47.15303,41.7767,40.62815434766515
Pirard2025,Measured,P0005,P0005,0,80,30,0,42.23626,1.069726,30.0,0.0,42.22719,1.4447,12.282219746804245
Pirard2025,Measured,P0005,P0005,0,84,90,60,45.83528,22.66962,30.0,90.0,41.44646,30.94271,48.33756183793576
Pirard2025,Measured,P0005,P0005,0,89,180,30,1.106238,29.37026,0.0,150.0,0.96404,29.37482,120.62037403081956
Pirard2025,Measured,P0005,P0005,0,91,180,0,-178.7008,-38.37549999999999,0.0,180.0,-1.01849,218.38267,38.39409621758353
Pirard2025,Measured,P0005,P0005,0,92,0,90,0.191797,24.93713,0.0,90.0,0.17392,24.93725,65.06287
Pirard2025,Measured,P0005,P0005,0,96,-30,0,-29.89069999999998,-0.1426524999999969,-30.0,0.0,-29.8906,-0.16454,0.1797114383439107
Pirard2025,Measured,P0005,P0005,1,0,-120,0,-58.31180999999998,0.5811456,-60.0,180.0,-58.30704,1.10622,61.68977768998082
Pirard2025,Measured,P0005,P0005,1,2,135,-30,94.74218,-40.92878999999999,37.76124,219.23152,48.84553,264.55374,34.219615960497464
Pirard2025,Measured,P0005,P0005,1,3,-135,-30,-44.67844000000002,0.3522151,-37.76124,219.23152,-44.67737,0.49533,90.45458361520215
Pirard2025,Measured,P0005,P0005,1,8,90,30,112.8184,-0.4743652000000224,60.0,90.0,67.17693,181.22303,37.431350460808346
Pirard2025,Measured,P0005,P0005,1,10,90,60,29.99149,0.4396856,30.0,90.0,29.99052,0.50766,75.13312175716749
Pirard2025,Measured,P0005,P0005,1,11,135,30,53.64226,-24.48764,37.76124,140.76848,47.12942,-37.53497,95.09577709298782
Pirard2025,Measured,P0005,P0005,1,12,0,30,0.04423466,-0.9823799999999778,0.0,30.0,0.04423,-0.98238,30.982408722508445
Pirard2025,Measured,P0005,P0005,1,13,180,0,179.9477,-0.2281411999999818,0.0,180.0,0.0523,180.22814,0.2340591435557912
Pirard2025,Measured,P0005,P0005,1,14,90,-30,58.32102,0.0,60.0,-90.0,58.32102,0.0,42.52428357121826
Pirard2025,Measured,P0005,P0005,1,18,60,0,56.0579,-0.1119057999999881,60.0,0.0,56.05774,-0.20042,3.943685528983228
Pirard2025,Measured,P0005,P0005,1,26,-90,0,-73.89098999999999,-1.4017920000000004,-90.0,0.0,-73.83172,-5.04009,16.168276650688888
Pirard2025,Measured,P0005,P0005,1,29,-90,60,-26.853139999999996,15.37829,-30.0,90.0,-25.81917,17.13354,63.42120569366885
Pirard2025,Measured,P0005,P0005,1,31,0,90,1.675263,21.54411,0.0,90.0,1.55819,21.55248,68.45589
Pirard2025,Measured,P0005,P0005,1,32,30,0,22.97765,0.1735894,30.0,0.0,22.97754,0.18855,7.02448444843543
Pirard2025,Measured,P0005,P0005,1,34,-45,-30,-30.90868999999998,-0.7430947999999944,-37.76124,-39.23152,-30.90581,-0.86607,32.179938688174396
Pirard2025,Measured,P0005,P0005,1,44,0,0,0.4423477,0.06852804,0.0,0.0,0.44235,0.06853,0.447624269514014
Pirard2025,Measured,P0005,P0005,1,46,-30,0,-21.19286999999997,-0.5736903000000098,-30.0,0.0,-21.19176,-0.6153,8.82564803028655
Pirard2025,Measured,P0005,P0005,1,47,-150,0,-130.2529,0.4010509,-30.0,180.0,-49.74544,179.37935,19.751009611547858
Pirard2025,Measured,P0005,P0005,1,48,180,60,2.023327,15.24304,0.0,120.0,1.95212,15.25211,104.73914034175031
Pirard2025,Measured,P0005,P0005,1,49,-60,0,-60.51695999999998,1.090381,-60.0,0.0,-60.49861,2.21464,1.2067087895877566
Pirard2025,Measured,P0005,P0005,1,51,-90,30,-75.34487000000001,0.8550079,-60.0,90.0,-75.3205,3.37581,32.30469139139333
Pirard2025,Measured,P0005,P0005,1,59,180,-30,-0.0395646800000122,0.9759852,0.0,210.0,-0.03956,0.97599,150.97596082017031
Pirard2025,Measured,P0005,P0005,1,60,90,0,88.94687,-10.919589999999973,90.0,0.0,79.03036,-84.55796,10.969643005780815
Pirard2025,Measured,P0005,P0005,1,63,-135,30,-33.11633999999998,17.89104,-37.76124,140.76848,-31.32696,21.07796,90.9229932232902
Pirard2025,Measured,P0005,P0005,1,67,45,30,42.75293,3.399321,37.76124,39.23152,42.6598,4.62478,26.685615405823075
Pirard2025,Measured,P0005,P0005,1,69,-90,-30,-65.08868000000001,11.16682,-60.0,-90.0,-62.84684,25.11027,47.643045624942054
Pirard2025,Measured,P0005,P0005,1,71,180,30,1.027363,-0.6084505000000036,0.0,150.0,1.02731,-0.60855,150.59220258039514
Pirard2025,Measured,P0005,P0005,1,72,0,60,-0.4102161999999794,0.3851218,0.0,60.0,-0.41021,0.38513,59.6157293327504
Pirard2025,Measured,P0005,P0005,1,80,120,0,90.7361,-19.969040000000007,60.0,180.0,70.01795,267.97508,34.92243805506588
Pirard2025,Measured,P0005,P0005,1,81,0,-30,-0.4849714999999719,1.268566,0.0,-30.0,-0.48485,1.26861,31.27198950223312
Pirard2025,Measured,P0005,P0005,1,85,150,0,132.9349,-33.67593999999997,30.0,180.0,37.53656,224.36832,37.29300436643024
Pirard2025,Measured,P0005,P0005,1,88,-45,30,-35.47492,20.28533,-37.76124,39.23152,-32.9804,24.412,12.9767784473142
Pirard2025,Measured,P0005,P0005,1,96,45,-30,48.75233,-0.7519945999999891,37.76124,-39.23152,48.7467,-1.14048,29.46496417288652
Pirard2025,Measured,P0005,P0005,2,1,-45,30,-31.599940000000004,0.9358636,-37.76124,39.23152,-31.59524,1.09875,31.7336205953151
Pirard2025,Measured,P0005,P0005,2,11,180,60,-0.2046301999999968,22.90787,0.0,120.0,-0.18849,22.908,97.09196040472747
Pirard2025,Measured,P0005,P0005,2,13,45,30,38.35277,-0.3896677000000181,37.76124,39.23152,38.35172,-0.49689,31.042686728845784
Pirard2025,Measured,P0005,P0005,2,16,135,30,49.10754,0.2093567,37.76124,140.76848,49.1071,0.3198,86.33866655123737
Pirard2025,Measured,P0005,P0005,2,17,0,90,1.378282,17.80949,0.0,90.0,1.31222,17.81432,72.19050999999999
Pirard2025,Measured,P0005,P0005,2,18,-120,0,-60.85275999999999,0.2238118,-60.0,180.0,-60.85198,0.45951,59.14750112859124
Pirard2025,Measured,P0005,P0005,2,19,0,0,-0.307104900000013,-0.2478722000000175,0.0,0.0,-0.3071,-0.24788,0.3946561272158413
Pirard2025,Measured,P0005,P0005,2,22,-135,-30,-41.37914000000001,0.1341704,-37.76124,219.23152,-41.379,0.17881,93.20241360585696
Pirard2025,Measured,P0005,P0005,2,23,90,0,90.31097,-0.3460501999999792,90.0,0.0,89.53476,228.05677,0.4652439209419812
Pirard2025,Measured,P0005,P0005,2,24,-90,60,-40.886030000000005,30.72066,-30.0,90.0,-34.24282,38.16819,43.634017275989834
Pirard2025,Measured,P0005,P0005,2,25,30,0,34.53862,-0.7530347000000006,30.0,0.0,34.53521,-0.91414,4.600537597017014
Pirard2025,Measured,P0005,P0005,2,26,180,0,-179.7106,-21.867489999999975,0.0,180.0,-0.26858,201.86774,21.869311023344014
Pirard2025,Measured,P0005,P0005,2,27,180,-30,1.466337,-1.8748190000000025,0.0,210.0,1.46555,-1.87543,148.09444024540466
Pirard2025,Measured,P0005,P0005,2,28,-45,-30,-38.41863999999998,-0.2446942000000262,-37.76124,-39.23152,-38.41823,-0.31231,30.40767284384889
Pirard2025,Measured,P0005,P0005,2,30,-90,30,-70.06019000000003,-0.2733976999999754,-60.0,90.0,-70.05839,-0.80163,35.73633634591773
Pirard2025,Measured,P0005,P0005,2,36,-135,30,-132.3069,29.01302,-37.76124,140.76848,-40.29653,140.51298,2.543036776055786
Pirard2025,Measured,P0005,P0005,2,43,90,-30,88.77947,-13.176069999999982,60.0,-90.0,76.76852,-84.80116,16.86176139180856
Pirard2025,Measured,P0005,P0005,2,49,45,-30,31.98268,-0.8244822999999997,37.76124,-39.23152,31.97898,-0.972,31.69274293245694
Pirard2025,Measured,P0005,P0005,2,50,-90,0,-90.70954999999998,0.3636945,-90.0,0.0,-89.20267,152.86075,0.7973256108879133
Pirard2025,Measured,P0005,P0005,2,52,150,0,141.8174,-30.393579999999982,30.0,180.0,32.22293,216.73027,31.373798474778432
Pirard2025,Measured,P0005,P0005,2,58,-150,0,-47.19468999999998,-26.845950000000016,-30.0,180.0,-40.88896,-36.68117,101.4055039158228
Pirard2025,Measured,P0005,P0005,2,59,120,0,91.74117,-29.449670000000022,60.0,180.0,60.50351,266.91962,39.91425990510647
Pirard2025,Measured,P0005,P0005,2,62,0,30,-0.6492139999999722,1.617978,0.0,30.0,-0.64896,1.61808,28.388719567784825
Pirard2025,Measured,P0005,P0005,2,63,-60,0,-56.745720000000006,-0.8572935000000257,-60.0,0.0,-56.73594,-1.56312,3.3651894393650004
Pirard2025,Measured,P0005,P0005,2,64,-90,-30,-76.96316999999999,0.6766641,-60.0,-90.0,-76.94592,2.9971,33.09775446221779
Pirard2025,Measured,P0005,P0005,2,65,60,0,60.74897,-2.7901469999999904,60.0,0.0,60.62792,-5.69574,2.8888462828780397
Pirard2025,Measured,P0005,P0005,2,71,-30,0,-20.218200000000024,0.2462884,-30.0,0.0,-20.21801,0.26246,9.784869888576605
Pirard2025,Measured,P0005,P0005,2,74,0,-30,0.7727842,0.5500081,0.0,-30.0,0.77275,0.55006,30.55888577286156
Pirard2025,Measured,P0005,P0005,2,82,90,60,29.90088,-0.1519511000000193,30.0,90.0,29.90076,-0.17528,75.70272574591799
Pirard2025,Measured,P0005,P0005,2,84,180,30,-0.9616447999999878,-9.484625999999992,0.0,150.0,-0.9485,-9.48594,159.4649660031937
Pirard2025,Measured,P0005,P0005,2,91,90,30,90.34184,19.3238,60.0,90.0,70.67329,90.97474,10.680697501072896
Pirard2025,Measured,P0005,P0005,2,92,135,-30,91.47947,-39.172199999999975,37.76124,219.23152,50.80436,268.185,36.61436295625224
Pirard2025,Measured,P0005,P0005,2,94,0,60,-0.8218674999999962,10.96824,0.0,60.0,-0.80685,10.96934,49.03559182106753
Pirard2025,Measured,P0006,P0006,0,5,45,30,117.227,7.063498,37.76124,39.23152,61.93961,164.84607,71.10531639028437
Pirard2025,Measured,P0006,P0006,0,10,-45,-30,-33.07934,-0.0279764599999907,-37.76124,-39.23152,-33.07934,-0.03339,32.049147083193446
Pirard2025,Measured,P0006,P0006,0,11,90,30,82.93832,-12.525050000000022,60.0,90.0,75.64916,-61.04024,43.06589193572152
Pirard2025,Measured,P0006,P0006,0,14,90,0,88.88557,-0.214891399999999,90.0,0.0,88.86504,-10.9149,1.1349567018766218
Pirard2025,Measured,P0006,P0006,0,15,90,-30,89.4346,-30.81196,60.0,-90.0,59.18336,-89.05208,0.9471318307097428
Pirard2025,Measured,P0006,P0006,0,16,150,0,156.5695,6.386906,30.0,180.0,23.27648,173.04452,9.152695237358111
Pirard2025,Measured,P0006,P0006,0,19,-90,30,-91.77936999999996,0.5047422,-60.0,90.0,-88.15045,164.16049,29.54381552461437
Pirard2025,Measured,P0006,P0006,0,20,180,-30,0.5055169,-33.13045999999997,0.0,210.0,0.42333,-33.13148,116.86772696009696
Pirard2025,Measured,P0006,P0006,0,24,-120,0,-119.0891,-18.397519999999982,-60.0,180.0,-56.01677,214.37758,18.419277027556937
Pirard2025,Measured,P0006,P0006,0,29,135,30,157.0906,14.85562,37.76124,140.76848,22.10243,163.93548,25.33505443054695
Pirard2025,Measured,P0006,P0006,0,34,0,0,0.03956468,-0.9763861000000134,0.0,0.0,0.03956,-0.97639,0.9771873047915872
Pirard2025,Measured,P0006,P0006,0,38,-135,-30,-142.6183,-30.06740000000002,-37.76124,219.23152,-31.6969,216.07557,6.594524779727484
Pirard2025,Measured,P0006,P0006,0,39,180,30,-118.8338,88.88451,0.0,150.0,-0.97718,90.53802,59.46689552848121
Pirard2025,Measured,P0006,P0006,0,40,0,30,0.9997552,-33.34044,0.0,30.0,0.8352,-33.34445,63.34750089097876
Pirard2025,Measured,P0006,P0006,0,41,120,0,122.6982,-19.99511000000001,60.0,180.0,52.26052,213.96315,20.168953562527214
Pirard2025,Measured,P0006,P0006,0,45,0,-30,-179.4692,-37.16115000000002,0.0,-30.0,-0.42301,217.16233,112.83700873332867
Pirard2025,Measured,P0006,P0006,0,48,-30,0,-45.19405,-0.9707584000000224,-30.0,0.0,-45.18577,-1.3774,15.224300713915992
Pirard2025,Measured,P0006,P0006,0,53,-45,30,-64.62634000000003,-0.5521385999999779,-37.76124,39.23152,-64.62073,-1.2883,35.82035762365374
Pirard2025,Measured,P0006,P0006,0,54,-90,-30,-98.54197999999997,-5.355731999999989,-60.0,-90.0,-79.92844,212.25838,25.92729524259985
Pirard2025,Measured,P0006,P0006,0,55,135,-30,160.0656,-16.812940000000026,37.76124,219.23152,19.0486,197.81859,26.419886955392695
Pirard2025,Measured,P0006,P0006,0,59,0,60,-0.562669900000003,-0.4743652000000224,0.0,60.0,-0.56265,-0.47439,60.47595270892707
Pirard2025,Measured,P0006,P0006,0,60,-90,60,-41.85419999999999,20.05183,-30.0,90.0,-38.81379,26.10615,52.38664330446114
Pirard2025,Measured,P0006,P0006,0,65,45,-30,34.96694,-30.17752999999999,37.76124,-39.23152,29.69825,-35.35877,8.680117396294726
Pirard2025,Measured,P0006,P0006,0,66,-60,0,-91.08683000000002,-0.0442346599999723,-60.0,0.0,-88.91227,182.33083,31.08685832103965
Pirard2025,Measured,P0006,P0006,0,68,30,0,30.74556,-11.286609999999996,30.0,0.0,30.08867,-13.07327,11.310889280181724
Pirard2025,Measured,P0006,P0006,0,73,60,0,84.07042,-0.1370560999999952,60.0,0.0,84.06884,-1.32647,24.070786963365965
Pirard2025,Measured,P0006,P0006,0,74,180,0,-179.3484,-0.4861804000000234,0.0,180.0,-0.65158,180.48621,0.8129844714533291
Pirard2025,Measured,P0006,P0006,0,77,180,60,-0.4537030000000186,46.73651,0.0,120.0,-0.31095,46.73741,73.26284720502012
Pirard2025,Measured,P0006,P0006,0,81,0,90,179.7238,32.12584,0.0,90.0,0.23391,147.87386,57.87416000000001
Pirard2025,Measured,P0006,P0006,0,84,-150,0,-147.6711,-19.087249999999983,-30.0,180.0,-30.35641,202.26954,19.223546077531303
Pirard2025,Measured,P0006,P0006,0,88,-90,0,-106.49079999999998,-16.456790000000012,-90.0,0.0,-66.86536,226.14051,23.13464157513048
Pirard2025,Measured,P0006,P0006,0,92,-135,30,-133.3894,27.62276,-37.76124,140.76848,-40.08115,142.70131,2.7644622709800415
Pirard2025,Measured,P0006,P0006,0,98,90,60,87.10783,41.89389,30.0,90.0,48.02482,86.78069,18.193308644577545
Pirard2025,Measured,P0006,P0006,1,0,-30,0,-60.40832999999998,-32.19988000000001,-30.0,0.0,-47.37675,-51.89755,43.13105114518629
Pirard2025,Measured,P0006,P0006,1,2,90,-30,91.11385,-31.967480000000023,60.0,-90.0,58.01518,268.2159,2.186927721690351
Pirard2025,Measured,P0006,P0006,1,4,0,90,0.3351346,-35.86419000000001,0.0,90.0,0.2716,-35.86466,125.86419
Pirard2025,Measured,P0006,P0006,1,5,-135,30,-139.8304,22.68358,-37.76124,140.76848,-36.5238,151.32199,8.498371569874966
Pirard2025,Measured,P0006,P0006,1,6,135,-30,160.4283,-32.170830000000024,37.76124,219.23152,16.47243,213.72685,21.83389867953255
Pirard2025,Measured,P0006,P0006,1,14,-90,60,-44.94398000000001,-14.64861000000002,-30.0,90.0,-43.11407,-20.26897,82.95105898626936
Pirard2025,Measured,P0006,P0006,1,15,-90,30,-91.49899,-0.3560827000000017,-60.0,90.0,-88.45931,193.36448,30.38966523482583
Pirard2025,Measured,P0006,P0006,1,17,0,30,1.492659,-24.653279999999995,0.0,30.0,1.35657,-24.66065,54.67203872674581
Pirard2025,Measured,P0006,P0006,1,22,-90,0,-115.2293,-19.003890000000013,-90.0,0.0,-58.79342,218.93822,31.206575512210375
Pirard2025,Measured,P0006,P0006,1,25,-90,-30,-103.77679999999998,-33.582389999999975,-60.0,-90.0,-54.01042,250.26867,12.23418937993987
Pirard2025,Measured,P0006,P0006,1,27,-135,-30,-147.447,-35.311440000000005,-37.76124,219.23152,-26.04551,220.04254,11.73579978998882
Pirard2025,Measured,P0006,P0006,1,29,90,0,92.29973,1.394374,90.0,0.0,87.31076,148.75886,2.68923644602991
Pirard2025,Measured,P0006,P0006,1,36,-150,0,-156.8529,-17.139749999999992,-30.0,180.0,-22.06359,198.54145,18.420713239003216
Pirard2025,Measured,P0006,P0006,1,37,0,0,0.8706562,-0.6549155999999812,0.0,0.0,0.8706,-0.65499,1.0894602548840495
Pirard2025,Measured,P0006,P0006,1,41,45,30,53.3232,-20.433389999999974,37.76124,39.23152,48.72513,-31.95344,51.065822661152566
Pirard2025,Measured,P0006,P0006,1,44,90,30,99.8849,13.33468,60.0,90.0,73.45458,125.91411,19.005665177515105
Pirard2025,Measured,P0006,P0006,1,49,150,0,172.0179,0.0,30.0,180.0,7.9821,180.0,22.017899999999976
Pirard2025,Measured,P0006,P0006,1,50,180,0,179.8144,0.1978235,0.0,180.0,0.1856,179.80218,0.2712588436724167
Pirard2025,Measured,P0006,P0006,1,53,90,60,156.6306,41.85359,30.0,90.0,17.18461,135.70059,43.48426956062709
Pirard2025,Measured,P0006,P0006,1,55,45,-30,56.28056,-24.222249999999978,37.76124,-39.23152,49.33547,-39.02193,11.57520923915505
Pirard2025,Measured,P0006,P0006,1,62,180,30,-178.8957,15.35998,0.0,150.0,-1.06485,164.6373,14.67513963585144
Pirard2025,Measured,P0006,P0006,1,63,30,0,34.63264,-0.3045455999999831,30.0,0.0,34.63208,-0.37013,4.642617708803122
Pirard2025,Measured,P0006,P0006,1,68,60,0,90.23483,-0.8406987999999842,60.0,0.0,89.12712,254.39462,30.245410622749503
Pirard2025,Measured,P0006,P0006,1,69,-45,-30,-71.04034000000001,-35.600030000000004,-37.76124,-39.23152,-50.26308,-65.59058,22.520268361908272
Pirard2025,Measured,P0006,P0006,1,72,180,-30,1.12657,-0.7154583999999886,0.0,210.0,1.12648,-0.7156,149.26577017428448
Pirard2025,Measured,P0006,P0006,1,73,-45,30,-51.48594000000003,13.42172,-37.76124,39.23152,-49.55994,20.96788,17.628661952021186
Pirard2025,Measured,P0006,P0006,1,76,120,0,113.6918,-0.6507192000000259,60.0,180.0,66.29978,181.61908,6.341538487681615
Pirard2025,Measured,P0006,P0006,1,78,-60,0,-91.06378999999998,-15.222649999999987,-60.0,0.0,-74.7411,266.09698,34.25528142516967
Pirard2025,Measured,P0006,P0006,1,86,0,-30,0.3571801,-52.52683999999999,0.0,-30.0,0.2173,-52.52738,22.528371046886623
Pirard2025,Measured,P0006,P0006,1,87,-120,0,-125.9785,-26.473059999999975,-60.0,180.0,-46.41764,220.28718,27.0921239613566
Pirard2025,Measured,P0006,P0006,1,93,0,60,0.7306137,44.68227,0.0,60.0,0.51947,44.6846,15.323997501690112
Pirard2025,Measured,P0006,P0006,1,97,135,30,160.823,17.3498,37.76124,140.76848,18.27282,161.69711,26.724141786372567
Pirard2025,Measured,P0006,P0006,1,98,180,60,179.3851,-15.33996000000002,0.0,120.0,0.59299,195.3408,75.34160452172576
Pirard2025,Measured,P0006,P0006,2,0,0,90,0.07661668,0.05934703,0.0,90.0,0.07662,0.05935,89.94065296999999
Pirard2025,Measured,P0006,P0006,2,5,30,0,39.77193,-23.39134999999999,30.0,0.0,35.95548,-29.37041,25.2442223279099
Pirard2025,Measured,P0006,P0006,2,10,120,0,109.7958,-8.818576000000007,60.0,180.0,68.401,204.61195,13.456140693017703
Pirard2025,Measured,P0006,P0006,2,17,90,60,141.1939,7.335481,30.0,90.0,38.42998,170.61969,65.08002830030723
Pirard2025,Measured,P0006,P0006,2,19,0,-30,-0.4102161999999794,-52.01377000000002,0.0,-30.0,-0.25248,-52.01448,22.015858126846886
Pirard2025,Measured,P0006,P0006,2,20,-30,0,-43.93408999999997,-19.397989999999993,-30.0,0.0,-40.87755,-26.05661,23.72628341106514
Pirard2025,Measured,P0006,P0006,2,21,0,60,0.2036718,-1.663657999999998,0.0,60.0,0.20359,-1.66367,61.66386355376907
Pirard2025,Measured,P0006,P0006,2,22,60,0,91.45473,-0.9009206000000064,60.0,0.0,88.28894,211.77498,31.466306864997136
Pirard2025,Measured,P0006,P0006,2,24,180,30,-179.7906,44.58306,0.0,150.0,-0.14914,135.41675,14.583997373939903
Pirard2025,Measured,P0006,P0006,2,29,-45,30,-52.01071999999999,-0.2907402000000161,-37.76124,39.23152,-52.00978,-0.47235,31.018364349285104
Pirard2025,Measured,P0006,P0006,2,35,-90,-30,-91.12493999999998,-24.160739999999976,-60.0,-90.0,-65.81465,267.49406,5.924409353454844
Pirard2025,Measured,P0006,P0006,2,38,-90,60,-28.55225999999999,-0.9234448999999928,-30.0,90.0,-28.54821,-1.05128,76.99760576100783
Pirard2025,Measured,P0006,P0006,2,39,0,0,-65.55322999999999,89.43291,0.0,0.0,-0.51625,89.7653,89.76531429777037
Pirard2025,Measured,P0006,P0006,2,41,135,30,159.496,25.76189,37.76124,140.76848,18.38849,152.74066,22.018559325757614
Pirard2025,Measured,P0006,P0006,2,43,-90,30,-99.26440000000002,20.80819,-60.0,90.0,-67.30647,112.95889,12.41942166177962
Pirard2025,Measured,P0006,P0006,2,51,45,30,36.63531,-16.669759999999997,37.76124,39.23152,34.86479,-20.46337,47.360996150175765
Pirard2025,Measured,P0006,P0006,2,53,180,60,-179.9441,63.94809,0.0,120.0,-0.02455,116.0519,3.9481769687604618
Pirard2025,Measured,P0006,P0006,2,55,90,-30,90.65807,-29.498139999999974,60.0,-90.0,60.49518,268.83696,0.7604530630801561
Pirard2025,Measured,P0006,P0006,2,56,45,-30,32.44734,-43.59536000000003,37.76124,-39.23152,22.86528,-48.4491,16.865613395042264
Pirard2025,Measured,P0006,P0006,2,58,-60,0,-79.41998000000001,0.1823843,-60.0,0.0,-79.41843,0.99324,19.420803370478904
Pirard2025,Measured,P0006,P0006,2,59,-135,-30,-120.1526,-22.05504999999999,-37.76124,219.23152,-53.2655,218.88863,15.506067997243589
Pirard2025,Measured,P0006,P0006,2,63,-120,0,-110.9225,-21.668470000000013,-60.0,180.0,-60.23392,228.05066,23.408348068139222
Pirard2025,Measured,P0006,P0006,2,65,90,0,91.25475,0.7610474,90.0,0.0,88.53252,148.75828,1.4674801913342337
Pirard2025,Measured,P0006,P0006,2,69,180,-30,-179.253,-14.71226999999999,0.0,210.0,-0.72251,194.71347,15.3031920154233
Pirard2025,Measured,P0006,P0006,2,73,135,-30,163.6011,-25.980880000000013,37.76124,219.23152,14.70199,206.92987,25.5056691182344
Pirard2025,Measured,P0006,P0006,2,78,180,0,180.0,-19.34289000000001,0.0,180.0,0.0,199.34289,19.342890000000025
Pirard2025,Measured,P0006,P0006,2,83,150,0,166.8097,-1.0421140000000264,30.0,180.0,13.18808,181.07035,16.84104140780679
Pirard2025,Measured,P0006,P0006,2,87,-90,0,-99.10645,-6.212050999999974,-90.0,0.0,-78.99131,214.51774,11.008690570797912
Pirard2025,Measured,P0006,P0006,2,91,90,30,103.4558,22.68571,60.0,90.0,63.80641,119.10318,14.08652866362101
Pirard2025,Measured,P0006,P0006,2,93,-135,30,-30.86432000000002,22.95899,-37.76124,140.76848,-28.18816,26.26728,89.9833619404782
Pirard2025,Measured,P0006,P0006,2,94,-45,-30,-46.754369999999994,-38.68945000000002,-37.76124,-39.23152,-34.65039,-49.45296,8.80880258157475
Pirard2025,Measured,P0006,P0006,2,95,0,30,179.8155,-18.331000000000017,0.0,30.0,0.17514,198.33109,168.32979266782093
Pirard2025,Measured,P0006,P0006,2,98,-150,0,-149.7956,-31.775620000000004,-30.0,180.0,-25.32055,215.63089,31.77620858300365
Pirard2025,Measured,P0020,P0020,0,1,180,60,-0.6832827999999722,16.97206,0.0,120.0,-0.65352,16.9732,103.02594014975688
Pirard2025,Measured,P0020,P0020,0,3,0,-30,0.5237671,-22.009540000000015,0.0,-30.0,0.48559,-22.01037,8.004275758316632
Pirard2025,Measured,P0020,P0020,0,11,0,0,-0.2446942000000262,-0.6180231000000163,0.0,0.0,-0.24468,-0.61803,0.6646995422568935
Pirard2025,Measured,P0020,P0020,0,13,-30,0,-23.818840000000023,17.41553,-30.0,0.0,-22.66445,18.92598,18.447833643049716
Pirard2025,Measured,P0020,P0020,0,14,0,60,162.8043,89.34184,0.0,60.0,0.19457,90.62874,30.62930101959032
Pirard2025,Measured,P0020,P0020,0,20,180,0,-178.696,2.027482,0.0,180.0,-1.30318,177.97199,2.4104749388896174
Pirard2025,Measured,P0020,P0020,0,21,90,30,88.8437,0.1186941,60.0,90.0,88.83762,5.86128,29.901580939753305
Pirard2025,Measured,P0020,P0020,0,22,-60,0,-47.59742,-0.3516591000000062,-60.0,0.0,-47.59624,-0.52148,12.407486336248535
Pirard2025,Measured,P0020,P0020,0,23,0,30,-0.9624582999999802,17.0658,0.0,30.0,-0.92008,17.06807,12.964064868092528
Pirard2025,Measured,P0020,P0020,0,27,30,0,32.22695,-0.0279764599999907,30.0,0.0,32.22695,-0.03307,2.227125634230075
Pirard2025,Measured,P0020,P0020,0,28,135,30,146.4907,0.5808088,37.76124,140.76848,33.50735,179.30343,31.38441072872726
Pirard2025,Measured,P0020,P0020,0,34,60,0,88.4472,19.54321,60.0,0.0,70.3976,85.63452,34.04460002855061
Pirard2025,Measured,P0020,P0020,0,35,-90,-30,-90.15155,-25.45283000000001,-60.0,-90.0,-64.54675,269.6816,4.549146475793205
Pirard2025,Measured,P0020,P0020,0,38,180,-30,-177.3526,-23.65649999999999,0.0,210.0,-2.42479,203.679,6.768370882926136
Pirard2025,Measured,P0020,P0020,0,43,-90,30,-93.04435999999998,8.063872,-60.0,90.0,-81.38415,110.54893,22.12098746265863
Pirard2025,Measured,P0020,P0020,0,48,0,90,-178.1337,10.25005,0.0,90.0,-1.8365,169.74463,79.74995000000001
Pirard2025,Measured,P0020,P0020,0,52,-45,-30,-52.160799999999995,-19.12324000000001,-37.76124,-39.23152,-48.25839,-29.47618,12.66901832189614
Pirard2025,Measured,P0020,P0020,0,53,-90,60,-81.8168,12.84729,-30.0,90.0,-74.80493,58.03083,47.53939468579545
Pirard2025,Measured,P0020,P0020,0,59,-45,30,-50.030809999999974,2.114611,-37.76124,39.23152,-49.98428,3.28974,28.291098266738004
Pirard2025,Measured,P0020,P0020,0,60,-150,0,-144.2154,-15.875470000000009,-30.0,180.0,-34.22449,199.31945,16.871005941880558
Pirard2025,Measured,P0020,P0020,0,63,45,30,89.21813,4.042347,37.76124,39.23152,85.88286,79.0711,49.1277617442304
Pirard2025,Measured,P0020,P0020,0,65,-135,30,-133.0749,-7.516663999999992,-37.76124,140.76848,-46.40106,190.93496,37.56223191275964
Pirard2025,Measured,P0020,P0020,0,68,-120,0,-135.734,-2.6835800000000063,-60.0,180.0,-44.20479,183.74486,15.955512805595102
Pirard2025,Measured,P0020,P0020,0,69,180,30,-178.2593,-1.0596180000000004,0.0,150.0,-1.7404,181.06011,31.10396341597694
Pirard2025,Measured,P0020,P0020,0,74,-135,-30,-141.6707,-25.93031000000002,-37.76124,219.23152,-33.89997,211.79169,7.15820447734386
Pirard2025,Measured,P0020,P0020,0,76,45,-30,45.37309,-27.917359999999977,37.76124,-39.23152,38.96693,-37.02592,2.1080633990749877
Pirard2025,Measured,P0020,P0020,0,79,90,60,89.37952,32.74567,30.0,90.0,57.24911,89.03531,27.25741513120226
Pirard2025,Measured,P0020,P0020,0,81,-90,0,-89.76767999999998,0.05934703,-90.0,0.0,-89.76022,14.33001,0.2397803850763791
Pirard2025,Measured,P0020,P0020,0,83,90,-30,90.35736,-20.10984000000002,60.0,-90.0,69.88712,269.02409,9.895435138753983
Pirard2025,Measured,P0020,P0020,0,84,150,0,147.2315,-16.45236,30.0,180.0,31.27089,199.35114,16.67731644863791
Pirard2025,Measured,P0020,P0020,0,94,90,0,91.76322,-2.186507000000006,90.0,0.0,87.1914,231.13498,2.8086025319809957
Pirard2025,Measured,P0020,P0020,0,97,135,-30,142.6414,-25.539879999999982,37.76124,219.23152,33.19624,211.0124,8.096350148961838
Pirard2025,Measured,P0020,P0020,0,98,120,0,122.2316,-0.5315545999999927,60.0,180.0,57.76449,180.99658,2.2940021710176555
Pirard2025,Measured,P0020,P0020,1,3,180,30,176.2992,10.21336,0.0,150.0,3.64208,169.76575,20.085292459291388
Pirard2025,Measured,P0020,P0020,1,6,-90,30,-89.71837,1.165165,-60.0,90.0,-88.80129,76.41361,28.836077600753004
Pirard2025,Measured,P0020,P0020,1,10,45,30,53.67605,1.380693,37.76124,39.23152,53.65343,2.33004,29.78280122512064
Pirard2025,Measured,P0020,P0020,1,11,90,60,137.9261,-17.880089999999996,30.0,90.0,39.62232,203.49055,86.96363443014987
Pirard2025,Measured,P0020,P0020,1,13,-120,0,-127.5448,-3.599129000000005,-60.0,180.0,-52.30841,185.89311,8.35480445711918
Pirard2025,Measured,P0020,P0020,1,15,-45,-30,-90.32063,-21.00463000000002,-37.76124,-39.23152,-68.99303,269.165,41.60891403744974
Pirard2025,Measured,P0020,P0020,1,19,-135,-30,-179.6637,-26.232289999999978,-37.76124,219.23152,-0.30166,206.23268,39.328573809491125
Pirard2025,Measured,P0020,P0020,1,20,90,30,88.86421,-0.8204377000000136,60.0,90.0,88.59891,-35.8461,30.839458485406812
Pirard2025,Measured,P0020,P0020,1,21,30,0,42.93883,2.340423,30.0,0.0,42.89437,3.19541,13.145244760480344
Pirard2025,Measured,P0020,P0020,1,27,0,0,-0.8522571999999968,-0.1631294000000025,0.0,0.0,-0.85225,-0.16315,0.8677278222071384
Pirard2025,Measured,P0020,P0020,1,28,180,60,-178.6634,36.98088,0.0,120.0,-1.06769,143.01163,23.035038316550235
Pirard2025,Measured,P0020,P0020,1,31,180,0,178.6697,-19.34548000000001,0.0,180.0,1.25518,199.35031,19.389417874921477
Pirard2025,Measured,P0020,P0020,1,32,0,30,2.588231,21.67749,0.0,30.0,2.40507,21.69757,8.641421288568411
Pirard2025,Measured,P0020,P0020,1,33,-90,0,-90.34778,2.591481,-90.0,0.0,-87.3853,97.6383,2.6146973461931076
Pirard2025,Measured,P0020,P0020,1,36,-90,60,-140.2204,32.3229,-30.0,90.0,-32.73078,140.53458,42.82768958773699
Pirard2025,Measured,P0020,P0020,1,44,120,0,90.78096,-0.9202609999999822,60.0,180.0,88.79305,229.68441,29.232250289020424
Pirard2025,Measured,P0020,P0020,1,49,90,0,90.44514,-0.5980710000000045,90.0,0.0,89.25446,233.34122,0.7455409739777922
Pirard2025,Measured,P0020,P0020,1,51,90,-30,103.4788,-22.74092999999999,60.0,-90.0,63.7483,240.92188,14.073241569132222
Pirard2025,Measured,P0020,P0020,1,52,-30,0,-144.6,-0.574372100000005,-30.0,0.0,-35.39795,180.70463,114.59868193199658
Pirard2025,Measured,P0020,P0020,1,58,-135,30,-159.514,24.03906,-37.76124,140.76848,-18.6402,154.53812,22.58661979616073
Pirard2025,Measured,P0020,P0020,1,61,150,0,157.9962,-27.941849999999988,30.0,180.0,19.32891,209.77297,28.97462370850448
Pirard2025,Measured,P0020,P0020,1,62,0,60,-179.4999,0.8543211,0.0,60.0,-0.50004,179.14565,119.14442958467056
Pirard2025,Measured,P0020,P0020,1,64,180,-30,-179.9477,-25.321450000000027,0.0,210.0,-0.04728,205.32146,4.678779084669472
Pirard2025,Measured,P0020,P0020,1,65,-150,0,178.8767,-20.134990000000016,-30.0,180.0,1.05464,200.13855,36.51141295773993
Pirard2025,Measured,P0020,P0020,1,71,60,0,88.66987,1.096465,60.0,0.0,88.27626,39.50571,28.689050577410733
Pirard2025,Measured,P0020,P0020,1,73,45,-30,82.25977,-22.00927999999999,37.76124,-39.23152,66.73329,-71.57223,34.267762512196235
Pirard2025,Measured,P0020,P0020,1,76,-60,0,-89.55059,2.755343,-60.0,0.0,-87.20827,80.74346,29.667217258784376
Pirard2025,Measured,P0020,P0020,1,81,135,30,151.0584,-20.808479999999975,37.76124,140.76848,26.89478,203.47376,53.10670367617664
Pirard2025,Measured,P0020,P0020,1,86,0,-30,2.860128,-30.15391999999997,0.0,-30.0,2.47283,-30.18495,2.4797359583963203
Pirard2025,Measured,P0020,P0020,1,89,135,-30,137.0617,-27.367970000000017,37.76124,219.23152,37.22627,215.26322,3.193393829121673
Pirard2025,Measured,P0020,P0020,1,92,-45,30,-63.676319999999976,-1.1496099999999956,-37.76124,39.23152,-63.65302,-2.59105,35.8819679589082
Pirard2025,Measured,P0020,P0020,1,95,-90,-30,-90.31579999999995,-13.825210000000029,-60.0,-90.0,-76.17125,268.71695,16.177417042191173
Pirard2025,Measured,P0020,P0020,1,98,0,90,103.6592,88.57965,0.0,90.0,1.38017,90.33548,1.4203499999998863
Pirard2025,Measured,P0020,P0020,2,3,-90,-30,-91.10938,-21.34408000000002,-60.0,-90.0,-68.62845,267.16354,8.713292459487382
Pirard2025,Measured,P0020,P0020,2,4,-150,0,-177.1252,-13.762749999999984,-30.0,180.0,-2.7922,193.77943,30.178972536732157
Pirard2025,Measured,P0020,P0020,2,17,135,-30,143.0448,-36.616359999999986,37.76124,219.23152,28.85167,222.92053,9.42553895476621
Pirard2025,Measured,P0020,P0020,2,19,60,0,90.0475,-2.611569999999972,60.0,0.0,87.388,268.95872,30.15021475809814
Pirard2025,Measured,P0020,P0020,2,20,0,-30,1.079197,-29.457159999999988,0.0,-30.0,0.93967,-29.46151,1.0830145079051714
Pirard2025,Measured,P0020,P0020,2,21,90,0,88.9289,-3.217653999999982,90.0,0.0,86.60893,-71.60737,3.391068581265184
Pirard2025,Measured,P0020,P0020,2,27,0,0,0.1356209,-3.302568000000008,0.0,0.0,0.1354,-3.30258,3.3053484004953044
Pirard2025,Measured,P0020,P0020,2,28,135,30,143.7716,-19.970000000000027,37.76124,140.76848,33.74305,204.25001,50.67868538017826
Pirard2025,Measured,P0020,P0020,2,32,120,0,123.5869,-3.586159000000009,60.0,180.0,56.24453,186.46348,5.070461355900937
Pirard2025,Measured,P0020,P0020,2,34,90,60,139.4725,-1.8970259999999823,30.0,90.0,40.50066,182.49511,72.77888339003499
Pirard2025,Measured,P0020,P0020,2,35,-90,30,-88.96509000000003,1.4878,-60.0,90.0,-88.18772,55.18512,28.529146247560412
Pirard2025,Measured,P0020,P0020,2,40,0,90,-176.8394,27.12856,0.0,90.0,-2.81259,152.83603,62.87144
Pirard2025,Measured,P0020,P0020,2,46,45,-30,50.47581,-26.06785000000002,37.76124,-39.23152,43.85925,-37.54923,6.229123541853168
Pirard2025,Measured,P0020,P0020,2,49,180,-30,-178.1955,-32.51015000000001,0.0,210.0,-1.52166,212.52303,2.946121283447969
Pirard2025,Measured,P0020,P0020,2,54,45,30,129.7894,3.625689,37.76124,39.23152,50.0731,174.34543,83.678271383705
Pirard2025,Measured,P0020,P0020,2,55,-90,60,-142.0368,-0.809150499999987,-30.0,90.0,-37.95874,181.02627,72.82345044845029
Pirard2025,Measured,P0020,P0020,2,56,-45,-30,-143.2027,-22.93795,-37.76124,-39.23152,-33.4784,207.85622,85.34954919158056
Pirard2025,Measured,P0020,P0020,2,59,-90,0,-89.86079999999998,-0.9223847999999748,-90.0,0.0,-89.06717,-81.41881,0.93282832574664
Pirard2025,Measured,P0020,P0020,2,60,-60,0,-51.54172,3.844762,-60.0,0.0,-51.37965,6.16721,9.285317641189058
Pirard2025,Measured,P0020,P0020,2,62,30,0,44.55363,-0.8346253000000274,30.0,0.0,44.54765,-1.17117,14.577026407445752
Pirard2025,Measured,P0020,P0020,2,63,90,30,90.84593,-0.4841638999999986,60.0,90.0,89.02532,209.78594,30.49482224615374
Pirard2025,Measured,P0020,P0020,2,71,-30,0,-47.62475999999998,2.669392,-30.0,0.0,-47.55666,3.95718,17.819416475827754
Pirard2025,Measured,P0020,P0020,2,73,0,30,-178.4785,-10.04471000000001,0.0,30.0,-1.49817,190.04818,159.99429698441452
Pirard2025,Measured,P0020,P0020,2,75,-135,-30,-179.1526,-20.131579999999985,-37.76124,219.23152,-0.79562,200.13361,40.93193767959264
Pirard2025,Measured,P0020,P0020,2,77,150,0,149.5998,-25.224679999999974,30.0,180.0,27.24414,208.64268,25.227646685764427
Pirard2025,Measured,P0020,P0020,2,78,-45,30,-140.8986,-21.120029999999986,-37.76124,39.23152,-36.03855,206.46184,105.25901624667831
Pirard2025,Measured,P0020,P0020,2,81,-135,30,-137.9626,-1.331485999999984,-37.76124,140.76848,-42.02345,181.79248,31.4587556731944
Pirard2025,Measured,P0020,P0020,2,85,-120,0,-140.0746,0.03956468,-60.0,180.0,-39.92539,179.94841,20.074637380038357
Pirard2025,Measured,P0020,P0020,2,88,180,0,180.0,-13.022620000000018,0.0,180.0,0.0,193.02262,13.02262000000001
Pirard2025,Measured,P0020,P0020,2,91,180,60,179.5855,0.4215088,0.0,120.0,0.41449,179.57848,59.57936052180068
Pirard2025,Measured,P0020,P0020,2,93,180,30,178.5732,-16.971310000000017,0.0,150.0,1.36465,196.97627,46.99143559591932
Pirard2025,Measured,P0020,P0020,2,96,90,-30,90.44572,-23.28390999999999,60.0,-90.0,66.71206,268.96437,6.727872255942386
Pirard2025,Measured,P0020,P0020,2,97,0,60,-178.3466,1.831307,0.0,60.0,-1.65256,178.16793,118.15517099273345
Pirard2025,Measured,P0107,P0107,0,12,0,-30,18.7783,-17.178269999999998,0.0,-30.0,17.91146,-18.0827,21.404965050921724
Pirard2025,Measured,P0107,P0107,0,13,45,30,116.5798,21.77026,37.76124,39.23152,56.15305,138.24924,63.92319532339284
Pirard2025,Measured,P0107,P0107,0,15,-90,0,-94.26806,31.11048,-90.0,0.0,-58.62722,97.03028,31.37277877636827
Pirard2025,Measured,P0107,P0107,0,19,-90,60,-146.9169,42.06659,-30.0,90.0,-23.90519,132.87325,38.478296417042586
Pirard2025,Measured,P0107,P0107,0,22,0,0,0.0,0.08846933,0.0,0.0,0.0,0.08847,0.0884693300019765
Pirard2025,Measured,P0107,P0107,0,23,180,-30,179.2021,-0.4205792999999858,0.0,210.0,0.79788,180.42062,29.589165883419803
Pirard2025,Measured,P0107,P0107,0,25,60,0,91.0648,17.28971,60.0,0.0,72.67853,93.41659,35.12698567956527
Pirard2025,Measured,P0107,P0107,0,27,-60,0,-94.98190999999996,3.732398,-60.0,0.0,-83.77786,143.0862,35.1552097029406
Pirard2025,Measured,P0107,P0107,0,28,90,30,90.45251,19.94205,60.0,90.0,70.05303,91.24697,10.066276177340022
Pirard2025,Measured,P0107,P0107,0,31,30,0,45.36514,1.580287,30.0,0.0,45.34307,2.24866,15.444244121089952
Pirard2025,Measured,P0107,P0107,0,33,0,60,0.8494976,25.01106,0.0,60.0,0.76983,25.01347,34.99391590236171
Pirard2025,Measured,P0107,P0107,0,36,135,30,89.83354,11.79039,37.76124,140.76848,78.20845,89.20259,45.58308529398748
Pirard2025,Measured,P0107,P0107,0,38,0,30,-0.0862292300000149,15.78765,0.0,30.0,-0.08298,15.78767,14.212570243545084
Pirard2025,Measured,P0107,P0107,0,39,-120,0,-118.2775,-19.17048,-60.0,180.0,-56.28686,216.27335,19.24481098914318
Pirard2025,Measured,P0107,P0107,0,42,0,90,179.3741,12.7491,0.0,90.0,0.61047,167.25016,77.2509
Pirard2025,Measured,P0107,P0107,0,44,-90,30,-90.99172,40.5066,-60.0,90.0,-49.48335,91.16067,10.537546624079388
Pirard2025,Measured,P0107,P0107,0,52,-30,0,-33.24671999999998,1.070823,-30.0,0.0,-33.24016,1.28034,3.4185706139131025
Pirard2025,Measured,P0107,P0107,0,55,90,0,90.98008,0.2853053,90.0,0.0,88.97924,163.76863,1.0207585322932164
Pirard2025,Measured,P0107,P0107,0,57,-45,-30,-152.6329,-33.84539000000001,-37.76124,-39.23152,-22.44476,217.05648,86.52591354864346
Pirard2025,Measured,P0107,P0107,0,58,180,60,0.4020255,36.07824,0.0,120.0,0.32492,36.07891,83.92118681136614
Pirard2025,Measured,P0107,P0107,0,61,-135,30,-127.0815,24.8522,-37.76124,140.76848,-46.37744,142.46946,8.70763499555524
Pirard2025,Measured,P0107,P0107,0,62,90,60,147.9939,26.12972,30.0,90.0,28.4142,149.95188,51.73329087818082
Pirard2025,Measured,P0107,P0107,0,63,-135,-30,-147.7986,-0.5203938999999878,-37.76124,219.23152,-32.19991,180.61499,31.895281943357613
Pirard2025,Measured,P0107,P0107,0,68,90,-30,97.06442,-23.775739999999985,60.0,-90.0,65.25548,254.40213,8.852165449248982
Pirard2025,Measured,P0107,P0107,0,70,150,0,160.8108,-13.970280000000002,30.0,180.0,18.60043,194.75722,17.598617128103527
Pirard2025,Measured,P0107,P0107,0,76,180,0,-1.583009000000004,-22.660860000000017,0.0,180.0,-1.46078,-22.66864,157.28682231290594
Pirard2025,Measured,P0107,P0107,0,79,45,-30,137.9226,-22.76967000000002,37.76124,-39.23152,38.16361,209.48826,81.21083276852
Pirard2025,Measured,P0107,P0107,0,80,-45,30,-96.0498,22.46976,-37.76124,39.23152,-66.77086,104.29593,46.03742494648469
Pirard2025,Measured,P0107,P0107,0,87,135,-30,145.5916,-32.26814000000002,37.76124,219.23152,28.5428,217.42682,9.340841110351674
Pirard2025,Measured,P0107,P0107,0,90,-150,0,-153.3679,-2.8014890000000037,-30.0,180.0,-26.59777,183.13337,4.379731534053505
Pirard2025,Measured,P0107,P0107,0,92,-90,-30,-90.90305,-21.735130000000023,-60.0,-90.0,-68.24703,267.73605,8.304600375272054
Pirard2025,Measured,P0107,P0107,0,93,180,30,0.08846933,-0.0884693300000094,0.0,150.0,0.08847,-0.08847,150.0883507106189
Pirard2025,Measured,P0107,P0107,0,96,120,0,120.2466,-0.4821388999999954,60.0,180.0,59.74992,180.95708,0.5415422822971061
Pirard2025,Measured,P0107,P0107,1,1,60,0,91.27415,22.08421,60.0,0.0,67.8809,93.13694,37.628481434614926
Pirard2025,Measured,P0107,P0107,1,3,180,0,179.9407,-19.55998999999997,0.0,180.0,0.05588,199.56,19.560076370186017
Pirard2025,Measured,P0107,P0107,1,6,-120,0,-117.4124,16.95796,-60.0,180.0,-58.11576,146.48254,17.148509873609424
Pirard2025,Measured,P0107,P0107,1,9,0,60,1.040046,24.50696,0.0,60.0,0.94634,24.51052,35.50043588313436
Pirard2025,Measured,P0107,P0107,1,16,30,0,20.82198,0.8168523,30.0,0.0,20.81977,0.87392,9.213988376174044
Pirard2025,Measured,P0107,P0107,1,18,-90,0,-92.11568,1.545604,-90.0,0.0,-87.38009,143.83729,2.619906045199082
Pirard2025,Measured,P0107,P0107,1,19,45,-30,60.4493,-26.48352,37.76124,-39.23152,51.13554,-45.29063,14.04428217000687
Pirard2025,Measured,P0107,P0107,1,33,-45,30,-95.14611000000002,26.67446,-37.76124,39.23152,-62.86945,100.12285,43.914807905938815
Pirard2025,Measured,P0107,P0107,1,36,180,30,0.1203313,1.999195,0.0,150.0,0.12026,1.9992,148.00059861913007
Pirard2025,Measured,P0107,P0107,1,45,0,90,178.3038,34.50513,0.0,90.0,1.39773,145.48315,55.494870000000006
Pirard2025,Measured,P0107,P0107,1,47,90,-30,88.57666,-28.160590000000013,60.0,-90.0,61.8064,-87.34327,2.2204669669177632
Pirard2025,Measured,P0107,P0107,1,52,-30,0,-40.31903,7.672505,-30.0,0.0,-39.88512,10.02008,12.833981995524374
Pirard2025,Measured,P0107,P0107,1,53,120,0,140.1461,2.04076,60.0,180.0,39.82357,177.34244,20.24492451220998
Pirard2025,Measured,P0107,P0107,1,54,-90,30,-92.48185999999998,31.65529,-60.0,90.0,-58.25765,94.01764,2.6983659583655912
Pirard2025,Measured,P0107,P0107,1,57,-45,-30,-45.653160000000014,-21.645789999999977,-37.76124,-39.23152,-41.65875,-29.58546,8.374810573334747
Pirard2025,Measured,P0107,P0107,1,60,90,30,93.10423,27.77348,60.0,90.0,62.0673,95.87079,3.5132125368288123
Pirard2025,Measured,P0107,P0107,1,61,-150,0,-145.1799,-21.05450000000002,-30.0,180.0,-32.20032,205.12262,21.574743299207633
Pirard2025,Measured,P0107,P0107,1,62,0,0,0.7200928,-0.5675175999999738,0.0,0.0,0.72006,-0.56756,0.9168385402287288
Pirard2025,Measured,P0107,P0107,1,64,45,30,137.0661,21.14335,37.76124,39.23152,39.4422,152.1557,81.30173860833762
Pirard2025,Measured,P0107,P0107,1,65,135,30,147.1493,24.32666,37.76124,140.76848,29.62284,151.71389,12.19696453292462
Pirard2025,Measured,P0107,P0107,1,66,0,30,-179.9344,41.96645,0.0,30.0,-0.04878,138.03353,108.03352456895016
Pirard2025,Measured,P0107,P0107,1,67,-90,60,-94.46963,55.85076,-30.0,90.0,-34.03113,93.02588,4.777684088679182
Pirard2025,Measured,P0107,P0107,1,72,-60,0,-67.88776999999999,-0.7750598000000082,-60.0,0.0,-67.87487,-2.05826,7.925517863929742
Pirard2025,Measured,P0107,P0107,1,73,180,-30,-179.9441,-17.209519999999998,0.0,210.0,-0.0534,197.20953,12.790581895829334
Pirard2025,Measured,P0107,P0107,1,80,-135,-30,-146.3778,-20.44580999999999,-37.76124,219.23152,-31.25393,204.11831,14.026949859038128
Pirard2025,Measured,P0107,P0107,1,81,90,60,156.6098,31.56738,30.0,90.0,19.77006,146.20039,51.501935417617624
Pirard2025,Measured,P0107,P0107,1,82,150,0,166.9915,1.421202,30.0,180.0,13.00443,178.54138,17.049085695474893
Pirard2025,Measured,P0107,P0107,1,84,90,0,91.57685,0.3544303,90.0,0.0,88.38382,167.3304,1.6161822429904429
Pirard2025,Measured,P0107,P0107,1,87,0,-30,-0.8216294000000062,-23.29662000000002,0.0,-30.0,-0.75464,-23.29876,6.74340383645879
Pirard2025,Measured,P0107,P0107,1,88,-135,30,-148.1724,30.08436,-37.76124,140.76848,-27.15008,145.71239,11.396773445229584
Pirard2025,Measured,P0107,P0107,1,91,135,-30,147.2445,-23.774890000000028,37.76124,219.23152,29.67894,207.64662,12.558472794322888
Pirard2025,Measured,P0107,P0107,1,94,180,60,-114.3053,88.31641,0.0,120.0,-1.53433,90.69313,29.343446514229225
Pirard2025,Measured,P0107,P0107,1,95,-90,-30,-86.31351000000001,-23.50024999999999,-60.0,-90.0,-66.22857,-81.58856,7.2843985538587726
Pirard2025,Measured,P0107,P0107,2,0,120,0,129.9696,0.9106421,60.0,180.0,50.02177,178.58257,10.010684637114398
Pirard2025,Measured,P0107,P0107,2,1,-60,0,-79.06067999999999,0.7553698,-60.0,0.0,-79.03495,3.97431,19.07508583203619
Pirard2025,Measured,P0107,P0107,2,3,90,-30,98.41105,-26.50506999999999,60.0,-90.0,62.28471,253.6528,8.188681295222544
Pirard2025,Measured,P0107,P0107,2,5,-90,60,-90.44285000000002,48.43751,-30.0,90.0,-41.56097,90.39265,11.565322033865792
Pirard2025,Measured,P0107,P0107,2,7,90,60,161.7407,24.25869,30.0,90.0,16.59782,154.61362,60.090024491624106
Pirard2025,Measured,P0107,P0107,2,8,0,-30,0.05233916,-25.259000000000015,0.0,-30.0,0.04733,-25.25901,4.741226529286762
Pirard2025,Measured,P0107,P0107,2,10,-30,0,-35.72985,-1.1849819999999909,-30.0,0.0,-35.72104,-1.45963,5.850699022622819
Pirard2025,Measured,P0107,P0107,2,15,0,30,0.272681,40.13256,0.0,30.0,0.20848,40.13288,10.135001819611938
Pirard2025,Measured,P0107,P0107,2,18,180,0,-3.231254999999976,0.5348573,0.0,180.0,-3.23111,0.53571,176.72482399637917
Pirard2025,Measured,P0107,P0107,2,23,-135,30,-138.2301,28.04774,-37.76124,140.76848,-36.00859,144.45999,3.4332042075320457
Pirard2025,Measured,P0107,P0107,2,26,135,-30,145.1469,-31.170230000000004,37.76124,219.23152,29.27307,216.3954,8.809998273290502
Pirard2025,Measured,P0107,P0107,2,27,180,-30,178.7351,-25.454619999999977,0.0,210.0,1.14209,205.46004,4.681120661058648
Pirard2025,Measured,P0107,P0107,2,34,30,0,35.11549,-0.2298501999999871,30.0,0.0,35.11517,-0.28099,5.120637519114093
Pirard2025,Measured,P0107,P0107,2,35,60,0,76.47591,21.4184,60.0,0.0,64.84015,59.19821,26.783785237990692
Pirard2025,Measured,P0107,P0107,2,36,-45,30,-146.0583,33.09979,-37.76124,39.23152,-27.88773,141.8405,82.30525177540558
Pirard2025,Measured,P0107,P0107,2,41,45,30,122.1654,24.87227,37.76124,39.23152,50.1745,138.94987,67.36671458141106
Pirard2025,Measured,P0107,P0107,2,42,-90,30,-92.9846,22.01526,-60.0,90.0,-67.79332,97.33776,8.422046708171822
Pirard2025,Measured,P0107,P0107,2,43,-120,0,-123.4882,-1.095751000000007,-60.0,180.0,-56.49597,181.98535,3.656053293557523
Pirard2025,Measured,P0107,P0107,2,54,0,60,176.1538,57.47041,0.0,60.0,2.06713,122.47105,62.490477290995074
Pirard2025,Measured,P0107,P0107,2,56,-135,-30,-133.2014,-26.137740000000008,-37.76124,219.23152,-40.87474,215.63383,4.175401452735276
Pirard2025,Measured,P0107,P0107,2,60,45,-30,70.61633,-22.897170000000017,37.76124,-39.23152,60.34128,-51.83948,23.948474877339205
Pirard2025,Measured,P0107,P0107,2,64,-45,-30,-157.2819,-20.842840000000024,-37.76124,-39.23152,-21.15699,202.42801,97.41032787489226
Pirard2025,Measured,P0107,P0107,2,65,90,30,88.8654,36.70849,60.0,90.0,53.27645,88.47874,6.774926928301181
Pirard2025,Measured,P0107,P0107,2,67,-90,-30,-104.92419999999998,-29.785450000000026,-60.0,-90.0,-56.99419,245.77432,12.931320095565075
Pirard2025,Measured,P0107,P0107,2,68,150,0,160.2101,0.5878411,30.0,180.0,19.78881,179.37527,10.226829109350016
Pirard2025,Measured,P0107,P0107,2,70,180,30,-0.7720241999999757,21.2801,0.0,150.0,-0.71938,21.28186,128.71452059293998
Pirard2025,Measured,P0107,P0107,2,74,180,60,2.537596,37.6887,0.0,120.0,2.00787,37.7159,82.28886684516992
Pirard2025,Measured,P0107,P0107,2,77,-90,0,-93.02415000000002,10.46142,-90.0,0.0,-79.11492,105.94592,10.885077694064416
Pirard2025,Measured,P0107,P0107,2,78,135,30,140.3034,16.65435,37.76124,140.76848,37.72908,158.75464,14.200427257471366
Pirard2025,Measured,P0107,P0107,2,79,0,90,178.7735,40.73005,0.0,90.0,0.9294,139.26346,49.26995000000001
Pirard2025,Measured,P0107,P0107,2,92,90,0,102.932,1.760253,90.0,0.0,76.95077,172.18094,13.049226648186323
Pirard2025,Measured,P0107,P0107,2,95,0,0,0.4873863,0.07401875,0.0,0.0,0.48739,0.07402,0.492974693701374
Pirard2025,Measured,P0107,P0107,2,96,-150,0,-157.4401,-29.478999999999985,-30.0,180.0,-19.51055,211.47204,30.321418774304593
Pirard2025,Measured,P0155,P0155,0,6,45,-30,46.89128,17.19509,37.76124,-39.23152,44.22096,24.36249,47.230275724496735
Pirard2025,Measured,P0155,P0155,0,8,-60,0,-65.61693000000002,25.74149,-60.0,0.0,-55.12684,49.42916,26.30629257162044
Pirard2025,Measured,P0155,P0155,0,9,-120,0,-121.94459999999998,-0.307104900000013,-60.0,180.0,-58.05408,180.58042,1.9686915358943124
Pirard2025,Measured,P0155,P0155,0,11,-90,30,-99.33848,30.23845,-60.0,90.0,-58.48324,105.55571,8.07887968934056
Pirard2025,Measured,P0155,P0155,0,12,-90,0,-105.6114,-18.587530000000015,-90.0,0.0,-65.90519,231.33235,24.09480995839144
Pirard2025,Measured,P0155,P0155,0,16,0,30,2.20176,20.70113,0.0,30.0,2.05954,20.71513,9.508596450412574
Pirard2025,Measured,P0155,P0155,0,18,180,0,0.825194,-3.454170999999974,0.0,180.0,0.82369,-3.45453,176.44874426958594
Pirard2025,Measured,P0155,P0155,0,20,-135,30,-140.2807,20.83879,-37.76124,140.76848,-36.67141,153.67099,10.32430580943878
Pirard2025,Measured,P0155,P0155,0,25,0,0,-0.6489124999999945,2.614342,0.0,0.0,-0.64824,2.61451,2.693618244791643
Pirard2025,Measured,P0155,P0155,0,31,90,-30,94.18459,-34.57337000000001,60.0,-90.0,55.20561,263.95597,5.780491880842766
Pirard2025,Measured,P0155,P0155,0,34,90,0,92.44492,24.29357,90.0,0.0,65.59114,95.39884,24.408862133702012
Pirard2025,Measured,P0155,P0155,0,39,0,-30,-0.3238513000000012,-0.2478722000000175,0.0,-30.0,-0.32385,-0.24788,29.75372498072639
Pirard2025,Measured,P0155,P0155,0,41,-150,0,-144.6261,0.8062432,-30.0,180.0,-35.36987,179.01125,5.433868057620091
Pirard2025,Measured,P0155,P0155,0,42,-45,-30,-65.85253999999998,40.37429,-37.76124,-39.23152,-44.04042,64.30723,72.9827543523012
Pirard2025,Measured,P0155,P0155,0,45,135,30,136.146,27.27881,37.76124,140.76848,38.00804,144.43112,2.901055395629994
Pirard2025,Measured,P0155,P0155,0,48,150,0,144.4183,0.1235407,30.0,180.0,35.5816,179.8481,5.5830626793739135
Pirard2025,Measured,P0155,P0155,0,49,0,90,3.797101,33.66562,0.0,90.0,3.15957,33.72374,56.33438000000001
Pirard2025,Measured,P0155,P0155,0,50,30,0,41.98468,22.31409,30.0,0.0,38.23146,28.90475,25.18321322394075
Pirard2025,Measured,P0155,P0155,0,55,-45,30,-75.89519000000001,31.74975,-37.76124,39.23152,-55.55988,68.50484,26.48637977189884
Pirard2025,Measured,P0155,P0155,0,56,-90,60,-107.5596,43.78144,-30.0,90.0,-43.49905,107.4746,19.372437533187064
Pirard2025,Measured,P0155,P0155,0,57,45,30,142.8857,25.63327,37.76124,39.23152,32.95776,148.96372,83.73183452018642
Pirard2025,Measured,P0155,P0155,0,64,90,60,84.38269,48.30419,30.0,90.0,41.45117,85.01651,12.138950654572712
Pirard2025,Measured,P0155,P0155,0,69,-135,-30,-145.7344,-24.902379999999994,-37.76124,219.23152,-30.70934,209.32427,10.796325011937498
Pirard2025,Measured,P0155,P0155,0,70,60,0,78.00288,20.22279,60.0,0.0,66.61522,60.56565,26.82174530648943
Pirard2025,Measured,P0155,P0155,0,75,180,30,0.373777,20.81074,0.0,150.0,0.34939,20.81114,129.18798661303228
Pirard2025,Measured,P0155,P0155,0,78,90,30,108.1342,26.88358,60.0,90.0,57.95431,121.54705,16.22855016972031
Pirard2025,Measured,P0155,P0155,0,81,180,60,7.449981,69.30653,0.0,120.0,2.62609,69.46658,50.58294110956139
Pirard2025,Measured,P0155,P0155,0,83,-90,-30,-93.05872,-28.894630000000006,-60.0,-90.0,-60.95782,264.47771,2.8836690993343588
Pirard2025,Measured,P0155,P0155,0,88,135,-30,136.9435,-35.05883,37.76124,219.23152,33.9762,223.8425,5.3172178239960495
Pirard2025,Measured,P0155,P0155,0,92,-30,0,-47.25396999999998,29.20244,-30.0,0.0,-39.86883,39.47078,33.527562396856894
Pirard2025,Measured,P0155,P0155,0,94,120,0,127.5398,7.743215,60.0,180.0,51.78549,167.42007,10.7916192606688
Pirard2025,Measured,P0155,P0155,0,97,180,-30,-1.3239689999999769,-16.47314,0.0,210.0,-1.26961,-16.4773,133.50934219977114
Pirard2025,Measured,P0155,P0155,0,98,0,60,0.839068,23.59966,0.0,60.0,0.76889,23.60191,36.40508332882917
Pirard2025,Measured,P0155,P0155,1,0,90,60,120.7923,42.70454,30.0,90.0,39.14363,119.01635,25.44645536719397
Pirard2025,Measured,P0155,P0155,1,3,-135,30,-152.1875,4.857001,-37.76124,140.76848,-27.70402,174.51228,29.92090137609946
Pirard2025,Measured,P0155,P0155,1,4,-45,30,-68.63544000000002,41.88913,-37.76124,39.23152,-43.89043,67.89425,22.41185392186008
Pirard2025,Measured,P0155,P0155,1,17,135,-30,141.8409,-23.543439999999975,37.76124,219.23152,34.50069,208.99231,8.88320962072901
Pirard2025,Measured,P0155,P0155,1,19,-45,-30,-50.575260000000014,-37.06031999999999,-37.76124,-39.23152,-38.05545,-49.93901,8.44860154850662
Pirard2025,Measured,P0155,P0155,1,24,0,60,1.074472,27.05167,0.0,60.0,0.95691,27.05575,32.95657750633067
Pirard2025,Measured,P0155,P0155,1,27,-90,-30,-103.5306,-30.32549,-60.0,-90.0,-57.05719,248.19988,11.69618739288861
Pirard2025,Measured,P0155,P0155,1,29,-30,0,-37.31007999999997,17.37353,-30.0,0.0,-35.34341,21.4732,18.80497712858948
Pirard2025,Measured,P0155,P0155,1,32,-90,0,-89.32241999999997,20.90409,-90.0,0.0,-69.08542,88.22658,20.91457718610847
Pirard2025,Measured,P0155,P0155,1,35,-135,-30,-142.6827,-6.567726999999991,-37.76124,219.23152,-37.03122,188.23741,24.521166053013797
Pirard2025,Measured,P0155,P0155,1,39,-120,0,-123.29070000000002,3.041759,-60.0,180.0,-56.58657,174.47034,4.48004764557142
Pirard2025,Measured,P0155,P0155,1,40,0,30,-1.162979000000007,19.29191,0.0,30.0,-1.09767,19.29559,10.759888077819102
Pirard2025,Measured,P0155,P0155,1,42,0,0,-1.0143289999999752,8.924779,0.0,0.0,-1.00205,8.92616,8.98177090846023
Pirard2025,Measured,P0155,P0155,1,45,-60,0,-69.56239,26.35238,-60.0,0.0,-57.10586,54.81986,27.91657613612504
Pirard2025,Measured,P0155,P0155,1,48,180,-30,179.005,-3.8006579999999985,0.0,210.0,0.99281,183.80123,26.21624643073852
Pirard2025,Measured,P0155,P0155,1,51,0,90,0.05233916,15.47649,0.0,90.0,0.05044,15.4765,74.52350999999999
Pirard2025,Measured,P0155,P0155,1,52,60,0,86.0145,12.95389,60.0,0.0,76.45689,73.18706,28.85874299557632
Pirard2025,Measured,P0155,P0155,1,53,45,-30,55.14317,-35.294989999999984,37.76124,-39.23152,42.04776,-51.08442,10.040286729840911
Pirard2025,Measured,P0155,P0155,1,56,90,-30,88.32052,-15.378170000000011,60.0,-90.0,74.53259,-83.91743,14.703025049175594
Pirard2025,Measured,P0155,P0155,1,61,180,0,-2.4362239999999815,5.088196,0.0,180.0,-2.42662,5.09277,174.36002541892148
Pirard2025,Measured,P0155,P0155,1,65,180,30,0.7055438,13.30128,0.0,150.0,0.68662,13.30225,136.69338210545527
Pirard2025,Measured,P0155,P0155,1,71,-90,60,-132.0272,46.76036,-30.0,90.0,-30.5889,122.19283,27.707549490670143
Pirard2025,Measured,P0155,P0155,1,77,0,-30,0.5446455,-15.492549999999994,0.0,-30.0,0.52486,-15.49322,14.516071534124055
Pirard2025,Measured,P0155,P0155,1,83,90,30,89.62214,18.7338,60.0,90.0,71.26253,88.88597,11.271429326946816
Pirard2025,Measured,P0155,P0155,1,84,180,60,0.8941622,39.55354,0.0,120.0,0.68941,39.55697,80.44373240724437
Pirard2025,Measured,P0155,P0155,1,86,150,0,157.4391,-1.667652999999973,30.0,180.0,22.55082,181.80576,7.622704868118428
Pirard2025,Measured,P0155,P0155,1,87,90,0,91.66991,11.60424,90.0,0.0,78.27785,98.07703,11.722147831231606
Pirard2025,Measured,P0155,P0155,1,88,-90,30,-90.70983,35.17511,-60.0,90.0,-54.81865,91.00705,5.209503008722519
Pirard2025,Measured,P0155,P0155,1,89,-150,0,-157.0404,-1.020290999999986,-30.0,180.0,-22.95575,181.10805,7.113577240502333
Pirard2025,Measured,P0155,P0155,1,93,135,30,149.3791,16.61997,37.76124,140.76848,29.2142,160.87039,18.762371710774985
Pirard2025,Measured,P0155,P0155,1,94,30,0,31.94491,11.02762,30.0,0.0,31.28757,12.93432,11.195724627380132
Pirard2025,Measured,P0155,P0155,1,96,120,0,120.6583,-3.4361559999999827,60.0,180.0,59.16837,186.71582,3.498572175565648
Pirard2025,Measured,P0155,P0155,1,98,45,30,149.6666,9.204983,37.76124,39.23152,29.90261,169.36608,97.84335621881688
Pirard2025,Measured,P0155,P0155,2,1,0,30,-3.170583000000022,12.02526,0.0,30.0,-3.10094,12.04316,18.213924237338897
Pirard2025,Measured,P0155,P0155,2,4,-45,-30,-64.27226000000002,-17.939200000000028,-37.76124,-39.23152,-58.98921,-36.71546,21.29001652923429
Pirard2025,Measured,P0155,P0155,2,5,135,-30,136.434,-27.03282999999999,37.76124,219.23152,37.87154,215.15307,3.223519729424871
Pirard2025,Measured,P0155,P0155,2,7,30,0,32.90918,16.14101,30.0,0.0,31.45925,19.02052,16.394218794688236
Pirard2025,Measured,P0155,P0155,2,8,0,90,-1.0871460000000184,45.77861,0.0,90.0,-0.75819,45.78377,44.22139
Pirard2025,Measured,P0155,P0155,2,9,120,0,106.8072,-1.968812000000014,60.0,180.0,73.08118,186.77977,13.33632032576294
Pirard2025,Measured,P0155,P0155,2,10,0,60,-0.0839293700000212,16.75473,0.0,60.0,-0.08037,16.75475,43.24531295729746
Pirard2025,Measured,P0155,P0155,2,11,-150,0,-150.7567,-18.89094,-30.0,180.0,-27.52954,201.41423,18.905536443816526
Pirard2025,Measured,P0155,P0155,2,13,-45,30,-79.91286000000002,38.81304,-37.76124,39.23152,-50.09873,77.71638,29.91745780008197
Pirard2025,Measured,P0155,P0155,2,15,180,-30,-1.4354510000000005,-31.894470000000013,0.0,210.0,-1.21869,-31.90254,118.09054308194436
Pirard2025,Measured,P0155,P0155,2,16,0,0,-0.0989117199999896,12.15197,0.0,0.0,-0.0967,12.15199,12.15236648846731
Pirard2025,Measured,P0155,P0155,2,17,60,0,76.43877,9.038572,60.0,0.0,73.7498,34.15304,18.699497463424816
Pirard2025,Measured,P0155,P0155,2,20,180,0,-177.6158,0.0,0.0,180.0,-2.3842,180.0,2.384199999999982
Pirard2025,Measured,P0155,P0155,2,21,90,-30,86.4537,-19.13263999999998,60.0,-90.0,70.55358,-79.89049,11.333606005174117
Pirard2025,Measured,P0155,P0155,2,22,-135,30,-132.0023,25.24279,-37.76124,140.76848,-42.23374,144.83226,5.447746106035167
Pirard2025,Measured,P0155,P0155,2,26,-30,0,-38.66356000000002,21.09175,-30.0,0.0,-35.65418,26.28781,22.726476090083946
Pirard2025,Measured,P0155,P0155,2,27,-60,0,-83.90116999999998,14.60394,-60.0,0.0,-74.19933,67.81627,27.784380964718903
Pirard2025,Measured,P0155,P0155,2,29,-90,0,-88.38490000000002,11.7703,-90.0,0.0,-78.12096,82.29666,11.879044973162184
Pirard2025,Measured,P0155,P0155,2,32,-90,60,-111.9058,45.26736,-30.0,90.0,-40.76697,110.28512,19.658349583318476
Pirard2025,Measured,P0155,P0155,2,34,150,0,153.3148,1.160621,30.0,180.0,26.67929,178.70107,3.511899325561405
Pirard2025,Measured,P0155,P0155,2,38,-135,-30,-171.3739,-26.620740000000012,-37.76124,219.23152,-7.70577,206.88273,32.06834784465585
Pirard2025,Measured,P0155,P0155,2,39,45,30,66.42127,33.83825,37.76124,39.23152,49.57594,59.17699,18.546509910098106
Pirard2025,Measured,P0155,P0155,2,44,180,60,0.7579558,42.83193,0.0,120.0,0.55584,42.83443,77.16618463124777
Pirard2025,Measured,P0155,P0155,2,58,180,30,-1.6090029999999729,4.136448,0.0,150.0,-1.60481,4.13807,145.8287947743986
Pirard2025,Measured,P0155,P0155,2,59,90,60,60.34467,57.40181,30.0,90.0,27.9161,72.44243,15.48744671921904
Pirard2025,Measured,P0155,P0155,2,61,90,0,89.07825,18.14993,90.0,0.0,71.82747,87.19058,18.1725334110347
Pirard2025,Measured,P0155,P0155,2,63,-90,-30,-80.68302,-17.240049999999997,-60.0,-90.0,-70.47091,-62.44845,15.33577243775972
Pirard2025,Measured,P0155,P0155,2,65,0,-30,0.2533378,-13.723090000000012,0.0,-30.0,0.24611,-13.72322,16.278591069199585
Pirard2025,Measured,P0155,P0155,2,67,135,30,135.7117,35.97937,37.76124,140.76848,34.40641,134.59638,6.009033429885852
Pirard2025,Measured,P0155,P0155,2,70,-120,0,-135.6749,7.090441,-60.0,180.0,-43.89868,170.13636,17.167265677903487
Pirard2025,Measured,P0155,P0155,2,80,90,30,96.11536,34.19012,60.0,90.0,55.33286,98.91216,6.660618566140633
Pirard2025,Measured,P0155,P0155,2,82,-90,30,-87.83146999999997,28.57615,-60.0,90.0,-61.34861,86.02603,2.3672800756975967
Pirard2025,Measured,P0155,P0155,2,86,45,-30,47.36093,-36.88808,37.76124,-39.23152,36.04129,-47.93143,7.163494211115719
Pirard2025,Measured,P0181,P0181,0,1,-120,0,-113.02679999999998,-0.8156536999999844,-60.0,180.0,-66.95954,182.08443,7.020507182724993
Pirard2025,Measured,P0181,P0181,0,2,-90,30,-77.88562000000002,19.4167,-60.0,90.0,-67.23844,59.23098,15.2472553724695
Pirard2025,Measured,P0181,P0181,0,8,0,90,-179.0467,29.68588,0.0,90.0,-0.82817,150.31071,60.31412
Pirard2025,Measured,P0181,P0181,0,16,-135,30,-147.1965,-2.801210000000026,-37.76124,140.76848,-32.75938,183.33156,34.81183663545095
Pirard2025,Measured,P0181,P0181,0,23,60,0,89.22905,-1.8891699999999787,60.0,0.0,87.95963,-67.80803,29.28465801172409
Pirard2025,Measured,P0181,P0181,0,24,-45,-30,-139.0272,0.2255535,-37.76124,-39.23152,-40.97241,179.70126,93.59990398928734
Pirard2025,Measured,P0181,P0181,0,26,45,30,54.89704,11.07199,37.76124,39.23152,53.40717,18.79307,21.048175783722556
Pirard2025,Measured,P0181,P0181,0,27,-60,0,-71.27656999999999,-0.7436212999999725,-60.0,0.0,-71.26234,-2.31544,11.30074533528444
Pirard2025,Measured,P0181,P0181,0,28,45,-30,125.043,-0.1887115999999764,37.76124,-39.23152,54.95656,180.32865,81.29253408687744
Pirard2025,Measured,P0181,P0181,0,29,180,0,-178.4675,-20.979559999999992,0.0,180.0,-1.43089,200.98641,21.032940308892233
Pirard2025,Measured,P0181,P0181,0,30,90,30,90.00208,0.02797646,60.0,90.0,89.97195,94.25202,29.972023605448864
Pirard2025,Measured,P0181,P0181,0,31,135,-30,129.3659,-28.532179999999983,37.76124,219.23152,42.78241,220.60248,5.128749473127828
Pirard2025,Measured,P0181,P0181,0,34,-90,0,-90.66637000000004,-0.5218957999999816,-90.0,0.0,-89.15359,218.06917,0.8464112013845037
Pirard2025,Measured,P0181,P0181,0,37,180,30,-179.0343,1.397178,0.0,150.0,-0.96541,178.60262,28.617535822929693
Pirard2025,Measured,P0181,P0181,0,39,-135,-30,-138.3222,-30.81256999999999,-37.76124,219.23152,-34.82578,218.60833,2.9781046071250423
Pirard2025,Measured,P0181,P0181,0,44,-90,60,-36.69700999999998,27.93683,-30.0,90.0,-31.86663,33.47971,47.9558638711413
Pirard2025,Measured,P0181,P0181,0,50,120,0,117.9815,-11.660149999999987,60.0,180.0,59.86845,203.74159,11.83118898307775
Pirard2025,Measured,P0181,P0181,0,53,0,-30,179.3159,0.6584912,0.0,-30.0,0.68405,179.34146,150.65127470843066
Pirard2025,Measured,P0181,P0181,0,54,30,0,155.4116,0.1866263,30.0,0.0,24.58826,179.79476,125.4113839063497
Pirard2025,Measured,P0181,P0181,0,55,-30,0,-29.619340000000022,0.652521,-30.0,0.0,-29.61723,0.75059,0.7554332705914711
Pirard2025,Measured,P0181,P0181,0,63,0,0,0.0,-0.7979487000000063,0.0,0.0,0.0,-0.79795,0.7979487000001446
Pirard2025,Measured,P0181,P0181,0,64,-90,-30,-104.471,-20.68534999999997,-60.0,-90.0,-64.93853,236.50236,16.03144697806915
Pirard2025,Measured,P0181,P0181,0,66,150,0,155.116,-1.5854790000000207,30.0,180.0,24.87383,181.74764,5.35541923328085
Pirard2025,Measured,P0181,P0181,0,70,90,60,147.5667,39.17321,30.0,90.0,24.56811,136.00897,40.98101602430245
Pirard2025,Measured,P0181,P0181,0,76,90,-30,90.32805,-0.7359506999999894,60.0,-90.0,89.19425,245.97637,29.26571289412943
Pirard2025,Measured,P0181,P0181,0,79,90,0,99.9247,-2.0096419999999853,90.0,0.0,79.87588,191.5075,10.124122370664988
Pirard2025,Measured,P0181,P0181,0,82,-150,0,-154.5004,-2.640194000000008,-30.0,180.0,-25.47059,182.92467,5.216309161720694
Pirard2025,Measured,P0181,P0181,0,83,180,-30,179.9657,-20.104750000000024,0.0,210.0,0.03221,200.10475,9.895298586781951
Pirard2025,Measured,P0181,P0181,0,88,-45,30,-32.59881999999999,20.46087,-37.76124,39.23152,-30.31569,23.88738,14.70599166737411
Pirard2025,Measured,P0181,P0181,0,91,180,60,0.7096917,39.3587,0.0,120.0,0.54872,39.36086,80.63957789939316
Pirard2025,Measured,P0181,P0181,0,92,0,30,0.4584226,-1.4910849999999982,0.0,30.0,0.45827,-1.49113,31.49412425423239
Pirard2025,Measured,P0181,P0181,0,94,135,30,146.2957,21.28305,37.76124,140.76848,31.13535,154.90866,13.389646491891062
Pirard2025,Measured,P0181,P0181,0,96,0,60,0.2609472,27.21326,0.0,60.0,0.23206,27.2135,32.78722793623304
Pirard2025,Measured,P0181,P0181,1,4,45,30,54.13591,14.69035,37.76124,39.23152,51.62063,24.10776,17.467739515328454
Pirard2025,Measured,P0181,P0181,1,8,-90,30,-89.74406999999997,20.41864,-60.0,90.0,-69.57982,89.31254,9.584146739186728
Pirard2025,Measured,P0181,P0181,1,12,-45,-30,-53.36216999999999,-28.986649999999997,-37.76124,-39.23152,-44.58014,-42.87246,7.347007424751752
Pirard2025,Measured,P0181,P0181,1,14,0,-30,-179.3466,-1.2293970000000058,0.0,-30.0,-0.65325,181.22948,148.76438182281692
Pirard2025,Measured,P0181,P0181,1,16,90,60,136.7914,18.11502,30.0,90.0,40.59598,155.82778,53.51374223451904
Pirard2025,Measured,P0181,P0181,1,18,-150,0,-153.8324,0.0656106,-30.0,180.0,-26.16758,179.9269,3.832960747136837
Pirard2025,Measured,P0181,P0181,1,19,-135,-30,-140.3574,-27.726729999999975,-37.76124,219.23152,-34.38422,214.31634,5.2126886396592065
Pirard2025,Measured,P0181,P0181,1,20,90,-30,98.29184,-12.518680000000018,60.0,-90.0,75.02092,236.99584,19.095074834614177
Pirard2025,Measured,P0181,P0181,1,25,180,0,-178.4055,0.3727285,0.0,180.0,-1.59447,179.62713,1.637473944224814
Pirard2025,Measured,P0181,P0181,1,26,150,0,155.6289,-0.1398823000000106,30.0,180.0,24.37102,180.15357,5.630632227004869
Pirard2025,Measured,P0181,P0181,1,27,0,90,178.7304,47.64484,0.0,90.0,0.85532,132.34816,42.355160000000005
Pirard2025,Measured,P0181,P0181,1,28,-30,0,-26.615099999999984,-5.3356449999999995,-30.0,0.0,-26.49077,-5.96372,6.3161307817809
Pirard2025,Measured,P0181,P0181,1,29,180,-30,178.9356,0.8050289,0.0,210.0,1.06429,179.19483,30.82174195735125
Pirard2025,Measured,P0181,P0181,1,33,-90,60,-39.33758999999998,27.0827,-30.0,90.0,-34.35944,33.47044,47.43143259025475
Pirard2025,Measured,P0181,P0181,1,34,135,30,127.4713,31.22832,37.76124,140.76848,42.7393,135.09748,6.593283837312263
Pirard2025,Measured,P0181,P0181,1,37,60,0,90.72978,0.564406,60.0,0.0,89.07744,142.28027,30.73445600350862
Pirard2025,Measured,P0181,P0181,1,39,90,0,103.318,0.02797646,90.0,0.0,76.68197,179.87855,13.318028853221543
Pirard2025,Measured,P0181,P0181,1,41,90,30,106.7919,16.20161,60.0,90.0,66.82972,134.83578,20.66163819828653
Pirard2025,Measured,P0181,P0181,1,43,0,30,0.3961419,0.05233916,0.0,30.0,0.39614,0.05234,29.95003647597362
Pirard2025,Measured,P0181,P0181,1,48,0,0,0.8941622,-0.2668785999999841,0.0,0.0,0.89415,-0.26691,0.9331368842445812
Pirard2025,Measured,P0181,P0181,1,52,135,-30,127.6621,-25.899609999999996,37.76124,219.23152,45.40745,218.47422,7.6670563056467635
Pirard2025,Measured,P0181,P0181,1,56,-120,0,-111.0659,-0.7209075999999754,-60.0,180.0,-68.92233,182.00492,8.962903080616538
Pirard2025,Measured,P0181,P0181,1,60,-90,-30,-111.67180000000002,-9.016393999999991,-60.0,-90.0,-66.61108,203.25242,29.164539726614255
Pirard2025,Measured,P0181,P0181,1,62,-45,30,-34.26560999999998,6.113883,-37.76124,39.23152,-34.04388,7.38493,25.93590602143599
Pirard2025,Measured,P0181,P0181,1,66,-90,0,-91.66530999999998,-1.970700000000022,-90.0,0.0,-87.42011,229.81615,2.5798880058373133
Pirard2025,Measured,P0181,P0181,1,72,45,-30,52.87384,1.021825,37.76124,-39.23152,52.86181,1.69265,31.917790950795865
Pirard2025,Measured,P0181,P0181,1,74,120,0,116.5643,-3.969902999999988,60.0,180.0,63.16204,188.82108,5.248358229276529
Pirard2025,Measured,P0181,P0181,1,79,0,60,-0.9671232000000032,18.62111,0.0,60.0,-0.91649,18.62358,41.38474017823526
Pirard2025,Measured,P0181,P0181,1,80,-60,0,-70.65846999999997,-2.9602199999999925,-60.0,0.0,-70.44182,-8.87422,11.057330236574202
Pirard2025,Measured,P0181,P0181,1,87,180,30,-179.6935,0.4524074,0.0,150.0,-0.30649,179.54759,29.54903219039504
Pirard2025,Measured,P0181,P0181,1,91,30,0,140.4036,-0.4917826999999874,30.0,0.0,39.59465,180.63821,110.4028149525733
Pirard2025,Measured,P0181,P0181,1,95,-135,30,-144.8028,14.0189,-37.76124,140.76848,-34.00222,163.01003,18.362057594696587
Pirard2025,Measured,P0181,P0181,1,98,180,60,-179.6904,34.25318,0.0,120.0,-0.2559,145.74643,25.747615793683853
Pirard2025,Measured,P0181,P0181,2,5,135,-30,127.6868,-16.94249000000002,37.76124,219.23152,49.20196,206.4871,14.669079198617586
Pirard2025,Measured,P0181,P0181,2,8,45,30,55.13039,22.34548,37.76124,39.23152,49.36255,35.71597,11.874192208399846
Pirard2025,Measured,P0181,P0181,2,16,150,0,139.1528,-0.4092610999999806,30.0,180.0,40.84594,180.54102,10.854825497402253
Pirard2025,Measured,P0181,P0181,2,17,0,60,0.5218958,15.51945,0.0,60.0,0.50287,15.52006,44.48218430665356
Pirard2025,Measured,P0181,P0181,2,18,180,-30,-179.6472,-27.212249999999983,0.0,210.0,-0.31375,207.21269,2.8048974199655983
Pirard2025,Measured,P0181,P0181,2,20,120,0,110.1635,-1.7393389999999729,60.0,180.0,69.76473,185.0345,9.987604801686595
Pirard2025,Measured,P0181,P0181,2,21,-90,60,-41.96713999999997,32.15551,-30.0,90.0,-34.48076,40.21436,41.928438447103424
Pirard2025,Measured,P0181,P0181,2,23,-120,0,-111.856,-5.403776999999991,-60.0,180.0,-67.51769,194.25701,9.763631790163306
Pirard2025,Measured,P0181,P0181,2,29,-90,0,-92.44888000000005,-0.4284154000000058,-90.0,0.0,-87.51395,189.92624,2.4860493221528768
Pirard2025,Measured,P0181,P0181,2,30,180,60,0.165511,26.50819,0.0,120.0,0.14811,26.50829,93.49170283869056
Pirard2025,Measured,P0181,P0181,2,34,-30,0,-32.26935000000003,-5.327044000000001,-30.0,0.0,-32.11323,-6.2929,5.788998008520616
Pirard2025,Measured,P0181,P0181,2,35,0,0,0.3956476,0.02797646,0.0,0.0,0.39565,0.02798,0.3966354664674003
Pirard2025,Measured,P0181,P0181,2,39,45,-30,59.05011,12.49055,37.76124,-39.23152,56.85809,23.30321,44.594475382973165
Pirard2025,Measured,P0181,P0181,2,41,-90,-30,-117.3902,-14.953340000000026,-60.0,-90.0,-59.07343,210.13691,29.31795451449212
Pirard2025,Measured,P0181,P0181,2,43,-45,-30,-45.36498999999998,-25.73693000000003,-37.76124,-39.23152,-39.86677,-34.4549,4.275252812012782
Pirard2025,Measured,P0181,P0181,2,48,-135,-30,-138.8443,-23.739210000000018,-37.76124,219.23152,-37.04365,210.28936,7.136924026298408
Pirard2025,Measured,P0181,P0181,2,50,-45,30,-39.77524,11.67173,-37.76124,39.23152,-38.79595,15.04454,18.95982568745613
Pirard2025,Measured,P0181,P0181,2,67,135,30,145.7173,32.77407,37.76124,140.76848,28.26886,142.07482,9.555056723939702
Pirard2025,Measured,P0181,P0181,2,68,90,30,95.09991,5.364944,60.0,90.0,82.603,133.42767,25.100129232543644
Pirard2025,Measured,P0181,P0181,2,69,180,30,179.5031,0.5951191,0.0,150.0,0.49687,179.40486,29.40868106355872
Pirard2025,Measured,P0181,P0181,2,70,90,0,91.14301,1.104644,90.0,0.0,88.41049,135.97246,1.589511983004119
Pirard2025,Measured,P0181,P0181,2,71,0,90,179.5612,47.95645,0.0,90.0,0.29386,132.04271,42.04355
Pirard2025,Measured,P0181,P0181,2,74,-150,0,-151.7055,-10.10313000000002,-30.0,180.0,-27.81729,191.43995,10.244596345004338
Pirard2025,Measured,P0181,P0181,2,77,-135,30,-139.4213,16.01924,-37.76124,140.76848,-38.69927,159.29256,14.556599295400757
Pirard2025,Measured,P0181,P0181,2,78,90,60,132.5081,28.41852,30.0,90.0,40.41713,141.31124,42.58090319283078
Pirard2025,Measured,P0181,P0181,2,79,180,0,180.0,0.07401875,0.0,180.0,0.0,179.92598,0.0740187500020593
Pirard2025,Measured,P0181,P0181,2,80,30,0,148.9673,0.2349025,30.0,0.0,31.03241,179.72586,118.9670334438559
Pirard2025,Measured,P0181,P0181,2,81,0,30,-0.2525641999999948,-1.1849819999999909,0.0,30.0,-0.25251,-1.18499,31.185912803012005
Pirard2025,Measured,P0181,P0181,2,85,-90,30,-90.13831,25.82034,-60.0,90.0,-64.17931,90.28585,4.181445176066291
Pirard2025,Measured,P0181,P0181,2,87,90,-30,101.9897,-15.462679999999978,60.0,-90.0,70.5236,233.09454,18.23596802459811
Pirard2025,Measured,P0181,P0181,2,91,-60,0,-91.79066999999998,-11.883039999999994,-60.0,0.0,-77.98472,261.55329,33.71968615919078
Pirard2025,Measured,P0181,P0181,2,94,60,0,90.4272,-1.20154500000001,60.0,0.0,88.72478,250.43037,30.448643093791205
Pirard2025,Measured,P0181,P0181,2,98,0,-30,0.8930672,0.1186941,0.0,-30.0,0.89307,0.11871,30.130703837642365
Pirard2025,Measured,P0224,P0224,0,1,-135,30,-90.8437,38.12647,-37.76124,140.76848,-51.86562,91.07482,37.11144399009984
Pirard2025,Measured,P0224,P0224,0,4,0,-30,19.98633,0.1186941,0.0,-30.0,19.98629,0.1263,35.62656443431308
Pirard2025,Measured,P0224,P0224,0,9,135,30,90.12009,30.69308,37.76124,140.76848,59.30671,90.20231,38.4722404878855
Pirard2025,Measured,P0224,P0224,0,10,-150,0,-179.5015,0.03956468,-30.0,180.0,-0.4985,179.96043,29.50152414314994
Pirard2025,Measured,P0224,P0224,0,11,-135,-30,178.4586,-32.30721,-37.76124,219.23152,1.30274,212.31658,39.58378702665716
Pirard2025,Measured,P0224,P0224,0,16,0,0,23.86112,-0.0740187499999933,0.0,0.0,23.8611,-0.08094,23.86122809012715
Pirard2025,Measured,P0224,P0224,0,22,90,60,67.43562,29.97391,30.0,90.0,53.12441,56.36321,33.62896790036879
Pirard2025,Measured,P0224,P0224,0,28,30,0,66.7485,-0.8079404000000068,30.0,0.0,66.73525,-2.04589,36.75612811228345
Pirard2025,Measured,P0224,P0224,0,29,-45,30,-32.797709999999995,29.1033,-37.76124,39.23152,-28.24775,33.51398,10.647628082327705
Pirard2025,Measured,P0224,P0224,0,31,0,90,-0.2776587000000177,35.7,0.0,90.0,-0.22548,35.70032,54.3
Pirard2025,Measured,P0224,P0224,0,36,-60,0,-42.84170999999998,0.7820969,-60.0,0.0,-42.83676,1.06658,17.17556972778202
Pirard2025,Measured,P0224,P0224,0,38,-90,0,-89.92365999999998,0.4945601,-90.0,0.0,-89.49958,81.22533,0.500417169345232
Pirard2025,Measured,P0224,P0224,0,43,180,60,36.46027,40.67782,0.0,120.0,26.7875,46.90006,74.95924421140371
Pirard2025,Measured,P0224,P0224,0,44,60,0,89.98492,-0.4374548000000118,60.0,0.0,89.56229,-88.02571,29.98781412488724
Pirard2025,Measured,P0224,P0224,0,49,135,-30,125.3094,-29.321379999999976,37.76124,219.23152,45.35683,224.17923,8.445600812133609
Pirard2025,Measured,P0224,P0224,0,50,120,0,90.27496,0.1643245,60.0,180.0,89.67968,149.136,29.72545270166762
Pirard2025,Measured,P0224,P0224,0,51,45,-30,54.81782,-28.317360000000008,37.76124,-39.23152,46.0147,-43.08183,8.734165076344732
Pirard2025,Measured,P0224,P0224,0,52,-90,-30,-51.391459999999995,-30.178870000000018,-60.0,-90.0,-42.494,-42.98205,33.242073664455745
Pirard2025,Measured,P0224,P0224,0,53,180,0,-177.9545,1.38211,0.0,180.0,-2.0449,178.61701,2.4684988651410418
Pirard2025,Measured,P0224,P0224,0,55,0,60,0.477244,34.37542,0.0,60.0,0.39389,34.37635,25.6264765462785
Pirard2025,Measured,P0224,P0224,0,58,90,30,89.43154,-0.6224399000000176,60.0,90.0,89.15705,-47.59686,30.62723367167063
Pirard2025,Measured,P0224,P0224,0,60,-90,30,-54.023480000000006,24.24662,-60.0,90.0,-47.5503,37.4771,32.39797838845659
Pirard2025,Measured,P0224,P0224,0,70,180,-30,178.5387,-24.67912000000001,0.0,210.0,1.3278,204.68619,5.476728585825981
Pirard2025,Measured,P0224,P0224,0,71,180,30,-10.874889999999994,89.68871,0.0,150.0,-0.05873,89.6943,60.3057169668246
Pirard2025,Measured,P0224,P0224,0,79,150,0,118.2982,0.2609472,30.0,180.0,61.7007,179.44956,31.70276205376664
Pirard2025,Measured,P0224,P0224,0,82,45,30,56.36144,16.15567,37.76124,39.23152,53.09866,27.60722,17.321534586385393
Pirard2025,Measured,P0224,P0224,0,83,0,30,30.0426,-28.082249999999988,0.0,30.0,26.21268,-31.64793,64.78279127020714
Pirard2025,Measured,P0224,P0224,0,86,-120,0,-119.2761,-26.718799999999987,-60.0,180.0,-51.18148,225.82788,26.727883489174488
Pirard2025,Measured,P0224,P0224,0,88,90,0,90.83017,-0.6255757000000131,90.0,0.0,88.96053,217.00196,1.0394709225428589
Pirard2025,Measured,P0224,P0224,0,89,-45,-30,-90.70853,0.9735762,-37.76124,-39.23152,-88.79592,126.04232,53.4039056708616
Pirard2025,Measured,P0224,P0224,0,90,-30,0,-23.161749999999984,0.8064859,-30.0,0.0,-23.15932,0.87718,6.885418746144282
Pirard2025,Measured,P0224,P0224,0,97,90,-30,91.16248,-0.2430896999999845,60.0,-90.0,88.81238,191.81195,29.77748014457756
Pirard2025,Measured,P0224,P0224,0,98,-90,60,-37.281000000000006,30.64199,-30.0,90.0,-31.40919,36.66807,45.41535412078229
Pirard2025,Measured,P0224,P0224,1,5,-60,0,-50.86487999999997,-27.480529999999987,-60.0,0.0,-43.48307,-39.49212,28.846494539594445
Pirard2025,Measured,P0224,P0224,1,8,-45,30,-26.091529999999977,26.88371,-37.76124,39.23152,-23.09612,29.44464,16.895002563336682
Pirard2025,Measured,P0224,P0224,1,10,-120,0,-118.4109,-27.71033,-60.0,180.0,-51.14,227.82806,27.752253775752873
Pirard2025,Measured,P0224,P0224,1,24,135,30,61.87502,29.29928,37.76124,140.76848,50.27332,49.96829,62.359622581427175
Pirard2025,Measured,P0224,P0224,1,26,120,0,90.00441,-0.5403170999999816,60.0,180.0,89.45966,269.53238,30.000003167714908
Pirard2025,Measured,P0224,P0224,1,29,90,60,67.47144,26.2828,30.0,90.0,55.91399,52.19501,37.10071419896047
Pirard2025,Measured,P0224,P0224,1,31,180,-30,-179.771,-23.199369999999988,0.0,210.0,-0.21048,203.19954,6.80370557177335
Pirard2025,Measured,P0224,P0224,1,32,90,30,89.53426,0.4817329,60.0,90.0,89.32994,45.96802,29.521594014247537
Pirard2025,Measured,P0224,P0224,1,37,30,0,40.49705,-1.543069000000003,30.0,0.0,40.47931,-2.02882,10.608601193494216
Pirard2025,Measured,P0224,P0224,1,38,-45,-30,-22.167500000000015,0.4311472,-37.76124,-39.23152,-22.16684,0.46556,37.40313500337602
Pirard2025,Measured,P0224,P0224,1,41,135,-30,127.5086,-30.991890000000012,37.76124,219.23152,42.8449,224.61098,6.529505797671056
Pirard2025,Measured,P0224,P0224,1,44,90,-30,89.93134,0.7501709,60.0,-90.0,89.24669,84.77083,30.75024057480837
Pirard2025,Measured,P0224,P0224,1,45,180,30,1.51659,33.7137,0.0,150.0,1.26149,33.72297,116.27017521543276
Pirard2025,Measured,P0224,P0224,1,47,180,60,0.2853053,33.34749,0.0,120.0,0.23833,33.34782,86.65221280096836
Pirard2025,Measured,P0224,P0224,1,60,-90,0,-89.74673999999999,-0.2298501999999871,-90.0,0.0,-89.65799,-42.22607,0.3420108155618737
Pirard2025,Measured,P0224,P0224,1,61,180,0,154.74,0.8720036,0.0,180.0,25.25687,179.03582,25.274059316499628
Pirard2025,Measured,P0224,P0224,1,63,0,-30,31.39719,-23.53649999999999,0.0,-30.0,28.53049,-27.03469,28.671284374331208
Pirard2025,Measured,P0224,P0224,1,65,90,0,90.34263,-0.5055168999999751,90.0,0.0,89.38931,235.87216,0.6106878145849329
Pirard2025,Measured,P0224,P0224,1,67,-90,60,-18.431330000000003,22.12522,-30.0,90.0,-17.03083,23.19775,61.795757637394395
Pirard2025,Measured,P0224,P0224,1,68,-150,0,-147.6799,-26.48448000000002,-30.0,180.0,-28.59011,210.52298,26.57859194672068
Pirard2025,Measured,P0224,P0224,1,71,150,0,108.8929,-0.0740187499999933,30.0,180.0,71.10696,180.22859,41.10715479341589
Pirard2025,Measured,P0224,P0224,1,72,0,60,0.8713301,30.99216,0.0,60.0,0.74693,30.99508,29.01369540983703
Pirard2025,Measured,P0224,P0224,1,75,-90,-30,-56.54806000000002,-29.87657999999999,-60.0,-90.0,-46.34122,-46.1829,28.88336196803371
Pirard2025,Measured,P0224,P0224,1,77,-135,-30,-135.1176,-34.997389999999996,-37.76124,219.23152,-35.31395,224.65766,4.998372784841413
Pirard2025,Measured,P0224,P0224,1,80,0,90,3.333956,35.10395,0.0,90.0,2.72703,35.14962,54.89605
Pirard2025,Measured,P0224,P0224,1,81,0,30,18.82025,0.268341,0.0,30.0,18.82004,0.2835,34.7088261708028
Pirard2025,Measured,P0224,P0224,1,82,-30,0,-19.045079999999984,-0.1266688000000044,-30.0,0.0,-19.04503,-0.134,10.955643349116576
Pirard2025,Measured,P0224,P0224,1,83,0,0,0.9859589,0.9681343,0.0,0.0,0.98582,0.96828,1.381776557397323
Pirard2025,Measured,P0224,P0224,1,84,45,30,45.75869,20.12186,37.76124,39.23152,42.27428,27.70577,9.90192114178812
Pirard2025,Measured,P0224,P0224,1,87,-135,30,-46.03814,34.13096,-37.76124,140.76848,-36.57121,44.31766,72.93051708368253
Pirard2025,Measured,P0224,P0224,1,88,45,-30,51.74397,-27.29970000000003,37.76124,-39.23152,44.24997,-39.81384,6.503541992646012
Pirard2025,Measured,P0224,P0224,1,89,60,0,69.7532,-0.1027920999999878,60.0,0.0,69.75295,-0.29703,9.753736422523518
Pirard2025,Measured,P0224,P0224,1,97,-90,30,-90.98387000000002,36.19899,-60.0,90.0,-53.78947,91.34402,6.253422061985912
Pirard2025,Measured,P0224,P0224,2,0,-90,30,-92.08238,36.33587,-60.0,90.0,-53.61272,92.82818,6.570728593350648
Pirard2025,Measured,P0224,P0224,2,2,-45,-30,-35.563469999999995,-28.344249999999988,-37.76124,-39.23152,-30.7889,-33.54973,8.401591710918526
Pirard2025,Measured,P0224,P0224,2,5,-90,60,-34.62017000000003,28.99777,-30.0,90.0,-29.79587,33.96077,48.06526257013895
Pirard2025,Measured,P0224,P0224,2,6,180,30,32.056,27.80653,0.0,150.0,27.99933,31.89245,114.58130104918678
Pirard2025,Measured,P0224,P0224,2,9,-90,-30,-55.18173999999999,-32.81806999999998,-60.0,-90.0,-43.62515,-48.47939,29.716367103964732
Pirard2025,Measured,P0224,P0224,2,11,-90,0,-89.33938999999998,-1.2800829999999903,-90.0,0.0,-88.55953,-62.70759,1.4404670927615018
Pirard2025,Measured,P0224,P0224,2,16,0,90,31.34768,35.44956,0.0,90.0,25.07429,39.81654,54.55044
Pirard2025,Measured,P0224,P0224,2,18,135,-30,90.23167,-21.826540000000023,37.76124,219.23152,68.17229,269.42158,40.82879422325136
Pirard2025,Measured,P0224,P0224,2,21,-135,30,-27.084990000000005,23.65335,-37.76124,140.76848,-24.64916,26.19486,92.48819485314884
Pirard2025,Measured,P0224,P0224,2,29,0,60,-0.5293412999999987,-0.2298501999999871,0.0,60.0,-0.52934,-0.22986,60.2312586694763
Pirard2025,Measured,P0224,P0224,2,31,180,60,40.4459,28.47141,0.0,120.0,34.769,35.47406,85.50552083962748
Pirard2025,Measured,P0224,P0224,2,34,90,60,77.2729,0.6676395,30.0,90.0,77.25569,3.0278,60.147211316909505
Pirard2025,Measured,P0224,P0224,2,38,-30,0,-23.18376999999998,0.8924097,-30.0,0.0,-23.18079,0.97079,6.874127275126073
Pirard2025,Measured,P0224,P0224,2,41,135,30,60.10484,34.65686,37.76124,140.76848,45.48934,54.20986,61.9680722028301
Pirard2025,Measured,P0224,P0224,2,42,-135,-30,-138.3483,-33.10178000000002,-37.76124,219.23152,-33.83045,221.10492,4.213990484376803
Pirard2025,Measured,P0224,P0224,2,43,0,-30,33.57416,-26.81725,0.0,-30.0,29.57346,-31.24668,29.597348583071796
Pirard2025,Measured,P0224,P0224,2,44,180,0,147.1146,-28.81801999999999,0.0,180.0,28.40608,213.23065,42.62865361446582
Pirard2025,Measured,P0224,P0224,2,45,-60,0,-47.45011999999997,-29.786220000000014,-60.0,0.0,-39.7442,-40.24573,32.097105924128606
Pirard2025,Measured,P0224,P0224,2,47,0,0,24.43151,0.6189722,0.0,0.0,24.42999,0.67984,24.438868633647814
Pirard2025,Measured,P0224,P0224,2,51,90,-30,89.62796,-18.549390000000017,60.0,-90.0,71.44701,-88.89141,11.455604388259752
Pirard2025,Measured,P0224,P0224,2,52,-150,0,-157.6131,-23.726170000000025,-30.0,180.0,-20.40589,205.42356,24.850256204317414
Pirard2025,Measured,P0224,P0224,2,53,120,0,90.94518,-0.5888388000000191,60.0,180.0,88.88642,211.92461,29.06026587776299
Pirard2025,Measured,P0224,P0224,2,54,45,-30,61.4812,-32.37601999999998,37.76124,-39.23152,47.90844,-53.01906,14.282994551381734
Pirard2025,Measured,P0224,P0224,2,61,90,30,61.80282,-1.0087179999999876,60.0,90.0,61.78626,-2.13405,41.03307209056588
Pirard2025,Measured,P0224,P0224,2,63,0,30,37.04666,27.26871,0.0,30.0,32.37863,32.85462,32.490578438580734
Pirard2025,Measured,P0224,P0224,2,65,-120,0,-108.3852,1.312986,-60.0,180.0,-71.56959,175.84371,11.687764161521567
Pirard2025,Measured,P0224,P0224,2,77,30,0,48.90361,-30.029909999999973,30.0,0.0,40.72613,-41.32803,35.00827155844
Pirard2025,Measured,P0224,P0224,2,80,45,30,59.02557,37.29132,37.76124,39.23152,43.00916,55.9494,13.742400817332555
Pirard2025,Measured,P0224,P0224,2,84,-45,30,-41.98692,23.19953,-37.76124,39.23152,-37.94232,29.96807,7.313660744813718
Pirard2025,Measured,P0224,P0224,2,86,180,-30,179.349,-21.527379999999994,0.0,210.0,0.60559,201.52864,8.492817921710888
Pirard2025,Measured,P0224,P0224,2,87,90,0,90.72024,0.4306931,90.0,0.0,89.16081,149.12005,0.8391855773248494
Pirard2025,Measured,P0224,P0224,2,90,60,0,88.85185,0.04423466,60.0,0.0,88.851,2.20649,28.851880993683107
Pirard2025,Measured,P0224,P0224,2,97,150,0,127.0756,0.03956468,30.0,180.0,52.92438,179.93437,22.924432300237832
Pirard2025,Measured,P0238,P0238,0,3,-135,30,-105.8459,19.33902,-37.76124,140.76848,-65.19206,127.88335,28.45217454293713
Pirard2025,Measured,P0238,P0238,0,9,0,60,-106.4683,45.07302,0.0,60.0,-42.62789,105.78895,59.132585506047
Pirard2025,Measured,P0238,P0238,0,14,-45,30,-89.63141000000002,23.94248,-37.76124,39.23152,-66.05485,89.16996,39.98806179046824
Pirard2025,Measured,P0238,P0238,0,16,-60,0,-89.74657000000002,-0.4592754000000241,-60.0,0.0,-89.47544,-61.11051,29.74979090851224
Pirard2025,Measured,P0238,P0238,0,17,-135,-30,-143.291,-16.684050000000013,-37.76124,219.23152,-34.93084,200.4984,15.32449369335998
Pirard2025,Measured,P0238,P0238,0,20,0,0,-159.4802,14.4949,0.0,0.0,-19.83872,164.56853,155.05874476300832
Pirard2025,Measured,P0238,P0238,0,26,-150,0,-151.2089,-0.3695652999999765,-30.0,180.0,-28.79045,180.42169,1.2641192400139032
Pirard2025,Measured,P0238,P0238,0,31,0,-30,-169.1164,0.7407211,0.0,-30.0,-10.88268,179.24571,148.96369650952852
Pirard2025,Measured,P0238,P0238,0,34,120,0,141.391,20.57066,60.0,180.0,35.7476,154.34659,29.337947460934625
Pirard2025,Measured,P0238,P0238,0,36,135,30,142.8648,49.61924,37.76124,140.76848,23.02385,124.13806,20.500816088882644
Pirard2025,Measured,P0238,P0238,0,40,180,-30,-179.6139,0.0,0.0,210.0,-0.3861,180.0,30.0022531555188
Pirard2025,Measured,P0238,P0238,0,43,180,30,-9.055576999999971,89.82708,0.0,150.0,-0.02722,89.82924,60.170768467556414
Pirard2025,Measured,P0238,P0238,0,47,90,-30,104.9154,-14.574839999999996,60.0,-90.0,69.26225,225.29003,20.65219396187539
Pirard2025,Measured,P0238,P0238,0,48,-90,60,-91.36162000000002,31.91051,-30.0,90.0,-58.06352,92.18537,28.10407029265576
Pirard2025,Measured,P0238,P0238,0,52,90,60,138.9533,47.4473,30.0,90.0,26.36498,124.69683,30.68271031652232
Pirard2025,Measured,P0238,P0238,0,55,60,0,91.28363,0.2074791,60.0,0.0,88.69971,170.81763,31.28424824545155
Pirard2025,Measured,P0238,P0238,0,57,-30,0,-64.35872999999998,-0.1887115999999764,-30.0,0.0,-64.35808,-0.43608,34.35918457286307
Pirard2025,Measured,P0238,P0238,0,60,-120,0,-90.39524,7.095336,-60.0,180.0,-82.89372,93.17201,30.368062064642245
Pirard2025,Measured,P0238,P0238,0,62,0,90,179.8176,0.4149588,0.0,90.0,0.1824,179.58504,89.5850412
Pirard2025,Measured,P0238,P0238,0,63,180,60,1.014329,0.0,0.0,120.0,1.01433,0.0,119.9948165162057
Pirard2025,Measured,P0238,P0238,0,65,150,0,160.3799,1.185312,30.0,180.0,19.61573,178.74165,10.446620696427145
Pirard2025,Measured,P0238,P0238,0,67,0,30,-178.4687,21.74738,0.0,30.0,-1.42229,158.24558,128.23166366146827
Pirard2025,Measured,P0238,P0238,0,68,135,-30,149.6088,-18.295939999999973,37.76124,219.23152,28.70675,200.97232,17.70676153776654
Pirard2025,Measured,P0238,P0238,0,69,-90,30,-90.82806,18.18693,-60.0,90.0,-71.79487,92.51878,11.837093897775992
Pirard2025,Measured,P0238,P0238,0,70,30,0,39.0914,36.90256,30.0,0.0,30.28036,44.05268,37.850718269981094
Pirard2025,Measured,P0238,P0238,0,78,45,-30,159.8735,-33.08057000000002,37.76124,-39.23152,16.75727,214.7519,91.85152532644167
Pirard2025,Measured,P0238,P0238,0,81,90,0,89.76228,13.23591,90.0,0.0,76.76199,88.98943,13.238006476969485
Pirard2025,Measured,P0238,P0238,0,82,-90,0,-89.41064,1.277788,-90.0,0.0,-88.59286,65.24321,1.4071353150374002
Pirard2025,Measured,P0238,P0238,0,86,-90,-30,-89.90259000000003,-15.294759999999997,-60.0,-90.0,-74.70494,-89.64381,14.705512489004592
Pirard2025,Measured,P0238,P0238,0,87,90,30,90.54263,29.51027,60.0,90.0,60.48519,90.95859,0.6795255423994173
Pirard2025,Measured,P0238,P0238,0,94,180,0,-179.5762,0.2839303,0.0,180.0,-0.42379,179.71606,0.5101189910616615
Pirard2025,Measured,P0238,P0238,0,97,45,30,138.5092,29.66501,37.76124,39.23152,35.14646,142.75093,78.38096942105192
Pirard2025,Measured,P0238,P0238,0,98,-45,-30,-103.56900000000002,-17.27618000000001,-37.76124,-39.23152,-68.16083,232.97018,54.569018667864285
Pirard2025,Measured,P0238,P0238,1,3,30,0,147.202,25.00155,30.0,0.0,29.40117,150.97933,114.47488441876176
Pirard2025,Measured,P0238,P0238,1,4,135,30,108.1223,29.92045,37.76124,140.76848,55.45943,118.39032,23.23212248671183
Pirard2025,Measured,P0238,P0238,1,10,-135,-30,-133.2601,-17.190769999999986,-37.76124,219.23152,-44.08433,204.2962,12.907435196140622
Pirard2025,Measured,P0238,P0238,1,12,-90,-30,-68.76087999999999,-16.47120000000001,-60.0,-90.0,-63.35809,-39.22031,23.674256308751744
Pirard2025,Measured,P0238,P0238,1,14,0,60,-179.1784,18.22619,0.0,60.0,-0.78038,161.77206,101.77095235180045
Pirard2025,Measured,P0238,P0238,1,17,60,0,89.61678,0.1631294,60.0,0.0,89.5835,23.05873,29.617188511183343
Pirard2025,Measured,P0238,P0238,1,18,-150,0,-136.3038,1.021825,-30.0,180.0,-43.68749,178.58685,13.733537649811444
Pirard2025,Measured,P0238,P0238,1,20,180,0,-179.1339,15.55393,0.0,180.0,-0.83438,164.44438,15.577430770555694
Pirard2025,Measured,P0238,P0238,1,21,180,-30,-179.9287,0.1186941,0.0,210.0,-0.0713,179.88131,30.11877066512364
Pirard2025,Measured,P0238,P0238,1,22,90,-30,90.04974,0.06852804,60.0,-90.0,89.91532,125.97341,30.0685653581868
Pirard2025,Measured,P0238,P0238,1,23,120,0,134.4216,19.82,60.0,180.0,42.21395,152.75469,24.33963040095325
Pirard2025,Measured,P0238,P0238,1,26,0,-30,-135.3533,-13.829279999999985,0.0,-30.0,-43.02854,199.08581,118.6045474155602
Pirard2025,Measured,P0238,P0238,1,29,135,-30,145.6016,-15.208309999999983,37.76124,219.23152,33.03551,198.23515,17.71247224209024
Pirard2025,Measured,P0238,P0238,1,32,-90,60,-68.63440000000003,15.24955,-30.0,90.0,-63.9595,36.8079,47.38823262173459
Pirard2025,Measured,P0238,P0238,1,36,180,60,-0.4609765000000152,-0.0948727900000108,0.0,120.0,-0.46098,-0.09488,120.09380113497346
Pirard2025,Measured,P0238,P0238,1,40,-120,0,-114.0608,2.194993,-60.0,180.0,-65.84522,174.62938,6.330467615711999
Pirard2025,Measured,P0238,P0238,1,42,90,30,92.9996,27.87633,60.0,90.0,61.97562,95.64995,3.376258781566321
Pirard2025,Measured,P0238,P0238,1,46,-90,0,-104.51690000000002,0.2365626,-90.0,0.0,-75.48121,179.05634,14.518785927953626
Pirard2025,Measured,P0238,P0238,1,53,-45,-30,-89.80383,-14.030140000000015,-37.76124,-39.23152,-75.96852,-89.21502,44.16378692854535
Pirard2025,Measured,P0238,P0238,1,54,-60,0,-90.12968999999998,-8.619375999999988,-60.0,0.0,-81.37966,269.14449,31.226659449018527
Pirard2025,Measured,P0238,P0238,1,60,0,0,-167.479,0.1046783,0.0,0.0,-12.52098,179.89277,167.47856942849185
Pirard2025,Measured,P0238,P0238,1,61,45,-30,137.2038,-1.0149069999999938,37.76124,-39.23152,42.78788,181.38301,91.40048937350528
Pirard2025,Measured,P0238,P0238,1,65,180,30,-179.6897,42.90708,0.0,150.0,-0.22728,137.0925,12.90946593320262
Pirard2025,Measured,P0238,P0238,1,66,-30,0,-68.3365,-0.5619738999999981,-30.0,0.0,-68.32956,-1.52202,38.33998497598388
Pirard2025,Measured,P0238,P0238,1,69,90,60,90.31217,36.65615,30.0,90.0,53.34271,90.41947,23.344710843231265
Pirard2025,Measured,P0238,P0238,1,74,-45,30,-114.1331,27.86337,-37.76124,39.23152,-53.78403,127.71812,59.575953035104085
Pirard2025,Measured,P0238,P0238,1,84,90,0,90.26206,-0.1119057999999881,90.0,0.0,89.71505,203.12372,0.2849530914870686
Pirard2025,Measured,P0238,P0238,1,85,-135,30,-117.8647,20.41561,-37.76124,140.76848,-55.94738,141.46759,18.192185822593313
Pirard2025,Measured,P0238,P0238,1,88,45,30,150.5148,26.40295,37.76124,39.23152,26.15857,150.30229,89.14891879565573
Pirard2025,Measured,P0238,P0238,1,93,0,30,179.6885,0.4352126,0.0,30.0,0.31149,179.56478,149.56333983837206
Pirard2025,Measured,P0238,P0238,1,95,0,90,-179.7,16.01339,0.0,90.0,-0.28836,163.9864,73.98661000000001
Pirard2025,Measured,P0238,P0238,1,97,-90,30,-89.63389000000001,15.38388,-60.0,90.0,-74.61187,88.66963,14.61998997580836
Pirard2025,Measured,P0238,P0238,1,98,150,0,145.7126,14.77313,30.0,180.0,33.00566,162.2982,15.369380364325906
Pirard2025,Measured,P0238,P0238,2,0,180,-30,179.9209,0.1713202,0.0,210.0,0.0791,179.82868,30.17141428423695
Pirard2025,Measured,P0238,P0238,2,1,180,0,179.9657,0.04423466,0.0,180.0,0.0343,179.95577,0.0559749489669582
Pirard2025,Measured,P0238,P0238,2,5,-135,30,-119.1053,13.97855,-37.76124,140.76848,-57.9789,152.89826,21.716210071235317
Pirard2025,Measured,P0238,P0238,2,8,90,30,89.96262,22.18184,60.0,90.0,67.81813,89.90832,7.818231883242783
Pirard2025,Measured,P0238,P0238,2,9,-60,0,-89.33032000000003,-0.0279764599999907,-60.0,0.0,-89.32974,-2.39224,29.330332156178304
Pirard2025,Measured,P0238,P0238,2,15,-120,0,-112.4737,13.42488,-60.0,180.0,-64.00149,148.01829,15.35678951882004
Pirard2025,Measured,P0238,P0238,2,20,0,60,-179.381,0.1027921,0.0,60.0,-0.619,179.8972,119.89527944279456
Pirard2025,Measured,P0238,P0238,2,26,-30,0,-139.2338,0.1938267,-30.0,0.0,-40.76592,179.74408,109.2336856139566
Pirard2025,Measured,P0238,P0238,2,29,45,30,140.3977,44.54524,37.76124,39.23152,27.02068,128.05443,72.98177653892111
Pirard2025,Measured,P0238,P0238,2,33,-45,30,-133.4833,30.02067,-37.76124,39.23152,-38.92006,139.97994,74.33553682863808
Pirard2025,Measured,P0238,P0238,2,36,0,0,-179.271,-0.1519511000000193,0.0,0.0,-0.729,180.15196,179.2553330336047
Pirard2025,Measured,P0238,P0238,2,37,90,60,141.9409,37.88349,30.0,90.0,29.11466,135.34256,39.18870195250574
Pirard2025,Measured,P0238,P0238,2,42,90,0,89.43779,12.90205,90.0,0.0,77.08591,87.5472,12.914085858517902
Pirard2025,Measured,P0238,P0238,2,43,120,0,126.003,18.33912,60.0,180.0,50.16555,150.58135,19.264457710693712
Pirard2025,Measured,P0238,P0238,2,50,-90,0,-89.03093000000001,-0.3298379999999952,-90.0,0.0,-88.97634,-18.79783,1.0236598052817665
Pirard2025,Measured,P0238,P0238,2,52,-90,30,-90.15485,13.67086,-60.0,90.0,-76.32828,90.6366,16.32976627499597
Pirard2025,Measured,P0238,P0238,2,58,135,-30,149.286,-19.39593000000002,37.76124,219.23152,28.8008,202.27009,16.7321148327121
Pirard2025,Measured,P0238,P0238,2,60,0,90,-137.6643,26.15045,0.0,90.0,-37.19549,146.40773,63.84955
Pirard2025,Measured,P0238,P0238,2,62,-135,-30,-146.8082,-23.076610000000016,-37.76124,219.23152,-30.24098,206.98158,12.61805854892947
Pirard2025,Measured,P0238,P0238,2,63,-150,0,-159.7421,-0.240662699999973,-30.0,180.0,-20.25771,180.25653,9.74504344315454
Pirard2025,Measured,P0238,P0238,2,64,-45,-30,-170.8115,-21.91755999999998,-37.76124,-39.23152,-8.51924,202.175,106.46727679035908
Pirard2025,Measured,P0238,P0238,2,70,0,-30,179.9209,0.4727124,0.0,-30.0,0.0791,179.52729,150.4726164574459
Pirard2025,Measured,P0238,P0238,2,71,0,30,-150.5361,-0.0395646800000122,0.0,30.0,-29.46389,180.04544,138.96980859636568
Pirard2025,Measured,P0238,P0238,2,72,-90,60,-110.94830000000002,14.98305,-30.0,90.0,-64.44251,143.18264,47.54795920335541
Pirard2025,Measured,P0238,P0238,2,73,30,0,151.2302,18.49122,30.0,0.0,27.15786,159.11717,119.45303426358852
Pirard2025,Measured,P0238,P0238,2,75,150,0,151.0693,17.74751,30.0,180.0,27.43417,159.913,17.77865878695161
Pirard2025,Measured,P0238,P0238,2,76,180,30,179.3517,45.16228,0.0,150.0,0.45711,134.83589,15.170840440246952
Pirard2025,Measured,P0238,P0238,2,83,45,-30,140.3245,-23.19943999999998,37.76124,-39.23152,35.93125,209.11106,82.92890977958879
Pirard2025,Measured,P0238,P0238,2,85,135,30,92.31729,47.81802,37.76124,140.76848,42.13954,92.09835,37.06062088975219
Pirard2025,Measured,P0238,P0238,2,89,180,60,-179.8481,22.09206,0.0,120.0,-0.14075,157.90787,37.90809183358874
Pirard2025,Measured,P0238,P0238,2,92,-90,-30,-89.86264,-21.885730000000024,-60.0,-90.0,-68.11386,-89.65806,8.11520737664764
Pirard2025,Measured,P0238,P0238,2,96,90,-30,115.2832,-0.1297215000000164,60.0,-90.0,64.71649,180.30373,38.35353159507516
Pirard2025,Measured,P0238,P0238,2,97,60,0,90.04343,0.2866737,60.0,0.0,89.71006,98.61452,30.04466998023711
Pirard2025,Measured,P0243,P0243,0,1,-90,30,-118.6294,29.84361,-60.0,90.0,-49.58228,129.86711,24.748376706497915
Pirard2025,Measured,P0243,P0243,0,6,180,0,-178.5673,30.52964,0.0,180.0,-1.23405,149.46252,30.55999834872859
Pirard2025,Measured,P0243,P0243,0,7,90,0,89.78788,-0.1297215000000164,90.0,0.0,89.75136,-31.44788,0.2486412779094382
Pirard2025,Measured,P0243,P0243,0,11,45,30,61.2676,26.86018,37.76124,39.23152,51.46889,46.49338,14.632221809850671
Pirard2025,Measured,P0243,P0243,0,18,-30,0,-30.138840000000016,-25.556050000000027,-30.0,0.0,-26.93464,-28.93936,25.556401791207097
Pirard2025,Measured,P0243,P0243,0,22,150,0,141.0838,0.6620474,30.0,180.0,38.91311,179.14914,8.940547261429517
Pirard2025,Measured,P0243,P0243,0,24,0,60,38.91225,56.82952,0.0,60.0,20.10061,63.04176,20.320041959393087
Pirard2025,Measured,P0243,P0243,0,25,-135,-30,-141.6198,-26.63416000000001,-37.76124,219.23152,-33.71029,212.60926,6.7278207882077865
Pirard2025,Measured,P0243,P0243,0,26,-135,30,-60.59001999999998,45.82768,-37.76124,140.76848,-37.37423,64.49563,58.61370193614768
Pirard2025,Measured,P0243,P0243,0,29,-60,0,-41.633730000000014,0.1545051,-60.0,0.0,-41.63354,0.20672,18.366897458310177
Pirard2025,Measured,P0243,P0243,0,34,45,-30,91.19412,-29.35277000000002,37.76124,-39.23152,60.62511,267.87781,39.860392751655795
Pirard2025,Measured,P0243,P0243,0,35,180,60,-27.34739000000002,88.81567,0.0,120.0,-0.54403,88.948,31.056287458841783
Pirard2025,Measured,P0243,P0243,0,36,-90,-30,-92.67976,-29.276430000000005,-60.0,-90.0,-60.612,265.23289,2.4388787650955206
Pirard2025,Measured,P0243,P0243,0,44,30,0,56.00414,-0.1186941000000274,30.0,0.0,56.00396,-0.21228,26.00439202411988
Pirard2025,Measured,P0243,P0243,0,45,135,30,58.17431,-32.38040999999998,37.76124,140.76848,45.85209,-50.25383,95.80135291149648
Pirard2025,Measured,P0243,P0243,0,49,180,30,0.1769387,33.03769,0.0,150.0,0.14833,33.03781,116.96208746296035
Pirard2025,Measured,P0243,P0243,0,52,-120,0,-108.82580000000002,-0.3466151000000081,-60.0,180.0,-71.17113,181.07402,11.17950627586137
Pirard2025,Measured,P0243,P0243,0,53,0,90,19.79557,-3.8594529999999736,0.0,90.0,19.74881,-4.10104,93.85945299999996
Pirard2025,Measured,P0243,P0243,0,58,0,0,26.16273,0.329838,0.0,0.0,26.16226,0.36749,26.164662534156456
Pirard2025,Measured,P0243,P0243,0,61,-150,0,-150.8228,-1.167346000000009,-30.0,180.0,-29.17056,181.33693,1.4281466470099744
Pirard2025,Measured,P0243,P0243,0,64,90,30,61.74714,0.03956468,60.0,90.0,61.74711,0.08358,40.25302283183863
Pirard2025,Measured,P0243,P0243,0,66,60,0,90.97987,-19.16061999999999,60.0,0.0,70.81528,267.18237,35.91843054177648
Pirard2025,Measured,P0243,P0243,0,70,-45,30,-28.690519999999992,0.3019647,-37.76124,39.23152,-28.69008,0.34423,33.50899924077617
Pirard2025,Measured,P0243,P0243,0,77,-90,60,-48.82321999999999,39.94622,-30.0,90.0,-35.24273,51.82807,32.37429452500673
Pirard2025,Measured,P0243,P0243,0,78,-90,0,-58.32396,-34.659310000000005,-90.0,0.0,-44.42811,-52.78277,45.571891451484106
Pirard2025,Measured,P0243,P0243,0,80,120,0,90.73228,-0.358819799999992,60.0,180.0,89.18454,206.10593,29.26972475498857
Pirard2025,Measured,P0243,P0243,0,83,90,-30,89.18047,-38.73987,60.0,-90.0,51.25283,-88.97866,8.765886836935337
Pirard2025,Measured,P0243,P0243,0,84,90,60,55.91741,39.65826,30.0,90.0,39.61499,55.94165,29.364668094756414
Pirard2025,Measured,P0243,P0243,0,85,180,-30,178.824,0.7228051,0.0,210.0,1.17591,179.27704,30.74325490657805
Pirard2025,Measured,P0243,P0243,0,87,0,30,18.78477,-0.997599799999989,0.0,30.0,18.78182,-1.05371,35.799695419019116
Pirard2025,Measured,P0243,P0243,0,89,0,-30,-179.4092,21.62653,0.0,-30.0,-0.54921,158.37243,171.6097077018424
Pirard2025,Measured,P0243,P0243,0,94,135,-30,141.569,-34.142589999999984,37.76124,219.23152,30.96001,220.88203,6.9359856599373995
Pirard2025,Measured,P0243,P0243,0,98,-45,-30,-44.601369999999974,-35.716319999999996,-37.76124,-39.23152,-34.75748,-45.28009,5.72610103136489
Pirard2025,Measured,P0243,P0243,1,0,-30,0,-20.706819999999993,0.9964222,-30.0,0.0,-20.70354,1.06522,9.345979329230936
Pirard2025,Measured,P0243,P0243,1,3,90,30,89.96049,-0.8983104000000139,60.0,90.0,89.10082,-87.48181,30.898333371247663
Pirard2025,Measured,P0243,P0243,1,5,45,30,52.55239,-1.554819000000009,37.76124,39.23152,52.52485,-2.55605,32.36769117718223
Pirard2025,Measured,P0243,P0243,1,8,-150,0,-144.2766,-28.39490999999998,-30.0,180.0,-30.90576,213.65845,28.91884826150065
Pirard2025,Measured,P0243,P0243,1,10,135,30,47.63711,-26.714229999999983,37.76124,140.76848,41.30158,-36.75495,100.90480269424144
Pirard2025,Measured,P0243,P0243,1,18,0,90,20.32122,0.5406791,0.0,90.0,20.32028,0.57656,89.4593209
Pirard2025,Measured,P0243,P0243,1,21,60,0,90.79589,-25.285239999999988,60.0,0.0,64.70306,268.3157,39.04072970137976
Pirard2025,Measured,P0243,P0243,1,24,180,60,-0.0197823400000061,0.03956468,0.0,120.0,-0.01978,0.03956,119.96043334908023
Pirard2025,Measured,P0243,P0243,1,28,30,0,47.11293,-0.1887115999999764,30.0,0.0,47.1126,-0.27729,17.11393934605999
Pirard2025,Measured,P0243,P0243,1,29,-90,30,-52.57960000000003,10.93371,-60.0,90.0,-51.24057,17.63591,39.63289723745714
Pirard2025,Measured,P0243,P0243,1,36,0,30,30.32272,-0.1398823000000106,0.0,30.0,30.32262,-0.16205,41.72686111315734
Pirard2025,Measured,P0243,P0243,1,40,-90,0,-89.12513999999999,21.71712,-90.0,0.0,-68.26612,87.80464,21.73388302072156
Pirard2025,Measured,P0243,P0243,1,44,120,0,115.7829,0.2065338,60.0,180.0,64.21633,179.52518,4.222145374752343
Pirard2025,Measured,P0243,P0243,1,46,90,0,89.62052,-10.529269999999997,90.0,0.0,79.46397,-87.95921,10.536028997898123
Pirard2025,Measured,P0243,P0243,1,48,-135,-30,-139.5955,-31.257180000000005,-37.76124,219.23152,-33.64836,218.55857,4.148987467799011
Pirard2025,Measured,P0243,P0243,1,49,0,0,19.27876,-0.9739781999999764,0.0,0.0,19.27586,-1.03183,19.30241296436455
Pirard2025,Measured,P0243,P0243,1,63,0,-30,164.4086,0.9983841,0.0,-30.0,15.58897,178.96348,147.43098820554505
Pirard2025,Measured,P0243,P0243,1,67,-90,60,-141.7765,43.61244,-30.0,90.0,-26.61382,129.5092,34.779682341460834
Pirard2025,Measured,P0243,P0243,1,68,90,-30,92.00767,-30.518219999999985,60.0,-90.0,59.42217,266.59883,1.8098782675775875
Pirard2025,Measured,P0243,P0243,1,71,-45,30,-28.005240000000015,1.395917,-37.76124,39.23152,-27.9962,1.58096,32.84487764819342
Pirard2025,Measured,P0243,P0243,1,73,45,-30,58.2867,-36.20681000000002,37.76124,-39.23152,43.3468,-54.31951,12.72639694677309
Pirard2025,Measured,P0243,P0243,1,74,-135,30,-63.84755999999999,40.79193,-37.76124,140.76848,-42.81083,62.94333,57.42060586487858
Pirard2025,Measured,P0243,P0243,1,76,-120,0,-119.381,-0.240662699999973,-60.0,180.0,-60.6181,180.49052,0.6641364933371057
Pirard2025,Measured,P0243,P0243,1,77,180,30,0.6926687,-25.040819999999997,0.0,150.0,0.62756,-25.04243,175.00296180420332
Pirard2025,Measured,P0243,P0243,1,79,150,0,145.977,-0.4121198000000277,30.0,180.0,34.022,180.49724,4.044019352516268
Pirard2025,Measured,P0243,P0243,1,80,180,-30,-179.3054,-7.158071000000007,0.0,210.0,-0.68919,187.15859,22.851246853442973
Pirard2025,Measured,P0243,P0243,1,81,0,60,18.37761,0.2390311,0.0,60.0,18.37744,0.25188,61.43806485010619
Pirard2025,Measured,P0243,P0243,1,86,-45,-30,-39.13607999999999,-32.250069999999994,-37.76124,-39.23152,-32.26208,-39.12676,5.499829057820068
Pirard2025,Measured,P0243,P0243,1,88,90,60,53.63726,29.80143,30.0,90.0,44.32951,44.00931,38.75748412106537
Pirard2025,Measured,P0243,P0243,1,89,-60,0,-49.129219999999975,1.867708,-60.0,0.0,-49.09406,2.85292,11.028156227633632
Pirard2025,Measured,P0243,P0243,1,90,-90,-30,-121.2234,-32.31603000000001,-60.0,-90.0,-46.27785,230.66598,26.725545860588102
Pirard2025,Measured,P0243,P0243,1,94,135,-30,139.147,-35.604660000000024,37.76124,219.23152,32.12952,223.43077,6.598428077206743
Pirard2025,Measured,P0243,P0243,1,98,180,0,134.2725,89.16511,0.0,180.0,0.59779,90.58283,89.4171974954382
Pirard2025,Measured,P0243,P0243,2,3,-45,30,-25.73198000000002,0.6711472,-37.76124,39.23152,-25.73009,0.74502,34.58188295286993
Pirard2025,Measured,P0243,P0243,2,13,60,0,90.08704,-30.70152999999999,60.0,0.0,59.29836,269.85342,41.92773876636469
Pirard2025,Measured,P0243,P0243,2,14,-120,0,-122.6344,-0.9583834000000024,-60.0,180.0,-57.35309,181.77676,2.803197235833747
Pirard2025,Measured,P0243,P0243,2,15,180,60,-0.2454925999999773,36.36534,0.0,120.0,-0.19768,36.36559,83.63444693534913
Pirard2025,Measured,P0243,P0243,2,21,180,30,179.5082,68.33952,0.0,150.0,0.18152,111.65976,38.34060763237036
Pirard2025,Measured,P0243,P0243,2,24,-30,0,-11.051750000000029,1.156399,-30.0,0.0,-11.04947,1.17824,18.982210746130903
Pirard2025,Measured,P0243,P0243,2,26,135,30,48.568,25.70162,37.76124,140.76848,42.4981,36.02984,74.6089466240312
Pirard2025,Measured,P0243,P0243,2,27,0,0,16.40325,0.4796977,0.0,0.0,16.40266,0.50005,16.410070048915475
Pirard2025,Measured,P0243,P0243,2,28,-135,-30,-138.1163,-33.53296,-37.76124,219.23152,-33.81461,221.67367,4.41546052714489
Pirard2025,Measured,P0243,P0243,2,32,-135,30,-61.943179999999984,33.8753,-37.76124,140.76848,-47.11177,54.98482,60.77551219219097
Pirard2025,Measured,P0243,P0243,2,33,45,30,52.65506,0.9975998,37.76124,39.23152,52.64368,1.64426,29.901633435587584
Pirard2025,Measured,P0243,P0243,2,41,-60,0,-43.788040000000024,0.7803435,-60.0,0.0,-43.78295,1.08089,16.23022626348098
Pirard2025,Measured,P0243,P0243,2,42,-45,-30,-34.74930999999998,-20.908920000000023,-37.76124,-39.23152,-32.17132,-24.93684,12.960309643533057
Pirard2025,Measured,P0243,P0243,2,43,-90,0,-87.92237,-0.491384700000026,-90.0,0.0,-87.86508,-13.30976,2.134923768998443
Pirard2025,Measured,P0243,P0243,2,45,30,0,36.30003,0.8187665,30.0,0.0,36.29573,1.01589,6.352798804845771
Pirard2025,Measured,P0243,P0243,2,46,-90,60,-29.70017999999999,1.591516,-30.0,90.0,-29.68757,1.83206,74.23527472411878
Pirard2025,Measured,P0243,P0243,2,51,0,90,14.11599,25.48213,0.0,90.0,12.71845,26.17098,64.51786999999999
Pirard2025,Measured,P0243,P0243,2,56,90,60,48.85179,0.4588492,30.0,90.0,48.84969,0.69731,67.45379490399748
Pirard2025,Measured,P0243,P0243,2,60,180,0,179.4284,1.25881,0.0,180.0,0.57146,178.74113,1.382489278085803
Pirard2025,Measured,P0243,P0243,2,65,45,-30,59.68856,-21.304599999999994,37.76124,-39.23152,53.54261,-37.69287,15.817011935854024
Pirard2025,Measured,P0243,P0243,2,69,0,30,16.19729,-0.7615615000000275,0.0,30.0,16.19582,-0.79304,34.418502703977836
Pirard2025,Measured,P0243,P0243,2,71,90,-30,91.77547,-34.08526999999998,60.0,-90.0,55.8741,267.37844,4.353420166342874
Pirard2025,Measured,P0243,P0243,2,73,90,30,66.18523,0.5482264,60.0,90.0,66.17929,1.35752,37.15201051473552
Pirard2025,Measured,P0243,P0243,2,75,180,-30,178.4162,-19.597980000000007,0.0,210.0,1.49203,199.6049,10.50046635718459
Pirard2025,Measured,P0243,P0243,2,78,90,0,90.57802,-39.43518999999998,90.0,0.0,50.56127,269.29723,39.438734946846466
Pirard2025,Measured,P0243,P0243,2,80,-90,-30,-121.2083,-37.63538,-60.0,-90.0,-42.63414,236.09993,26.888461010319286
Pirard2025,Measured,P0243,P0243,2,87,0,60,17.37025,-0.2357339999999794,0.0,60.0,17.3701,-0.247,61.72977478078536
Pirard2025,Measured,P0243,P0243,2,88,-90,30,-66.83305000000001,0.8972207,-60.0,90.0,-66.81664,2.2796,36.49362831617649
Pirard2025,Measured,P0243,P0243,2,89,135,-30,136.2424,-33.60279000000003,37.76124,219.23152,35.17229,222.61312,3.7542239762534417
Pirard2025,Measured,P0243,P0243,2,91,0,-30,17.85229,-22.96904999999998,0.0,-30.0,16.39504,-24.00234,17.429326442441635
Pirard2025,Measured,P0243,P0243,2,93,150,0,117.8713,-0.4073442000000113,30.0,180.0,62.12596,180.8713,32.131005669710774
Pirard2025,Measured,P0243,P0243,2,94,120,0,99.21269,-0.6734756999999831,60.0,180.0,80.76294,184.19926,20.797734217122983
Pirard2025,Measured,P0243,P0243,2,96,-150,0,-154.076,-0.4821388999999954,-30.0,180.0,-25.92301,180.53608,4.104368604320505
Pirard2025,Measured,P0244,P0244,0,0,-150,0,179.2072,-0.7430947999999944,-30.0,180.0,0.79273,180.74317,30.800884794388978
Pirard2025,Measured,P0244,P0244,0,1,180,60,136.4471,28.96048,0.0,120.0,37.07531,142.63478,42.57509026677867
Pirard2025,Measured,P0244,P0244,0,6,0,60,43.09896,32.27396,0.0,60.0,35.28893,40.85697,39.54605960961205
Pirard2025,Measured,P0244,P0244,0,7,30,0,89.87381,-0.3304307000000221,30.0,0.0,89.64629,-69.0986,59.874362905944515
Pirard2025,Measured,P0244,P0244,0,9,90,60,89.73359,28.34097,30.0,90.0,61.65788,89.50608,31.659549301063137
Pirard2025,Measured,P0244,P0244,0,10,-90,60,-88.91615000000002,33.06331,-30.0,90.0,-56.92095,88.33562,26.946170861757597
Pirard2025,Measured,P0244,P0244,0,12,-90,30,-89.24829,33.48271,-60.0,90.0,-56.50984,88.86373,3.5408577030605266
Pirard2025,Measured,P0244,P0244,0,17,135,30,144.3852,0.2093567,37.76124,140.76848,35.61453,179.74247,31.10141406076791
Pirard2025,Measured,P0244,P0244,0,18,-45,-30,-155.2284,-0.8699816000000169,-37.76124,-39.23152,-24.76855,180.95813,106.96656427782496
Pirard2025,Measured,P0244,P0244,0,22,-60,0,-50.73187999999999,29.31885,-60.0,0.0,-42.45608,41.58213,30.62432004088746
Pirard2025,Measured,P0244,P0244,0,29,120,0,117.1653,-0.0395646800000122,60.0,180.0,62.83467,180.08666,2.834975868765514
Pirard2025,Measured,P0244,P0244,0,32,150,0,135.3876,-0.0656106000000136,30.0,180.0,44.61236,180.09217,14.612544089681496
Pirard2025,Measured,P0244,P0244,0,33,-30,0,0.2668786,22.24809,-30.0,0.0,0.24701,22.24831,36.92827482012477
Pirard2025,Measured,P0244,P0244,0,38,-45,30,-90.80939999999998,34.6667,-37.76124,39.23152,-55.32503,91.17017,38.65725990100613
Pirard2025,Measured,P0244,P0244,0,41,0,-30,154.7168,0.5020211,0.0,-30.0,25.28216,179.4448,141.94485029501925
Pirard2025,Measured,P0244,P0244,0,44,60,0,112.5614,0.309643,60.0,0.0,67.43659,179.193,52.56204059499563
Pirard2025,Measured,P0244,P0244,0,52,-135,-30,-138.1944,-24.552639999999997,-37.76124,219.23152,-37.32467,211.50268,6.141942066696216
Pirard2025,Measured,P0244,P0244,0,54,-135,30,-138.391,28.87121,-37.76124,140.76848,-35.55667,143.5937,3.1614382384417135
Pirard2025,Measured,P0244,P0244,0,56,0,90,-24.904290000000003,89.3157,0.0,90.0,-0.28816,89.37933,0.6842999999998283
Pirard2025,Measured,P0244,P0244,0,59,45,30,118.5576,1.360994,37.76124,39.23152,61.41272,177.15479,75.11165251581025
Pirard2025,Measured,P0244,P0244,0,60,180,30,-179.7719,22.59375,0.0,150.0,-0.21059,157.40609,7.409065792254928
Pirard2025,Measured,P0244,P0244,0,61,90,30,127.7412,19.64326,60.0,90.0,48.13875,149.75201,35.60350739594519
Pirard2025,Measured,P0244,P0244,0,67,-120,0,-114.0972,-0.1065312000000062,-60.0,180.0,-65.90258,180.26092,5.903757833489531
Pirard2025,Measured,P0244,P0244,0,70,180,0,-179.1547,-1.4599170000000186,0.0,180.0,-0.84503,181.46008,1.6869306718464954
Pirard2025,Measured,P0244,P0244,0,73,0,30,158.4695,-0.5553189999999972,0.0,30.0,21.52944,180.59697,144.13545487508165
Pirard2025,Measured,P0244,P0244,0,74,0,0,147.6756,20.52369,0.0,0.0,30.05113,156.10632,142.3163121439816
Pirard2025,Measured,P0244,P0244,0,76,90,0,113.3633,-0.8280346999999892,90.0,0.0,66.62285,182.08727,23.377146927650827
Pirard2025,Measured,P0244,P0244,0,79,-90,-30,-90.10612000000005,-23.95805999999999,-60.0,-90.0,-66.04172,269.76118,6.0426788714538375
Pirard2025,Measured,P0244,P0244,0,82,90,-30,133.3985,-27.617039999999974,60.0,-90.0,40.07643,217.28734,37.87662534763398
Pirard2025,Measured,P0244,P0244,0,85,135,-30,138.0264,-26.003840000000025,37.76124,219.23152,36.94751,213.27082,4.806633177361684
Pirard2025,Measured,P0244,P0244,0,87,-90,0,-89.99032,31.72896,-90.0,0.0,-58.27104,89.98434,31.72896132248595
Pirard2025,Measured,P0244,P0244,0,93,180,-30,-179.3741,0.3881583,0.0,210.0,-0.62589,179.61182,30.39401036759338
Pirard2025,Measured,P0244,P0244,0,98,45,-30,117.8734,0.5500081,37.76124,-39.23152,62.12161,178.82369,75.50951357963015
Pirard2025,Measured,P0244,P0244,1,4,-150,0,-155.8464,0.7074825,-30.0,180.0,-24.15164,179.22464,5.88890363775024
Pirard2025,Measured,P0244,P0244,1,5,0,60,143.3494,28.05903,0.0,60.0,31.78762,146.40044,86.94091088173124
Pirard2025,Measured,P0244,P0244,1,6,-90,0,-90.41823,22.35268,-90.0,0.0,-67.64361,91.01697,22.356391793919975
Pirard2025,Measured,P0244,P0244,1,10,180,-30,-179.6368,22.71549,0.0,210.0,-0.33503,157.2841,52.71664580599302
Pirard2025,Measured,P0244,P0244,1,14,-120,0,-110.7058,-0.1791367999999806,-60.0,180.0,-69.29346,180.50664,9.29591101889218
Pirard2025,Measured,P0244,P0244,1,15,0,90,67.96454,88.31243,0.0,90.0,1.56426,89.3667,1.68756999999994
Pirard2025,Measured,P0244,P0244,1,17,135,-30,133.4031,-26.268520000000024,37.76124,219.23152,40.65538,215.68881,3.988193954526519
Pirard2025,Measured,P0244,P0244,1,22,-45,30,-46.726999999999975,29.61452,-37.76124,39.23152,-39.27066,39.66642,1.54728947265923
Pirard2025,Measured,P0244,P0244,1,28,90,-30,117.2429,-0.4558544000000211,60.0,-90.0,62.75358,180.99575,39.293303699686305
Pirard2025,Measured,P0244,P0244,1,35,45,-30,90.48942,-18.956920000000025,37.76124,-39.23152,71.037,268.57545,42.55575376222125
Pirard2025,Measured,P0244,P0244,1,38,0,0,37.13275,25.09082,0.0,0.0,33.14092,30.42681,43.77940717996635
Pirard2025,Measured,P0244,P0244,1,39,-60,0,-61.837530000000015,22.17414,-60.0,0.0,-54.72698,40.81179,22.246318938411708
Pirard2025,Measured,P0244,P0244,1,40,90,0,90.05598,-0.3941611000000193,90.0,0.0,89.60188,261.91686,0.3981164198033856
Pirard2025,Measured,P0244,P0244,1,42,-30,0,0.4083038,22.62887,-30.0,0.0,0.37687,22.62939,37.24577692089776
Pirard2025,Measured,P0244,P0244,1,47,120,0,117.463,1.155891,60.0,180.0,62.51458,177.49486,2.787755311571771
Pirard2025,Measured,P0244,P0244,1,53,-135,30,-136.1863,27.23126,-37.76124,140.76848,-37.99438,144.50465,2.9580430887996743
Pirard2025,Measured,P0244,P0244,1,55,-90,60,-99.23842000000002,89.50266,-30.0,90.0,-0.49089,90.07985,29.509209055018975
Pirard2025,Measured,P0244,P0244,1,57,45,30,116.8789,-0.9048217999999792,37.76124,39.23152,63.10701,182.0007,74.84521888613793
Pirard2025,Measured,P0244,P0244,1,59,0,-30,140.4329,-25.116240000000005,0.0,-30.0,35.22255,211.30424,113.09458743888972
Pirard2025,Measured,P0244,P0244,1,61,150,0,152.0625,0.0,30.0,180.0,27.9375,180.0,2.0624999999999125
Pirard2025,Measured,P0244,P0244,1,63,90,30,114.1821,-0.1834539999999833,60.0,90.0,65.81725,180.44784,37.961424938172456
Pirard2025,Measured,P0244,P0244,1,69,0,30,155.7859,0.05233916,0.0,30.0,24.21409,179.94261,142.12711736140355
Pirard2025,Measured,P0244,P0244,1,71,-90,-30,-127.0281,-30.59581000000003,-60.0,-90.0,-43.40846,224.47641,31.829927593187517
Pirard2025,Measured,P0244,P0244,1,74,60,0,110.2506,-0.7873334000000227,60.0,0.0,69.73474,182.27364,50.25509879885085
Pirard2025,Measured,P0244,P0244,1,75,-135,-30,-133.8354,-26.85480000000001,-37.76124,219.23152,-40.05628,216.16976,3.3076746572921287
Pirard2025,Measured,P0244,P0244,1,77,30,0,107.8755,-0.0740187499999933,30.0,0.0,72.12435,180.24114,77.87551027124631
Pirard2025,Measured,P0244,P0244,1,79,135,30,140.5331,23.9903,37.76124,140.76848,35.5014,150.03808,7.770470514490518
Pirard2025,Measured,P0244,P0244,1,84,180,60,-179.7182,23.16317,0.0,120.0,-0.25908,156.83658,36.837361346651086
Pirard2025,Measured,P0244,P0244,1,88,-45,-30,-149.0164,-0.3158990000000017,-37.76124,-39.23152,-30.98308,180.36847,101.9460815361481
Pirard2025,Measured,P0244,P0244,1,90,180,0,154.4553,0.4083038,0.0,180.0,25.544,179.54746,25.54774383235911
Pirard2025,Measured,P0244,P0244,1,91,90,60,143.1663,31.97165,30.0,90.0,30.56778,142.05084,44.53364626324799
Pirard2025,Measured,P0244,P0244,1,92,-90,30,-49.02747999999997,30.95816,-60.0,90.0,-40.35081,42.45397,35.12210314359097
Pirard2025,Measured,P0244,P0244,1,95,180,30,-179.728,24.96435,0.0,150.0,-0.24659,155.0354,5.041421580987759
Pirard2025,Measured,P0244,P0244,2,2,180,0,-179.2436,0.6789736,0.0,180.0,-0.75635,179.32097,1.0164247768422283
Pirard2025,Measured,P0244,P0244,2,4,90,30,113.1136,0.4005627,60.0,90.0,66.88312,178.97969,36.871407711465714
Pirard2025,Measured,P0244,P0244,2,5,0,-30,150.7824,0.5196414,0.0,-30.0,29.21628,179.40461,139.49475014333376
Pirard2025,Measured,P0244,P0244,2,8,120,0,114.2387,-0.0656106000000136,60.0,180.0,65.76122,180.15982,5.761672319955698
Pirard2025,Measured,P0244,P0244,2,19,180,60,4.544631,89.63132,0.0,120.0,0.02921,89.63248,30.367533580181114
Pirard2025,Measured,P0244,P0244,2,20,-135,-30,-132.3927,-28.696210000000008,-37.76124,219.23152,-40.37835,219.07357,2.6199747336694696
Pirard2025,Measured,P0244,P0244,2,21,-60,0,-90.44903999999995,21.99905,-60.0,0.0,-67.9966,91.11132,36.93552484102589
Pirard2025,Measured,P0244,P0244,2,22,-45,-30,-27.316989999999976,-0.3976208999999926,-37.76124,-39.23152,-27.31628,-0.44753,34.049200213336924
Pirard2025,Measured,P0244,P0244,2,23,-90,-30,-46.78026,-27.390469999999993,-60.0,-90.0,-40.31849,-37.11229,37.77937533735973
Pirard2025,Measured,P0244,P0244,2,25,-90,30,-90.38914999999996,22.05288,-60.0,90.0,-67.94386,90.96053,7.954788532488744
Pirard2025,Measured,P0244,P0244,2,27,135,-30,137.134,-27.85575,37.76124,219.23152,36.97447,215.79313,2.843480894476684
Pirard2025,Measured,P0244,P0244,2,33,-135,30,-91.64828,33.50489,-37.76124,140.76848,-56.45932,92.48791,36.764718668976926
Pirard2025,Measured,P0244,P0244,2,34,135,30,154.0828,28.75728,37.76124,140.76848,22.52992,148.61059,16.655829923622843
Pirard2025,Measured,P0244,P0244,2,36,45,30,117.6131,-0.7049888999999894,37.76124,39.23152,62.37861,181.52074,75.36761168920837
Pirard2025,Measured,P0244,P0244,2,37,0,60,37.3448,30.29146,0.0,60.0,31.58683,36.30785,38.734695258851175
Pirard2025,Measured,P0244,P0244,2,38,-90,60,-48.12991999999997,30.43569,-30.0,90.0,-39.94446,41.35666,40.55998075180604
Pirard2025,Measured,P0244,P0244,2,39,-120,0,-113.1782,-0.4005627000000231,-60.0,180.0,-66.81853,181.01762,6.833494480603355
Pirard2025,Measured,P0244,P0244,2,41,180,-30,-179.6923,-23.025710000000004,0.0,210.0,-0.28319,203.02601,6.97971129416439
Pirard2025,Measured,P0244,P0244,2,42,90,0,90.28307,-0.1046782999999891,90.0,0.0,89.6982,200.29431,0.3018047087735205
Pirard2025,Measured,P0244,P0244,2,45,90,60,141.3231,30.05621,30.0,90.0,32.7447,143.45334,45.23532307752768
Pirard2025,Measured,P0244,P0244,2,46,0,90,4.804403,89.12347,0.0,90.0,0.07341,89.12655,0.8765300000002016
Pirard2025,Measured,P0244,P0244,2,53,60,0,110.563,0.6954879,60.0,0.0,69.42575,178.02058,50.56647169606324
Pirard2025,Measured,P0244,P0244,2,55,0,30,90.22015,26.17252,0.0,30.0,63.82662,90.44794,77.43474755291624
Pirard2025,Measured,P0244,P0244,2,58,150,0,157.6024,-0.4205792999999858,30.0,180.0,22.39696,180.45489,7.613956488167225
Pirard2025,Measured,P0244,P0244,2,60,-45,30,-47.767600000000016,28.78976,-37.76124,39.23152,-40.45893,39.26845,2.6978360059149873
Pirard2025,Measured,P0244,P0244,2,64,-90,0,-89.77981999999997,21.81783,-90.0,0.0,-68.18111,89.45003,21.818886748733313
Pirard2025,Measured,P0244,P0244,2,66,180,30,-179.2859,33.8863,0.0,150.0,-0.5928,146.11164,3.9332196101835466
Pirard2025,Measured,P0244,P0244,2,71,-30,0,0.0,22.73132,-30.0,0.0,0.0,22.73132,36.98827834676623
Pirard2025,Measured,P0244,P0244,2,73,0,0,151.4655,-0.6151669999999854,0.0,0.0,28.5327,180.70022,151.4594270576046
Pirard2025,Measured,P0244,P0244,2,78,-150,0,-140.6557,-25.724679999999974,-30.0,180.0,-34.83014,211.92295,27.260182649411004
Pirard2025,Measured,P0244,P0244,2,86,90,-30,90.39094,-0.5716401000000246,60.0,-90.0,89.30747,235.63319,29.430710514963955
Pirard2025,Measured,P0244,P0244,2,91,30,0,116.8346,-0.4511079000000109,30.0,0.0,63.16189,180.99924,86.8346982096366
Pirard2025,Measured,P0244,P0244,2,95,45,-30,114.1678,-26.429419999999993,37.76124,-39.23152,54.78506,230.52207,60.10947486353549
Pirard2025,Measured,P0247,P0247,0,3,90,30,90.27868,0.8360308,60.0,90.0,89.11875,108.43385,29.16517348273829
Pirard2025,Measured,P0247,P0247,0,5,-45,30,-49.111620000000016,26.30457,-37.76124,39.23152,-42.66454,37.0593,5.17576682411244
Pirard2025,Measured,P0247,P0247,0,8,0,-30,-0.0685280399999896,-50.113879999999995,0.0,-30.0,-0.04394,-50.1139,20.113946181194464
Pirard2025,Measured,P0247,P0247,0,10,135,30,91.1372,38.28479,37.76124,140.76848,51.70091,91.44033,36.87881608714787
Pirard2025,Measured,P0247,P0247,0,11,30,0,31.9972,-47.13848999999999,30.0,0.0,21.1271,-51.79662,47.17078117755604
Pirard2025,Measured,P0247,P0247,0,12,90,60,91.07218,29.6196,30.0,90.0,60.36276,91.88509,30.38902066624076
Pirard2025,Measured,P0247,P0247,0,15,180,0,179.3605,0.02797646,0.0,180.0,0.6395,179.97202,0.6401116307429491
Pirard2025,Measured,P0247,P0247,0,16,-135,30,-89.03679,46.52544,-37.76124,140.76848,-43.46688,89.08688,39.01057725831381
Pirard2025,Measured,P0247,P0247,0,19,0,0,-0.6912548000000243,-35.98816999999997,0.0,0.0,-0.55932,-35.99015,35.993911376196586
Pirard2025,Measured,P0247,P0247,0,23,-135,-30,-74.16845999999998,25.34537,-37.76124,219.23152,-60.3963,60.06008,80.3622825054841
Pirard2025,Measured,P0247,P0247,0,24,45,30,40.87924,28.57015,37.76124,39.23152,35.0838,35.76171,3.867749471039183
Pirard2025,Measured,P0247,P0247,0,26,-60,0,-89.61615999999998,-0.3706227000000126,-60.0,0.0,-89.46643,-43.99696,29.618268637310297
Pirard2025,Measured,P0247,P0247,0,28,45,-30,34.39192,88.71928,37.76124,-39.23152,0.72337,88.9431,118.7408951864988
Pirard2025,Measured,P0247,P0247,0,32,0,30,-87.87315999999998,78.3891,0.0,30.0,-11.60279,89.56311,60.24864198715597
Pirard2025,Measured,P0247,P0247,0,35,-30,0,-49.68267000000003,-0.2818553000000179,-30.0,0.0,-49.68185,-0.43562,19.68460796766402
Pirard2025,Measured,P0247,P0247,0,37,135,-30,150.2675,-20.001800000000003,37.76124,219.23152,27.77732,202.74306,17.041619376372207
Pirard2025,Measured,P0247,P0247,0,49,180,30,22.12362,26.41774,0.0,150.0,19.71117,28.20352,119.73766820672604
Pirard2025,Measured,P0247,P0247,0,52,-90,0,-89.88941,3.007652,-90.0,0.0,-86.99032,87.89614,3.009682618732495
Pirard2025,Measured,P0247,P0247,0,53,-120,0,-113.26850000000002,5.437902,-60.0,180.0,-66.13896,166.4514,8.645669828715373
Pirard2025,Measured,P0247,P0247,0,55,90,-30,91.50337,-28.25296000000003,60.0,-90.0,61.71036,267.20498,2.185527835048179
Pirard2025,Measured,P0247,P0247,0,56,0,90,-2.690718000000004,49.54247,0.0,90.0,-1.74559,49.57367,40.457530000000006
Pirard2025,Measured,P0247,P0247,0,59,60,0,63.36059,-0.5147228999999811,60.0,0.0,63.35598,-1.14785,3.399735419695492
Pirard2025,Measured,P0247,P0247,0,63,-90,30,-58.98608999999999,26.88697,-60.0,90.0,-49.85332,44.54025,27.36422352180719
Pirard2025,Measured,P0247,P0247,0,64,0,60,0.8930672,37.22001,0.0,60.0,0.71116,37.22336,22.787146011487284
Pirard2025,Measured,P0247,P0247,0,65,-45,-30,-55.86209000000002,0.166689,-37.76124,-39.23152,-55.86173,0.29703,31.891386006288865
Pirard2025,Measured,P0247,P0247,0,66,180,60,-0.0766166799999723,-0.2055841999999756,0.0,120.0,-0.07662,-0.20558,120.20555456302353
Pirard2025,Measured,P0247,P0247,0,68,180,-30,0.1186941,-0.1398823000000106,0.0,210.0,0.11869,-0.13988,149.85990565300784
Pirard2025,Measured,P0247,P0247,0,70,120,0,120.278,-7.470785999999976,60.0,180.0,58.89904,194.57878,7.475927298903158
Pirard2025,Measured,P0247,P0247,0,79,-90,-30,-89.71787,-0.0279764599999907,-60.0,-90.0,-89.71649,-5.66305,29.973227647321117
Pirard2025,Measured,P0247,P0247,0,80,90,0,89.53684,0.2390311,90.0,0.0,89.4788,27.29808,0.5212022715154788
Pirard2025,Measured,P0247,P0247,0,81,150,0,150.1781,3.857169,30.0,180.0,29.74753,175.55629,3.8612723773451103
Pirard2025,Measured,P0247,P0247,0,85,-150,0,-136.461,12.4793,-30.0,180.0,-42.266,163.02243,18.333545787146484
Pirard2025,Measured,P0247,P0247,0,97,-90,60,-43.08296999999999,43.59161,-30.0,90.0,-29.65125,52.50515,32.38203249807223
Pirard2025,Measured,P0247,P0247,1,0,-90,30,-73.63184000000001,20.58095,-60.0,90.0,-63.92689,53.1119,17.51111646113942
Pirard2025,Measured,P0247,P0247,1,2,180,-30,21.97437,87.02293,0.0,210.0,1.11356,87.23886,122.7541746587321
Pirard2025,Measured,P0247,P0247,1,3,-30,0,-52.35645999999997,0.6513204,-30.0,0.0,-52.35166,1.06636,22.36545932510995
Pirard2025,Measured,P0247,P0247,1,6,0,90,1.665187,44.18426,0.0,90.0,1.19403,44.19636,45.81574
Pirard2025,Measured,P0247,P0247,1,9,-90,0,-91.63299999999998,0.6311808,-90.0,0.0,-88.24929,158.86429,1.7507056641285053
Pirard2025,Measured,P0247,P0247,1,10,60,0,57.59117,-1.210630999999978,60.0,0.0,57.57103,-2.25799,2.6957792464584083
Pirard2025,Measured,P0247,P0247,1,11,30,0,21.33739,-21.840379999999985,30.0,0.0,19.73941,-23.28141,23.417244969740704
Pirard2025,Measured,P0247,P0247,1,12,0,60,0.5028,34.11829,0.0,60.0,0.41626,34.11931,25.883801982704444
Pirard2025,Measured,P0247,P0247,1,16,120,0,111.9313,-0.9703549999999836,60.0,180.0,68.0483,182.59651,8.126455296687366
Pirard2025,Measured,P0247,P0247,1,17,45,-30,37.21019,-34.798429999999996,37.76124,-39.23152,29.77477,-41.10874,8.136929314831411
Pirard2025,Measured,P0247,P0247,1,19,180,60,-0.1582587999999987,23.39268,0.0,120.0,-0.14525,23.39276,96.60721902879132
Pirard2025,Measured,P0247,P0247,1,27,0,-30,-1.1690209999999863,-28.133100000000013,0.0,-30.0,-1.03089,-28.13806,2.1281878457719885
Pirard2025,Measured,P0247,P0247,1,31,-60,0,-71.83775000000003,0.3544303,-60.0,0.0,-71.83441,1.13692,11.842979073685912
Pirard2025,Measured,P0247,P0247,1,34,45,30,37.33218,9.119385,37.76124,39.23152,36.78185,11.41344,22.077050158483644
Pirard2025,Measured,P0247,P0247,1,36,-90,60,-39.38661999999999,27.82255,-30.0,90.0,-34.13844,34.32625,46.78001441297983
Pirard2025,Measured,P0247,P0247,1,38,0,30,0.5274898,-0.6145305000000008,0.0,30.0,0.52746,-0.61456,30.618659190673675
Pirard2025,Measured,P0247,P0247,1,39,-150,0,-123.9989,0.09065409,-30.0,180.0,-56.00099,179.83788,26.00124703407995
Pirard2025,Measured,P0247,P0247,1,43,-135,-30,-130.0629,0.4618246,-37.76124,219.23152,-49.93489,179.28249,30.823020938434137
Pirard2025,Measured,P0247,P0247,1,44,90,-30,90.02186,-0.0279764599999907,60.0,-90.0,89.9645,231.99696,29.972030768958195
Pirard2025,Measured,P0247,P0247,1,51,90,0,89.46394,0.174713,90.0,0.0,89.43619,18.05215,0.5638120833273235
Pirard2025,Measured,P0247,P0247,1,52,-120,0,-121.3309,0.7338206,-60.0,180.0,-58.66138,178.58896,1.5197666358477468
Pirard2025,Measured,P0247,P0247,1,53,-135,30,-90.55798,49.78844,-37.76124,140.76848,-40.20926,90.4717,38.64601820696585
Pirard2025,Measured,P0247,P0247,1,55,-90,-30,-90.70736999999995,0.2112177,-60.0,-90.0,-89.26177,163.37413,30.21873189806161
Pirard2025,Measured,P0247,P0247,1,56,-45,30,-51.90323999999998,30.10952,-37.76124,39.23152,-42.90482,43.22507,5.975174136221982
Pirard2025,Measured,P0247,P0247,1,57,180,30,0.2719625,22.1414,0.0,150.0,0.25191,22.14163,127.85794422146029
Pirard2025,Measured,P0247,P0247,1,60,90,30,75.12679,7.016183,60.0,90.0,73.5888,25.61641,26.897494703048675
Pirard2025,Measured,P0247,P0247,1,70,135,-30,151.0835,-18.867729999999995,37.76124,219.23152,27.22932,201.32683,18.357783981945015
Pirard2025,Measured,P0247,P0247,1,77,90,60,64.44569,23.50507,30.0,90.0,55.82426,45.23487,40.618922272380765
Pirard2025,Measured,P0247,P0247,1,81,-45,-30,-44.08067,9.810431,-37.76124,-39.23152,-43.27475,13.53425,39.82026024017617
Pirard2025,Measured,P0247,P0247,1,87,0,0,-8.892626000000007,-34.473720000000014,0.0,0.0,-7.32147,-34.79773,35.46435908012647
Pirard2025,Measured,P0247,P0247,1,89,180,0,24.31615,24.81576,0.0,180.0,21.94702,26.90381,145.80614638920545
Pirard2025,Measured,P0247,P0247,1,92,135,30,90.69073,22.93227,37.76124,140.76848,67.05789,91.63214,40.043744337444465
Pirard2025,Measured,P0247,P0247,1,96,150,0,157.9081,0.3380413,30.0,180.0,22.0915,179.63517,7.915275798865728
Pirard2025,Measured,P0247,P0247,2,2,45,30,49.03613,3.440768,37.76124,39.23152,48.91731,5.24007,26.83266555608972
Pirard2025,Measured,P0247,P0247,2,3,180,30,0.1897456,-0.395647600000018,0.0,150.0,0.18974,-0.39565,150.39509682642105
Pirard2025,Measured,P0247,P0247,2,4,180,-30,179.6643,-0.4480613000000062,0.0,210.0,0.33569,180.44807,29.55366541511739
Pirard2025,Measured,P0247,P0247,2,8,0,0,-18.818210000000025,-34.72003999999998,0.0,0.0,-15.37479,-36.20721,38.921333055122915
Pirard2025,Measured,P0247,P0247,2,10,-90,-30,-92.64123,-0.0395646800000122,-60.0,-90.0,-87.35847,180.85851,30.06581847513648
Pirard2025,Measured,P0247,P0247,2,13,-90,0,-93.34134,0.5453635,-90.0,0.0,-86.6145,170.72465,3.3855039648116874
Pirard2025,Measured,P0247,P0247,2,17,180,60,0.9238687,32.90319,0.0,120.0,0.77566,32.90659,87.0936792103059
Pirard2025,Measured,P0247,P0247,2,19,90,30,90.61996,0.03956468,60.0,90.0,89.37878,176.34837,29.96625116213964
Pirard2025,Measured,P0247,P0247,2,27,-45,-30,-52.49104999999997,-24.119050000000016,-37.76124,-39.23152,-46.38618,-36.32749,8.888501894229755
Pirard2025,Measured,P0247,P0247,2,28,-90,60,-38.25299000000001,35.92428,-30.0,90.0,-30.09076,42.69549,40.64181338517661
Pirard2025,Measured,P0247,P0247,2,30,-45,30,-43.74572999999998,15.34209,-37.76124,39.23152,-41.82194,20.79576,14.703150427399228
Pirard2025,Measured,P0247,P0247,2,31,-135,-30,-139.5189,0.1713202,-37.76124,219.23152,-40.48088,179.77476,30.476826267108137
Pirard2025,Measured,P0247,P0247,2,33,135,30,80.10503,-17.911279999999977,37.76124,140.76848,69.61599,-62.00145,71.32971331555017
Pirard2025,Measured,P0247,P0247,2,37,90,60,54.53248,19.63466,30.0,90.0,50.09312,31.58559,47.58100672286876
Pirard2025,Measured,P0247,P0247,2,38,45,-30,28.6656,-42.64834999999999,37.76124,-39.23152,20.66046,-46.39096,18.1909266539124
Pirard2025,Measured,P0247,P0247,2,40,90,-30,91.02785,-39.484950000000026,60.0,-90.0,50.50386,268.75271,9.522270991774642
Pirard2025,Measured,P0247,P0247,2,41,180,0,0.2762456,0.05934703,0.0,180.0,0.27625,0.05935,179.71745146576595
Pirard2025,Measured,P0247,P0247,2,42,-90,30,-70.10239999999999,15.96705,-60.0,90.0,-64.69236,40.05368,23.00784319734217
Pirard2025,Measured,P0247,P0247,2,45,60,0,63.10489,0.5719823,60.0,0.0,63.09926,1.26428,3.1570849445853453
Pirard2025,Measured,P0247,P0247,2,53,135,-30,143.2725,-26.121100000000013,37.76124,219.23152,32.47506,211.45834,8.263094202726926
Pirard2025,Measured,P0247,P0247,2,54,0,90,0.1643245,22.10283,0.0,90.0,0.15225,22.10291,67.89716999999999
Pirard2025,Measured,P0247,P0247,2,56,30,0,37.6829,-34.58643999999998,30.0,0.0,30.21578,-41.06368,35.32549765021655
Pirard2025,Measured,P0247,P0247,2,57,0,30,-8.324117999999999,-10.093450000000018,0.0,30.0,-8.19439,-10.19867,40.88607236967999
Pirard2025,Measured,P0247,P0247,2,59,-150,0,-139.0979,4.972087,-30.0,180.0,-40.71559,173.43401,11.969887572405874
Pirard2025,Measured,P0247,P0247,2,61,90,0,91.6631,-0.3835945000000152,90.0,0.0,88.29325,192.9901,1.7067527714307642
Pirard2025,Measured,P0247,P0247,2,62,-60,0,-84.44668999999999,0.6268256,-60.0,0.0,-84.41154,6.45022,24.45423121415589
Pirard2025,Measured,P0247,P0247,2,70,0,60,0.03956468,-0.2776587000000177,0.0,60.0,0.03956,-0.27766,60.27766656481682
Pirard2025,Measured,P0247,P0247,2,72,-120,0,-113.3,-0.2158000000000015,-60.0,180.0,-66.69906,180.54556,6.703458598166845
Pirard2025,Measured,P0247,P0247,2,75,-135,30,-90.64684,36.72557,-37.76124,140.76848,-53.26954,90.86691,37.314214667673134
Pirard2025,Measured,P0247,P0247,2,77,0,-30,-0.6342733999999837,-46.71469000000002,0.0,-30.0,-0.43487,-46.71644,16.721936494410826
Pirard2025,Measured,P0247,P0247,2,87,120,0,123.3376,-1.701344000000006,60.0,180.0,56.62402,183.09367,3.745780315961413
Pirard2025,Measured,P0247,P0247,2,93,-30,0,-44.49092999999999,0.3357179,-30.0,0.0,-44.48996,0.47061,14.4947350903623
Pirard2025,Measured,P0247,P0247,2,97,150,0,154.0228,-0.6804129999999873,30.0,180.0,25.97523,180.75687,4.079843219352131
Pirard2025,Measured,P0250,P0250,0,1,135,-30,135.7421,0.5706123,37.76124,219.23152,44.25513,179.20331,30.5787940561069
Pirard2025,Measured,P0250,P0250,0,3,-150,0,-143.1429,19.81641,-30.0,180.0,-34.35384,155.75526,20.924105973899955
Pirard2025,Measured,P0250,P0250,0,4,90,-30,90.43949,-21.63506000000001,60.0,-90.0,68.36069,268.89211,8.374262032813377
Pirard2025,Measured,P0250,P0250,0,5,90,30,90.85886,25.54188,60.0,90.0,64.44465,91.7966,4.522366394067098
Pirard2025,Measured,P0250,P0250,0,7,45,30,90.41645,-0.3077413999999976,37.76124,39.23152,89.48218,216.46356,52.75597241969064
Pirard2025,Measured,P0250,P0250,0,10,-45,-30,-179.7935,0.5263757,-37.76124,-39.23152,-0.20649,179.47362,127.93223810975844
Pirard2025,Measured,P0250,P0250,0,12,45,-30,90.49197,-27.896599999999975,37.76124,-39.23152,62.09941,269.07079,39.602772113787566
Pirard2025,Measured,P0250,P0250,0,15,0,-30,0.1440177,33.74574,0.0,-30.0,0.11975,33.74582,63.74588533235166
Pirard2025,Measured,P0250,P0250,0,23,0,30,165.1545,29.76908,0.0,30.0,12.85015,149.38545,118.58052524438736
Pirard2025,Measured,P0250,P0250,0,24,-90,0,-88.94346999999999,-0.6821363999999903,-90.0,0.0,-88.74242,-32.85056,1.2575821911411047
Pirard2025,Measured,P0250,P0250,0,27,180,30,-13.750969999999995,88.15744,0.0,150.0,-0.43791,88.21022,61.79068116364399
Pirard2025,Measured,P0250,P0250,0,31,-90,60,-179.6974,22.61673,-30.0,90.0,-0.27933,157.38299,70.39823732869844
Pirard2025,Measured,P0250,P0250,0,33,-45,30,-43.71600000000001,26.07574,-37.76124,39.23152,-38.3703,34.10082,4.084514381019069
Pirard2025,Measured,P0250,P0250,0,38,135,30,91.26519,30.8397,37.76124,140.76848,59.13691,92.1179,37.47809057223949
Pirard2025,Measured,P0250,P0250,0,39,-30,0,-89.65211,27.75107,-30.0,0.0,-62.24692,89.33883,63.43999498460156
Pirard2025,Measured,P0250,P0250,0,44,30,0,52.61522,-36.07805000000002,30.0,0.0,39.95521,-50.19552,41.74888637971956
Pirard2025,Measured,P0250,P0250,0,49,90,0,134.8077,34.55285,90.0,0.0,35.75545,135.66158,54.2445499749656
Pirard2025,Measured,P0250,P0250,0,59,180,60,-2.8456509999999753,86.18987,0.0,120.0,-0.18902,86.19455,33.805911170610464
Pirard2025,Measured,P0250,P0250,0,60,180,-30,-177.8695,-43.220860000000016,0.0,210.0,-1.55237,223.24063,13.329708623669513
Pirard2025,Measured,P0250,P0250,0,64,150,0,159.4169,27.02106,30.0,180.0,18.25149,151.42002,28.49790153077211
Pirard2025,Measured,P0250,P0250,0,65,90,60,89.86333,0.3956476,30.0,90.0,89.58141,70.94366,59.60444688604144
Pirard2025,Measured,P0250,P0250,0,66,120,0,123.9049,1.341588,60.0,180.0,56.07174,177.5959,4.128597182762062
Pirard2025,Measured,P0250,P0250,0,67,0,0,39.5616,-24.798990000000003,0.0,0.0,35.32228,-30.93529,45.585196165305206
Pirard2025,Measured,P0250,P0250,0,68,-135,30,-56.05507,30.68019,-37.76124,140.76848,-45.51697,46.73539,66.55045931491067
Pirard2025,Measured,P0250,P0250,0,69,180,0,179.691,33.81907,0.0,180.0,0.25672,146.18054,33.82031374361755
Pirard2025,Measured,P0250,P0250,0,70,-120,0,-90.62736999999998,31.13439,-60.0,180.0,-58.85992,91.03846,41.76163754269479
Pirard2025,Measured,P0250,P0250,0,74,-135,-30,-148.6976,-33.77534000000003,-37.76124,219.23152,-25.58607,218.05239,12.21612986715123
Pirard2025,Measured,P0250,P0250,0,77,0,60,-179.2303,33.90447,0.0,60.0,-0.63882,146.09314,86.0933795700128
Pirard2025,Measured,P0250,P0250,0,79,-90,-30,-127.7089,-33.52708999999999,-60.0,-90.0,-41.26208,227.28824,32.07938021567522
Pirard2025,Measured,P0250,P0250,0,80,-60,0,-62.16041000000001,-38.92135999999999,-60.0,0.0,-43.46893,-59.95855,38.97176594547597
Pirard2025,Measured,P0250,P0250,0,82,60,0,90.05473,-22.359339999999975,60.0,0.0,67.6406,269.86695,36.82477445317934
Pirard2025,Measured,P0250,P0250,0,88,-90,30,-66.15730000000002,21.45321,-60.0,90.0,-58.35203,44.1908,23.05817524092446
Pirard2025,Measured,P0250,P0250,0,97,0,90,-1.1948489999999763,-50.65026,0.0,90.0,-0.75756,-50.65637,140.65026
Pirard2025,Measured,P0250,P0250,1,2,-120,0,-90.26506,20.34318,-60.0,180.0,-69.65517,90.71485,35.49471352765289
Pirard2025,Measured,P0250,P0250,1,3,-135,30,-143.7108,28.94079,-37.76124,140.76848,-31.19483,145.54913,7.655358666711394
Pirard2025,Measured,P0250,P0250,1,6,180,0,-177.1878,-0.681275200000016,0.0,180.0,-2.812,180.6821,2.8934809425239183
Pirard2025,Measured,P0250,P0250,1,7,-90,30,-52.05865,-0.5004597000000217,-60.0,90.0,-52.05585,-0.81391,47.26648648457872
Pirard2025,Measured,P0250,P0250,1,9,0,0,36.31573,-29.08717999999999,0.0,0.0,31.16755,-34.62116,45.23962037930174
Pirard2025,Measured,P0250,P0250,1,11,-150,0,-57.19261999999998,23.19435,-30.0,180.0,-50.5846,38.33795,92.58031092186866
Pirard2025,Measured,P0250,P0250,1,13,135,-30,151.7126,0.3064671,37.76124,219.23152,28.28696,179.65197,34.23291012327078
Pirard2025,Measured,P0250,P0250,1,20,-30,0,-0.253337799999997,0.08846933,-30.0,0.0,-0.25334,0.08847,29.746781719476378
Pirard2025,Measured,P0250,P0250,1,24,-60,0,-85.84733,0.2176059,-60.0,0.0,-85.84164,3.00228,25.848182988042293
Pirard2025,Measured,P0250,P0250,1,30,90,0,88.58319,-0.8261420000000044,90.0,0.0,88.35996,-30.25073,1.6400372130470386
Pirard2025,Measured,P0250,P0250,1,34,0,30,29.85573,18.06424,0.0,30.0,28.24742,20.60984,29.644855840368873
Pirard2025,Measured,P0250,P0250,1,35,135,30,121.9281,30.56395,37.76124,140.76848,46.95301,131.84539,11.296040114796805
Pirard2025,Measured,P0250,P0250,1,36,30,0,89.93243,-24.383359999999985,30.0,0.0,65.61655,-89.85093,62.84934881697687
Pirard2025,Measured,P0250,P0250,1,38,0,-30,46.49245,29.58171,0.0,-30.0,39.10509,39.50706,74.23645077613284
Pirard2025,Measured,P0250,P0250,1,39,-90,60,-49.597320000000025,32.19962,-30.0,90.0,-40.11962,44.17367,38.401950950127215
Pirard2025,Measured,P0250,P0250,1,43,-135,-30,-117.02960000000002,-37.84039000000001,-37.76124,219.23152,-44.70549,239.67141,16.806323186022563
Pirard2025,Measured,P0250,P0250,1,44,-45,-30,-44.827560000000005,-41.35674999999998,-37.76124,-39.23152,-31.94883,-51.14193,11.357606580130785
Pirard2025,Measured,P0250,P0250,1,47,-90,0,-91.25522999999998,1.407643,-90.0,0.0,-88.11407,131.71617,1.8859332281794192
Pirard2025,Measured,P0250,P0250,1,48,-45,30,-43.06117999999998,18.28621,-37.76124,39.23152,-40.4135,24.33657,11.845905560333565
Pirard2025,Measured,P0250,P0250,1,56,90,-30,130.5475,-29.822839999999985,60.0,-90.0,41.24163,221.40565,34.95772383256054
Pirard2025,Measured,P0250,P0250,1,59,45,30,121.1644,-0.3926690000000121,37.76124,39.23152,58.83338,180.75875,78.24852032211744
Pirard2025,Measured,P0250,P0250,1,69,0,60,148.7705,0.8586619,0.0,60.0,31.2256,178.99586,114.48925081057853
Pirard2025,Measured,P0250,P0250,1,75,180,60,-178.1806,-40.55435,0.0,120.0,-1.38226,220.56862,100.56551217703286
Pirard2025,Measured,P0250,P0250,1,76,150,0,157.5157,37.16139,30.0,180.0,17.7445,140.63666,37.80600993710715
Pirard2025,Measured,P0250,P0250,1,78,180,-30,-41.793830000000014,-42.21645000000001,0.0,210.0,-29.57631,-50.58833,98.17628120664158
Pirard2025,Measured,P0250,P0250,1,79,90,60,125.9085,0.09065409,30.0,90.0,54.0914,179.84543,66.02443223712154
Pirard2025,Measured,P0250,P0250,1,80,90,30,90.59216,37.55743,60.0,90.0,52.43859,90.77006,7.573386496241398
Pirard2025,Measured,P0250,P0250,1,84,45,-30,90.48091,-35.34386000000001,37.76124,-39.23152,54.65329,269.32193,38.32183859058149
Pirard2025,Measured,P0250,P0250,1,86,-90,-30,-54.69193999999999,-32.60043000000002,-60.0,-90.0,-43.43138,-47.89476,30.143744624614257
Pirard2025,Measured,P0250,P0250,1,93,60,0,89.27907,-0.4275010000000065,60.0,0.0,89.16185,-30.66845,29.281914296128797
Pirard2025,Measured,P0250,P0250,1,94,0,90,179.6942,-0.8842594999999847,0.0,90.0,0.30576,180.88427,90.8842595
Pirard2025,Measured,P0250,P0250,1,96,180,30,-51.05457999999999,40.67653,0.0,150.0,-36.14587,53.81837,94.98840200310872
Pirard2025,Measured,P0250,P0250,1,98,120,0,134.7198,21.28112,60.0,180.0,41.46054,151.03303,25.67993357890677
Pirard2025,Measured,P0250,P0250,2,1,90,-30,126.4554,-25.215120000000013,60.0,-90.0,46.69223,218.39597,32.52060212251418
Pirard2025,Measured,P0250,P0250,2,8,0,60,49.96304,25.40191,0.0,60.0,43.75764,36.43505,48.54438180862789
Pirard2025,Measured,P0250,P0250,2,13,-30,0,-42.98225000000002,-30.09680000000003,-30.0,0.0,-36.14671,-38.38912,32.534774327371615
Pirard2025,Measured,P0250,P0250,2,14,0,30,144.541,24.12775,0.0,30.0,31.96754,151.19401,116.06505724524486
Pirard2025,Measured,P0250,P0250,2,16,90,60,141.4782,25.08325,30.0,90.0,34.3382,149.10872,49.52045636796488
Pirard2025,Measured,P0250,P0250,2,17,180,0,178.7941,21.44851,0.0,180.0,1.12238,158.54717,21.480786825521115
Pirard2025,Measured,P0250,P0250,2,20,135,30,149.9609,37.39807,37.76124,140.76848,23.43366,138.55158,14.45274829951916
Pirard2025,Measured,P0250,P0250,2,21,-45,-30,-52.00142,-33.358600000000024,-37.76124,-39.23152,-41.16237,-46.91967,6.837143678782861
Pirard2025,Measured,P0250,P0250,2,25,180,60,179.5879,-22.727340000000027,0.0,120.0,0.3801,202.72787,82.72802901076335
Pirard2025,Measured,P0250,P0250,2,26,135,-30,151.8066,-20.30558000000002,37.76124,219.23152,26.30114,202.77421,18.005388427591587
Pirard2025,Measured,P0250,P0250,2,29,-90,0,-91.30890999999995,-33.075469999999996,-90.0,0.0,-56.90158,267.99125,33.09841803690414
Pirard2025,Measured,P0250,P0250,2,35,-60,0,-46.70537999999999,-26.03678000000002,-60.0,0.0,-40.84165,-35.46603,29.022087887451132
Pirard2025,Measured,P0250,P0250,2,36,0,0,38.79376,-0.2289973000000032,0.0,0.0,38.79339,-0.29381,38.79432929122908
Pirard2025,Measured,P0250,P0250,2,38,180,-30,-42.582569999999976,-32.07731000000001,0.0,210.0,-34.9841,-40.4047,105.94865973776804
Pirard2025,Measured,P0250,P0250,2,39,-120,0,-90.16374000000002,26.62193,-60.0,180.0,-63.3776,90.32666,39.15087897667361
Pirard2025,Measured,P0250,P0250,2,43,90,0,91.19347,23.63526,90.0,0.0,66.33635,92.72492,23.663646344590003
Pirard2025,Measured,P0250,P0250,2,46,120,0,136.5067,0.709416,60.0,180.0,43.48913,179.02215,16.521513684015826
Pirard2025,Measured,P0250,P0250,2,48,45,-30,147.1897,31.47623,37.76124,-39.23152,27.52454,143.92896,114.64698098087834
Pirard2025,Measured,P0250,P0250,2,51,-135,30,-64.59390000000002,36.25337,-37.76124,140.76848,-46.75424,59.67012,58.0027692747771
Pirard2025,Measured,P0250,P0250,2,56,-90,60,-40.57272,37.14401,-30.0,90.0,-31.22882,44.92149,38.54192596993953
Pirard2025,Measured,P0250,P0250,2,59,150,0,159.7939,-0.1769386999999938,30.0,180.0,20.206,180.18854,9.795482580992685
Pirard2025,Measured,P0250,P0250,2,60,0,-30,48.86399,-35.5874,0.0,-30.0,37.76928,-47.40766,41.037533643286665
Pirard2025,Measured,P0250,P0250,2,61,180,30,-39.53417000000002,43.15857,0.0,150.0,-27.66696,50.56326,98.34954050930922
Pirard2025,Measured,P0250,P0250,2,63,-90,30,-118.3057,-25.20938000000001,-60.0,90.0,-52.80434,224.79314,61.51745191883969
Pirard2025,Measured,P0250,P0250,2,68,-150,0,-152.9499,0.1769387,-30.0,180.0,-27.04996,179.80133,2.9551970570510497
Pirard2025,Measured,P0250,P0250,2,74,-90,-30,-156.831,-29.984249999999975,-60.0,-90.0,-19.92483,212.11242,56.97457136075995
Pirard2025,Measured,P0250,P0250,2,75,90,30,122.5955,30.22801,60.0,90.0,46.71395,132.75484,28.09895468026676
Pirard2025,Measured,P0250,P0250,2,76,45,30,70.93539,-0.9425307000000204,37.76124,39.23152,70.91297,-2.88341,39.60335192477796
Pirard2025,Measured,P0250,P0250,2,79,0,90,179.6283,-23.717510000000004,0.0,90.0,0.34031,203.71795,113.71751000000002
Pirard2025,Measured,P0250,P0250,2,85,-45,30,-142.7731,0.4489339,-37.76124,39.23152,-37.22556,179.43619,96.50033633918056
Pirard2025,Measured,P0250,P0250,2,86,-135,-30,-135.1209,-29.366649999999993,-37.76124,219.23152,-37.94766,218.45345,0.6420002698113808
Pirard2025,Measured,P0250,P0250,2,91,60,0,89.87925,-2.0441129999999816,60.0,0.0,87.95233,-86.62078,29.942647208483933
Pirard2025,Measured,P0250,P0250,2,98,30,0,65.77289,-0.5177552000000105,30.0,0.0,65.76769,-1.26156,35.77613668425123
Pirard2025,Measured,P0271,P0271,0,0,0,60,0.2993615,31.51203,0.0,60.0,0.25521,31.51238,28.48866890537185
Pirard2025,Measured,P0271,P0271,0,4,180,30,179.8953,-0.4502395999999748,0.0,150.0,0.1047,180.45024,30.450403066538005
Pirard2025,Measured,P0271,P0271,0,7,0,0,0.5105241,-0.3549820000000068,0.0,0.0,0.51051,-0.355,0.6218068366549249
Pirard2025,Measured,P0271,P0271,0,9,150,0,147.268,-0.4805127999999854,30.0,180.0,32.7307,180.57121,2.7739036639751515
Pirard2025,Measured,P0271,P0271,0,12,0,90,-3.2413569999999936,89.34454,0.0,90.0,-0.03706,89.34559,0.6554600000002664
Pirard2025,Measured,P0271,P0271,0,14,30,0,45.13784,29.04491,30.0,0.0,38.29175,38.21185,32.445339296328996
Pirard2025,Measured,P0271,P0271,0,15,120,0,146.4053,-0.2238118000000213,60.0,180.0,33.59441,180.26869,26.40618037895368
Pirard2025,Measured,P0271,P0271,0,20,-45,-30,-89.9375,-25.91482000000002,-37.76124,-39.23152,-64.08511,-89.87137,39.65393157897216
Pirard2025,Measured,P0271,P0271,0,22,45,30,44.85838,30.40183,37.76124,39.23152,37.47163,39.61563,0.420057569057831
Pirard2025,Measured,P0271,P0271,0,27,90,-30,90.25391,-28.09084999999999,60.0,-90.0,61.9081,269.5243,1.922009033791862
Pirard2025,Measured,P0271,P0271,0,31,-45,30,-46.59586999999999,28.59132,-37.76124,39.23152,-39.63759,38.42052,1.9801966439049443
Pirard2025,Measured,P0271,P0271,0,32,0,-30,-179.9477,0.1724585,0.0,-30.0,-0.0523,179.82754,150.17241693946204
Pirard2025,Measured,P0271,P0271,0,36,45,-30,89.9083,-27.045439999999985,37.76124,-39.23152,62.95442,-89.82038,39.319203128562535
Pirard2025,Measured,P0271,P0271,0,40,180,0,179.9802,-25.96366999999998,0.0,180.0,0.0178,205.96367,25.963677025790258
Pirard2025,Measured,P0271,P0271,0,44,90,30,137.4212,32.14135,60.0,90.0,34.95312,139.52679,40.34535303494315
Pirard2025,Measured,P0271,P0271,0,50,90,0,90.07411,0.1203313,90.0,0.0,89.85868,121.62816,0.1413219932794802
Pirard2025,Measured,P0271,P0271,0,51,60,0,120.4072,0.7359507,60.0,0.0,59.58475,178.54619,60.40988419938178
Pirard2025,Measured,P0271,P0271,0,52,-150,0,-147.0552,0.03956468,-30.0,180.0,-32.94479,179.95285,2.9450655383720297
Pirard2025,Measured,P0271,P0271,0,53,-90,0,-89.85843999999997,0.05934703,-90.0,0.0,-89.8465,22.74521,0.1534968937896722
Pirard2025,Measured,P0271,P0271,0,58,135,30,133.0038,32.80986,37.76124,140.76848,37.92615,136.61242,3.2858527695403277
Pirard2025,Measured,P0271,P0271,0,59,90,60,44.78205,31.3026,30.0,90.0,37.00426,40.58635,41.33268571840129
Pirard2025,Measured,P0271,P0271,0,62,180,-30,-179.6226,-0.0395646800000122,0.0,210.0,-0.3774,180.03957,29.96259066002797
Pirard2025,Measured,P0271,P0271,0,66,135,-30,133.3486,-28.281909999999986,37.76124,219.23152,39.82045,218.08983,2.2431980936174885
Pirard2025,Measured,P0271,P0271,0,67,-60,0,-58.08546999999999,0.09487279,-60.0,0.0,-58.08534,0.17946,1.9168783521549584
Pirard2025,Measured,P0271,P0271,0,70,-90,60,-89.78390999999999,0.08846933,-30.0,90.0,-89.7665,22.26473,59.911766143688986
Pirard2025,Measured,P0271,P0271,0,77,0,30,-179.1933,28.99055,0.0,30.0,-0.70561,151.00704,121.00443096853256
Pirard2025,Measured,P0271,P0271,0,78,-120,0,-90.21087,-26.527089999999987,-60.0,180.0,-63.47213,269.57757,39.05929098828173
Pirard2025,Measured,P0271,P0271,0,79,180,60,-179.3663,33.91801,0.0,120.0,-0.52586,146.08037,26.085296995888243
Pirard2025,Measured,P0271,P0271,0,83,-90,-30,-49.52472999999998,-30.775410000000026,-60.0,-90.0,-40.81101,-42.53498,34.73039850051294
Pirard2025,Measured,P0271,P0271,0,88,-135,30,-122.5093,-0.3753441999999722,-37.76124,140.76848,-57.48877,180.69837,32.623224345734386
Pirard2025,Measured,P0271,P0271,0,90,-30,0,-32.73883000000001,-0.332790999999986,-30.0,0.0,-32.73821,-0.39564,2.758959088374767
Pirard2025,Measured,P0271,P0271,0,92,-90,30,-90.12895000000005,-0.2065337999999883,-60.0,90.0,-89.75652,238.02141,30.206783573164927
Pirard2025,Measured,P0271,P0271,0,96,-135,-30,-132.685,-28.446939999999984,-37.76124,219.23152,-40.26592,218.62802,2.548175782841246
Pirard2025,Measured,P0271,P0271,1,2,0,30,0.1065312,30.1641,0.0,30.0,0.09211,30.16414,0.1882189783385452
Pirard2025,Measured,P0271,P0271,1,3,135,-30,135.1535,-25.176240000000007,37.76124,219.23152,39.65902,213.54392,4.8256760588859455
Pirard2025,Measured,P0271,P0271,1,8,-45,-30,-45.03244000000001,-27.052480000000003,-37.76124,-39.23152,-39.05742,-35.85261,2.947657741548664
Pirard2025,Measured,P0271,P0271,1,11,135,30,135.0315,28.53748,37.76124,140.76848,38.3786,142.453,1.4627780910271146
Pirard2025,Measured,P0271,P0271,1,14,-150,0,-123.6119,-0.7176430000000096,-30.0,180.0,-56.38134,181.29625,26.3971569172291
Pirard2025,Measured,P0271,P0271,1,15,180,30,179.9184,28.81633,0.0,150.0,0.0715,151.18365,1.185802446834625
Pirard2025,Measured,P0271,P0271,1,17,0,90,9.29498,89.45763,0.0,90.0,0.0876,89.46475,0.5423700000000683
Pirard2025,Measured,P0271,P0271,1,19,-90,0,-89.87290999999999,0.2007689,-90.0,0.0,-89.76239,57.66565,0.237613032470418
Pirard2025,Measured,P0271,P0271,1,20,30,0,133.9094,29.27667,30.0,0.0,38.93326,141.04808,102.10373244794724
Pirard2025,Measured,P0271,P0271,1,21,180,60,-179.4219,0.2502292,0.0,120.0,-0.57809,179.74976,59.75145883606364
Pirard2025,Measured,P0271,P0271,1,25,-90,-30,-89.82520999999997,-24.645530000000008,-60.0,-90.0,-65.35389,-89.61903,5.356718417236443
Pirard2025,Measured,P0271,P0271,1,27,0,60,24.92762,89.73834,0.0,60.0,0.11028,89.76272,29.762901307189644
Pirard2025,Measured,P0271,P0271,1,36,0,0,-0.3286494000000175,0.332791,0.0,0.0,-0.32864,0.3328,0.4677168621836015
Pirard2025,Measured,P0271,P0271,1,37,45,-30,90.2835,-0.2027087999999821,37.76124,-39.23152,89.65148,215.56583,52.33091161742284
Pirard2025,Measured,P0271,P0271,1,43,45,30,46.13873,26.28558,37.76124,39.23152,40.27558,35.48172,3.8476585087994577
Pirard2025,Measured,P0271,P0271,1,52,-135,-30,-131.0102,-28.454290000000015,-37.76124,219.23152,-41.56246,219.5519,3.809197769751571
Pirard2025,Measured,P0271,P0271,1,53,120,0,119.8619,-0.3000144000000091,60.0,180.0,60.13673,180.60253,0.3302727295791128
Pirard2025,Measured,P0271,P0271,1,55,90,0,89.91,0.2055842,90.0,0.0,89.77558,66.35741,0.2244210964433476
Pirard2025,Measured,P0271,P0271,1,56,90,60,90.0244,32.33754,30.0,90.0,57.66245,90.03854,27.662464727649212
Pirard2025,Measured,P0271,P0271,1,57,90,-30,90.33778,-26.170349999999985,60.0,-90.0,63.82762,269.31268,3.841219246946434
Pirard2025,Measured,P0271,P0271,1,58,-90,60,-89.97608000000002,0.0,-30.0,90.0,-89.97608,0.0,60.00000288276395
Pirard2025,Measured,P0271,P0271,1,61,0,-30,0.1619255,-28.160300000000007,0.0,-30.0,0.14276,-28.1604,1.845133810240264
Pirard2025,Measured,P0271,P0271,1,64,180,-30,-179.7897,-24.03955000000002,0.0,210.0,-0.19206,204.03969,5.963388821173771
Pirard2025,Measured,P0271,P0271,1,70,-120,0,-90.23507,-0.0839293700000212,-60.0,180.0,-89.7504,199.64866,29.765037487967348
Pirard2025,Measured,P0271,P0271,1,72,-30,0,-33.74061999999998,0.1607126,-30.0,0.0,-33.74047,0.19327,3.744065947281999
Pirard2025,Measured,P0271,P0271,1,78,60,0,90.07017,-0.0948727900000108,60.0,0.0,89.882,233.51259,30.070305663463525
Pirard2025,Measured,P0271,P0271,1,80,90,30,89.9978,27.3608,60.0,90.0,62.6392,89.99575,2.63920070551108
Pirard2025,Measured,P0271,P0271,1,81,-135,30,-89.90985,0.1266688,-37.76124,140.76848,-89.84453,54.56065,52.2286361665363
Pirard2025,Measured,P0271,P0271,1,86,180,0,-178.7239,0.6587883,0.0,180.0,-1.27602,179.34105,1.4360924305878084
Pirard2025,Measured,P0271,P0271,1,87,150,0,150.4155,-0.3102743000000032,30.0,180.0,29.58402,180.35679,0.5185640786248739
Pirard2025,Measured,P0271,P0271,1,91,-90,30,-89.45458000000002,0.1907741,-60.0,90.0,-89.42218,19.27888,29.81374808997666
Pirard2025,Measured,P0271,P0271,1,92,-45,30,-30.670180000000016,-0.3582739999999944,-37.76124,39.23152,-30.66952,-0.41654,33.28637641968099
Pirard2025,Measured,P0271,P0271,1,96,-60,0,-61.98732000000001,-0.684713199999976,-60.0,0.0,-61.97963,-1.45762,2.101924099339959
Pirard2025,Measured,P0271,P0271,2,0,180,0,-147.3296,-0.6142120000000091,0.0,180.0,-32.66829,180.72964,32.67553352638309
Pirard2025,Measured,P0271,P0271,2,8,-30,0,-31.581970000000013,0.1186941,-30.0,0.0,-31.58189,0.13933,1.586415390132194
Pirard2025,Measured,P0271,P0271,2,10,0,0,0.1724585,-0.7499101000000223,0.0,0.0,0.17244,-0.74991,0.7694838490554661
Pirard2025,Measured,P0271,P0271,2,13,0,60,-0.6644077000000266,29.56281,0.0,60.0,-0.57791,29.56446,30.44049695243429
Pirard2025,Measured,P0271,P0271,2,14,0,-30,0.745461,-26.362450000000024,0.0,-30.0,0.66793,-26.36438,3.696386013191282
Pirard2025,Measured,P0271,P0271,2,17,0,90,-57.26526000000001,89.43811,0.0,90.0,-0.47265,89.69615,0.5618899999998416
Pirard2025,Measured,P0271,P0271,2,20,150,0,150.1228,-0.3593647000000146,30.0,180.0,29.87655,180.41444,0.3797665465286589
Pirard2025,Measured,P0271,P0271,2,23,120,0,134.2168,-26.45123000000001,60.0,180.0,39.91698,215.5047,29.785245438524008
Pirard2025,Measured,P0271,P0271,2,28,-90,0,-90.39994000000002,-0.1493533999999954,-90.0,0.0,-89.57308,200.47781,0.4269169467272385
Pirard2025,Measured,P0271,P0271,2,29,90,-30,91.40062,-28.985450000000014,60.0,-90.0,60.98366,267.47359,1.5860276815575691
Pirard2025,Measured,P0271,P0271,2,30,180,-30,-179.0317,-24.012519999999995,0.0,210.0,-0.88449,204.01556,6.049213343495273
Pirard2025,Measured,P0271,P0271,2,31,90,0,89.87003,-0.9889314999999784,90.0,0.0,89.00257,-82.51357,0.9974347272373364
Pirard2025,Measured,P0271,P0271,2,32,-150,0,-126.74020000000002,-1.081007999999997,-30.0,180.0,-53.24614,181.80675,23.283512642999025
Pirard2025,Measured,P0271,P0271,2,41,30,0,44.42936,30.78369,30.0,0.0,36.97017,39.83581,33.69467873794897
Pirard2025,Measured,P0271,P0271,2,44,-60,0,-89.99290000000002,0.6546168,-60.0,0.0,-89.34534,89.37862,29.999378274226583
Pirard2025,Measured,P0271,P0271,2,45,-90,60,-127.5195,-0.3533244999999851,-30.0,90.0,-52.47908,180.58013,66.96925291345568
Pirard2025,Measured,P0271,P0271,2,46,135,-30,135.4163,-29.008579999999995,37.76124,219.23152,37.87122,217.90261,1.0555464417361382
Pirard2025,Measured,P0271,P0271,2,47,-45,30,-59.68419,-0.3582739999999944,-37.76124,39.23152,-59.68227,-0.70976,33.42618835576542
Pirard2025,Measured,P0271,P0271,2,51,-90,30,-89.44259999999997,-0.0593470300000262,-60.0,90.0,-89.43945,-6.07755,30.06403440129004
Pirard2025,Measured,P0271,P0271,2,53,-45,-30,-47.68412000000001,-30.62761999999998,-37.76124,-39.23152,-39.51569,-41.32944,2.400550568755797
Pirard2025,Measured,P0271,P0271,2,63,135,30,90.04975,28.9607,37.76124,140.76848,61.03926,90.0899,38.888758725653496
Pirard2025,Measured,P0271,P0271,2,64,180,30,61.0497,89.38965,0.0,150.0,0.53408,89.70455,60.29686899097492
Pirard2025,Measured,P0271,P0271,2,65,-90,-30,-89.19175000000001,-22.932459999999992,-60.0,-90.0,-67.05407,-88.0904,7.104398385341199
Pirard2025,Measured,P0271,P0271,2,69,45,-30,134.0461,33.39817,37.76124,-39.23152,36.87599,136.51833,105.25945032216843
Pirard2025,Measured,P0271,P0271,2,70,-135,-30,-133.6526,-34.645939999999996,-37.76124,219.23152,-36.52983,225.03126,4.783265214559256
Pirard2025,Measured,P0271,P0271,2,74,90,60,44.95609,29.85593,30.0,90.0,37.79146,39.04691,42.47940472810017
Pirard2025,Measured,P0271,P0271,2,80,0,30,0.91941,0.08392937,0.0,30.0,0.91941,0.08394,29.92887729565151
Pirard2025,Measured,P0271,P0271,2,81,180,60,179.8703,0.4445539,0.0,120.0,0.1297,179.55544,59.55553123658104
Pirard2025,Measured,P0271,P0271,2,85,90,30,91.03527,26.68561,60.0,90.0,63.29579,92.0587,3.437290169661169
Pirard2025,Measured,P0271,P0271,2,86,60,0,90.37218,-0.6781085000000076,60.0,0.0,89.22647,241.24111,30.37902646148308
Pirard2025,Measured,P0271,P0271,2,93,45,30,42.59101,24.24553,37.76124,39.23152,38.10221,31.45626,6.140353686015335
Pirard2025,Measured,P0271,P0271,2,94,-120,0,-90.68385,-0.363156100000026,-60.0,180.0,-89.22571,207.97126,29.31819943702473
Pirard2025,Measured,P0271,P0271,2,97,-135,30,-124.0058,-0.5293412999999987,-37.76124,140.76848,-55.99058,180.94642,32.27711332570502
Pirard2025,Measured,P0330,P0330,0,4,30,0,45.21071,33.19534,30.0,0.0,36.43321,42.88264,36.14826068508333
Pirard2025,Measured,P0330,P0330,0,6,-135,30,-94.22166,-2.656970000000001,-37.76124,140.76848,-85.01311,212.22684,50.80898989674419
Pirard2025,Measured,P0330,P0330,0,7,150,0,85.63144,-9.558351000000016,30.0,180.0,79.4991,-65.66015,64.74960133405428
Pirard2025,Measured,P0330,P0330,0,8,-90,60,-69.20140000000004,30.01259,-30.0,90.0,-54.0459,58.42047,33.078741565500266
Pirard2025,Measured,P0330,P0330,0,11,120,0,105.4951,5.096622,60.0,180.0,73.70776,161.53876,15.35610915232532
Pirard2025,Measured,P0330,P0330,0,16,135,-30,139.8086,1.491872,37.76124,219.23152,40.17499,178.04733,31.824514675058843
Pirard2025,Measured,P0330,P0330,0,17,180,60,-92.31581,3.893952,0.0,120.0,-85.47037,120.69515,85.47070079010255
Pirard2025,Measured,P0330,P0330,0,18,-135,-30,-99.98847,-21.616319999999973,-37.76124,219.23152,-66.28827,246.36003,32.47596166493389
Pirard2025,Measured,P0330,P0330,0,26,0,30,-92.3399,21.97796,0.0,30.0,-67.90397,95.77661,81.12166925233964
Pirard2025,Measured,P0330,P0330,0,32,90,-30,90.99472,-31.531479999999988,60.0,-90.0,58.45445,268.37928,1.7538238507866082
Pirard2025,Measured,P0330,P0330,0,38,-90,0,-84.49702000000002,-0.8161334000000124,-90.0,0.0,-84.43701,-8.44926,5.56298599821733
Pirard2025,Measured,P0330,P0330,0,39,180,0,179.2585,0.276953,0.0,180.0,0.74149,179.72302,0.7915307523681825
Pirard2025,Measured,P0330,P0330,0,41,0,90,-161.5938,36.49798,0.0,90.0,-14.70402,142.05291,53.50202000000001
Pirard2025,Measured,P0330,P0330,0,44,-60,0,-83.05437,8.404712,-60.0,0.0,-79.11266,50.70128,24.459840057765884
Pirard2025,Measured,P0330,P0330,0,47,-90,-30,-87.20456000000001,-21.06565999999998,-60.0,-90.0,-68.75803,-82.78378,9.282409330215854
Pirard2025,Measured,P0330,P0330,0,51,45,30,52.29381,45.00123,37.76124,39.23152,34.01575,58.55062,16.06152488999473
Pirard2025,Measured,P0330,P0330,0,52,0,-30,-146.4063,1.139351,0.0,-30.0,-33.58618,178.63228,136.98566772625827
Pirard2025,Measured,P0330,P0330,0,54,180,-30,-178.9415,-18.885530000000017,0.0,210.0,-1.00151,198.88852,11.155953630516668
Pirard2025,Measured,P0330,P0330,0,56,0,0,-101.55329999999998,39.3652,0.0,0.0,-49.24032,103.71907,98.90750675953883
Pirard2025,Measured,P0330,P0330,0,57,-45,-30,-91.55997000000002,-9.691341000000024,-37.76124,-39.23152,-80.1851,260.94282,47.844359043958505
Pirard2025,Measured,P0330,P0330,0,59,135,30,103.7073,46.67437,37.76124,140.76848,41.80532,102.59866,29.36575188581997
Pirard2025,Measured,P0330,P0330,0,60,-30,0,-83.61703,22.47808,-30.0,0.0,-66.67849,74.96054,56.76232534862252
Pirard2025,Measured,P0330,P0330,0,64,90,60,85.23714,66.86368,30.0,90.0,23.05181,87.96809,7.18160003305448
Pirard2025,Measured,P0330,P0330,0,65,90,0,98.26707,4.112517,90.0,0.0,80.77288,153.4328,9.227116039868504
Pirard2025,Measured,P0330,P0330,0,68,60,0,85.1759,42.09729,60.0,0.0,47.67855,84.68218,47.815409077863265
Pirard2025,Measured,P0330,P0330,0,78,-90,30,-87.15771000000001,-3.0221310000000017,-60.0,90.0,-85.85218,-46.79477,33.133818311241875
Pirard2025,Measured,P0330,P0330,0,83,0,60,-111.8333,37.49626,0.0,60.0,-47.43266,115.86154,67.68962840103784
Pirard2025,Measured,P0330,P0330,0,84,-45,30,-97.45492000000002,42.2188,-37.76124,39.23152,-47.25014,98.13788,43.37952827534265
Pirard2025,Measured,P0330,P0330,0,85,-150,0,-131.3381,-7.761392999999998,-30.0,180.0,-48.06872,191.65952,20.158316806792534
Pirard2025,Measured,P0330,P0330,0,90,180,30,-132.849,31.05706,0.0,150.0,-38.90674,138.47435,40.31687810352602
Pirard2025,Measured,P0330,P0330,0,91,-120,0,-94.54622999999998,-12.984069999999974,-60.0,180.0,-76.25594,251.02889,28.37612404103502
Pirard2025,Measured,P0330,P0330,0,94,45,-30,144.7163,41.86353,37.76124,-39.23152,25.4789,132.33193,116.26536650778394
Pirard2025,Measured,P0330,P0330,0,97,90,30,87.55683,33.45182,60.0,90.0,56.46943,86.30826,4.028716464444798
Pirard2025,Measured,P0330,P0330,1,6,0,60,-100.08389999999996,50.15644,0.0,60.0,-39.10891,98.3124,52.49419137766142
Pirard2025,Measured,P0330,P0330,1,7,45,30,67.88358,58.62074,37.76124,39.23152,28.84147,77.06773,32.61415582010046
Pirard2025,Measured,P0330,P0330,1,8,180,-30,-156.4468,-25.316120000000012,0.0,210.0,-21.17537,207.29523,21.33953346675524
Pirard2025,Measured,P0330,P0330,1,9,-30,0,-77.18272000000002,34.72135,-30.0,0.0,-53.26892,72.24876,56.03845818585692
Pirard2025,Measured,P0330,P0330,1,13,-135,-30,-117.274,-25.63535999999999,-37.76124,219.23152,-53.25771,226.32097,16.25381901264349
Pirard2025,Measured,P0330,P0330,1,15,-45,30,-87.952,19.44724,-37.76124,39.23152,-70.44937,84.22057,40.16663013143736
Pirard2025,Measured,P0330,P0330,1,18,0,-30,-174.9881,2.422528,0.0,-30.0,-5.00741,177.56819,152.0158521757095
Pirard2025,Measured,P0330,P0330,1,20,-90,0,-89.89373,-1.890309000000002,-90.0,0.0,-88.10671,-86.78348,1.893292721838899
Pirard2025,Measured,P0330,P0330,1,23,135,30,88.9537,50.61608,37.76124,140.76848,39.37608,89.14116,39.838387728380425
Pirard2025,Measured,P0330,P0330,1,24,0,30,-167.5884,-5.940164999999979,0.0,30.0,-12.3439,186.08126,153.25125584309896
Pirard2025,Measured,P0330,P0330,1,27,120,0,124.2561,0.8038125,60.0,180.0,55.73562,178.5722,4.331202244324674
Pirard2025,Measured,P0330,P0330,1,30,180,60,-154.1713,40.0366,0.0,120.0,-19.48578,136.97171,25.621840640502977
Pirard2025,Measured,P0330,P0330,1,31,45,-30,161.8745,6.616425,37.76124,-39.23152,18.00063,173.04141,116.51805643297436
Pirard2025,Measured,P0330,P0330,1,38,90,0,104.454,6.402206,90.0,0.0,74.21924,155.79406,15.780761449883157
Pirard2025,Measured,P0330,P0330,1,39,-90,-30,-94.90287999999998,-21.614109999999982,-60.0,-90.0,-67.86279,257.82725,9.473336193365476
Pirard2025,Measured,P0330,P0330,1,40,-60,0,-75.00283999999999,18.32737,-60.0,0.0,-66.48301,52.00306,23.520489016940612
Pirard2025,Measured,P0330,P0330,1,43,135,-30,145.7034,-18.00287000000003,37.76124,219.23152,32.40427,201.47317,15.457505499804226
Pirard2025,Measured,P0330,P0330,1,44,150,0,146.7695,1.338814,30.0,180.0,33.22025,178.39958,3.4966631690551955
Pirard2025,Measured,P0330,P0330,1,46,60,0,56.76796,26.44177,60.0,0.0,48.49984,42.22232,26.62443967145959
Pirard2025,Measured,P0330,P0330,1,47,180,0,-152.2305,-19.06722000000002,0.0,180.0,-26.12645,201.33709,33.25024371448125
Pirard2025,Measured,P0330,P0330,1,54,-150,0,-106.4476,-12.187880000000009,-30.0,180.0,-69.62961,217.33745,44.894369068377536
Pirard2025,Measured,P0330,P0330,1,55,-135,30,-100.267,-1.9654300000000264,-37.76124,140.76848,-79.54855,190.89812,46.04074839414025
Pirard2025,Measured,P0330,P0330,1,59,90,-30,122.6464,-31.26524000000001,60.0,-90.0,46.03245,228.38026,28.0170971526165
Pirard2025,Measured,P0330,P0330,1,63,0,90,-178.9987,42.2017,0.0,90.0,-0.74173,137.79395,47.7983
Pirard2025,Measured,P0330,P0330,1,65,-90,60,-89.58512999999999,38.18843,-30.0,90.0,-51.80966,89.47259,21.81315859604572
Pirard2025,Measured,P0330,P0330,1,70,-90,30,-89.57371999999998,4.233182,-60.0,90.0,-85.74545,84.26017,25.769968326087604
Pirard2025,Measured,P0330,P0330,1,71,30,0,144.4767,32.12661,30.0,0.0,29.47628,142.34812,110.5411456668642
Pirard2025,Measured,P0330,P0330,1,77,0,0,-122.3715,28.95204,0.0,0.0,-47.64982,134.06279,117.93660919097256
Pirard2025,Measured,P0330,P0330,1,78,90,60,103.2826,53.28294,30.0,90.0,35.58219,99.72376,9.890090835836954
Pirard2025,Measured,P0330,P0330,1,81,-45,-30,-73.18281999999999,-17.84893999999997,-37.76124,-39.23152,-65.66604,-48.06078,28.373762015643507
Pirard2025,Measured,P0330,P0330,1,82,-120,0,-98.65733999999998,-17.370650000000012,-60.0,180.0,-70.65123,244.30366,27.259454525940395
Pirard2025,Measured,P0330,P0330,1,93,180,30,-154.0261,-0.8735730000000217,0.0,150.0,-25.97066,180.97171,39.57081982123907
Pirard2025,Measured,P0330,P0330,1,98,90,30,124.9366,39.50065,60.0,90.0,39.23934,124.78724,30.019219427304225
Pirard2025,Measured,P0330,P0330,2,1,180,0,-143.7853,-18.307619999999982,0.0,180.0,-34.11861,202.29815,40.00653782741294
Pirard2025,Measured,P0330,P0330,2,3,90,0,92.21683,12.21404,90.0,0.0,77.58942,100.1316,12.410577451729798
Pirard2025,Measured,P0330,P0330,2,11,-45,-30,-97.9907,-16.882740000000013,-37.76124,-39.23152,-71.3716,245.39035,49.90634583748743
Pirard2025,Measured,P0330,P0330,2,17,0,30,-116.94670000000002,30.98659,0.0,30.0,-49.83683,127.03774,94.53242704433856
Pirard2025,Measured,P0330,P0330,2,19,60,0,86.85203,32.40857,60.0,0.0,57.45549,85.05603,41.13012896490097
Pirard2025,Measured,P0330,P0330,2,21,90,30,110.1773,48.59084,60.0,90.0,38.37747,106.91932,24.12365926791395
Pirard2025,Measured,P0330,P0330,2,22,-90,30,-96.51529,14.83337,-60.0,90.0,-73.82828,113.19271,16.308774350766736
Pirard2025,Measured,P0330,P0330,2,27,0,90,-101.2763,56.86666,0.0,90.0,-32.41432,97.27353,33.133340000000004
Pirard2025,Measured,P0330,P0330,2,32,135,30,124.4341,42.59207,37.76124,140.76848,37.38683,121.59575,15.173666455030098
Pirard2025,Measured,P0330,P0330,2,33,180,-30,-147.9812,-24.770730000000015,0.0,210.0,-28.77785,208.5567,28.810929974346617
Pirard2025,Measured,P0330,P0330,2,36,0,-30,164.4943,-2.1405520000000138,0.0,-30.0,15.49461,182.22132,144.6118531745652
Pirard2025,Measured,P0330,P0330,2,38,180,30,-128.5694,4.561882,0.0,150.0,-51.20354,172.70713,54.69060700450457
Pirard2025,Measured,P0330,P0330,2,40,-135,-30,-115.3669,-20.98199999999997,-37.76124,219.23152,-57.52961,221.83402,19.842394784956458
Pirard2025,Measured,P0330,P0330,2,41,90,60,119.4858,53.3294,30.0,90.0,31.32294,110.12726,17.339772106831102
Pirard2025,Measured,P0330,P0330,2,44,0,0,-122.49290000000002,32.12886,0.0,0.0,-45.58471,130.54384,117.0601660955188
Pirard2025,Measured,P0330,P0330,2,46,150,0,138.809,-5.283794,30.0,180.0,40.97828,187.00632,12.361263101949438
Pirard2025,Measured,P0330,P0330,2,47,-120,0,-103.03840000000002,-9.434236,-60.0,180.0,-73.95443,216.37256,19.34116570102292
Pirard2025,Measured,P0330,P0330,2,50,180,60,-80.01084000000003,43.87687,0.0,120.0,-45.22707,79.77387,57.47053243955178
Pirard2025,Measured,P0330,P0330,2,52,120,0,110.3117,2.376358,60.0,180.0,69.5556,173.18264,9.972778155941253
Pirard2025,Measured,P0330,P0330,2,55,-90,-30,-96.71514000000002,-20.690639999999973,-60.0,-90.0,-68.29248,252.79708,11.106333991528189
Pirard2025,Measured,P0330,P0330,2,57,135,-30,129.1823,-27.968290000000025,37.76124,219.23152,43.20487,220.04601,5.478675788899269
Pirard2025,Measured,P0330,P0330,2,62,45,-30,134.6874,-16.222219999999993,37.76124,-39.23152,43.0509,202.47611,81.7079700877987
Pirard2025,Measured,P0330,P0330,2,63,30,0,62.15235,61.11755,30.0,0.0,25.28224,75.55044,65.86190925555339
Pirard2025,Measured,P0330,P0330,2,68,-30,0,-73.89812,25.79907,-30.0,0.0,-59.8834,60.1553,49.5524813057832
Pirard2025,Measured,P0330,P0330,2,70,-45,30,-82.35669999999999,20.62405,-37.76124,39.23152,-68.0632,70.53635,34.87707531329504
Pirard2025,Measured,P0330,P0330,2,72,45,30,92.64999,60.15868,37.76124,39.23152,29.80618,91.5193,43.613825930052435
Pirard2025,Measured,P0330,P0330,2,77,-135,30,-98.28116,13.97622,-37.76124,140.76848,-73.79676,120.05793,37.40168724815799
Pirard2025,Measured,P0330,P0330,2,79,-150,0,-109.2259,-22.57666999999998,-30.0,180.0,-60.67647,231.62128,45.63260617294256
Pirard2025,Measured,P0330,P0330,2,90,0,60,-147.7794,47.24911,0.0,60.0,-21.21873,128.02755,69.5863850823313
Pirard2025,Measured,P0330,P0330,2,91,-60,0,-89.45600000000002,16.35726,-60.0,0.0,-73.63394,88.14722,33.333098854791125
Pirard2025,Measured,P0330,P0330,2,92,90,-30,96.6118,-26.205190000000016,60.0,-90.0,63.03088,256.83272,6.955925681110143
Pirard2025,Measured,P0330,P0330,2,93,-90,60,-89.33780999999999,43.52946,-30.0,90.0,-46.46651,89.30297,16.475431905196892
Pirard2025,Measured,P0330,P0330,2,97,-90,0,-96.36235,-5.060588999999993,-90.0,0.0,-81.87697,218.62878,8.123032406521935
Pirard2025,Measured,P0347,P0347,0,0,30,0,37.07493,10.94837,30.0,0.0,36.29097,13.62887,13.011921941015071
Pirard2025,Measured,P0347,P0347,0,1,0,0,0.4677188,-0.0791293699999755,0.0,0.0,0.46772,-0.07913,0.474365042962978
Pirard2025,Measured,P0347,P0347,0,6,-90,60,-50.03881000000001,0.0,-30.0,90.0,-50.03881,0.0,67.4654896259121
Pirard2025,Measured,P0347,P0347,0,14,90,30,89.68169,-1.0075540000000274,60.0,90.0,88.94337,-72.46923,31.00904016254453
Pirard2025,Measured,P0347,P0347,0,17,180,60,-179.3663,34.06664,0.0,120.0,-0.52495,145.93173,25.93667881313058
Pirard2025,Measured,P0347,P0347,0,18,120,0,90.08207,-0.1866263000000003,60.0,180.0,89.79613,246.26231,29.9184581869316
Pirard2025,Measured,P0347,P0347,0,19,-90,0,-89.59757000000002,0.358274,-90.0,0.0,-89.4612,41.67853,0.5388024249898735
Pirard2025,Measured,P0347,P0347,0,20,0,90,-179.7467,-0.0839293700000212,0.0,90.0,-0.2533,180.08393,90.08392937000004
Pirard2025,Measured,P0347,P0347,0,27,-90,-30,-89.49192,-24.19040000000001,-60.0,-90.0,-65.80459,-88.86913,5.8271546239439465
Pirard2025,Measured,P0347,P0347,0,33,-45,30,-152.0704,22.17341,-37.76124,39.23152,-25.7056,155.2371,92.67741288437487
Pirard2025,Measured,P0347,P0347,0,37,45,30,60.86524,-0.6495153000000187,37.76124,39.23152,60.85864,-1.33389,34.17612761791478
Pirard2025,Measured,P0347,P0347,0,39,0,-30,0.1384764,-0.2832402999999885,0.0,-30.0,0.13847,-0.28324,29.717052042529048
Pirard2025,Measured,P0347,P0347,0,40,-30,0,-155.63,22.21308,-30.0,0.0,-22.45788,155.85318,122.6369776947788
Pirard2025,Measured,P0347,P0347,0,41,-45,-30,-148.8754,14.61353,-37.76124,-39.23152,-30.01184,163.06041,109.09363669151924
Pirard2025,Measured,P0347,P0347,0,43,45,-30,52.83542,-19.51355000000001,37.76124,-39.23152,48.68848,-30.397,12.66283134317112
Pirard2025,Measured,P0347,P0347,0,46,135,30,90.16219,-0.1607126000000107,37.76124,140.76848,89.77167,224.73797,52.21511698943424
Pirard2025,Measured,P0347,P0347,0,49,-135,30,-149.1689,33.2645,-37.76124,140.76848,-25.3745,142.62195,12.486169453869204
Pirard2025,Measured,P0347,P0347,0,50,0,30,1.036277,76.89082,0.0,30.0,0.23502,76.89289,46.89334122618224
Pirard2025,Measured,P0347,P0347,0,51,-150,0,-168.9196,0.5757331,-30.0,180.0,-11.07983,179.41333,18.92803731527157
Pirard2025,Measured,P0347,P0347,0,52,-60,0,-91.05191000000002,-0.5024106999999844,-60.0,0.0,-88.83428,205.53178,31.055568261478214
Pirard2025,Measured,P0347,P0347,0,54,0,60,90.13712,0.6723125,0.0,60.0,89.31385,101.52701,89.48632199018617
Pirard2025,Measured,P0347,P0347,0,56,-90,30,-127.3505,27.01364,-60.0,90.0,-45.08946,139.95832,32.81453953396431
Pirard2025,Measured,P0347,P0347,0,59,180,30,11.05036,89.34734,0.0,150.0,0.12509,89.35944,60.640636929051446
Pirard2025,Measured,P0347,P0347,0,62,-135,-30,-147.8229,-24.416870000000017,-37.76124,219.23152,-29.0065,208.20716,12.685609093448926
Pirard2025,Measured,P0347,P0347,0,65,60,0,63.46223,0.05934703,60.0,0.0,63.46217,0.13283,3.462737985312458
Pirard2025,Measured,P0347,P0347,0,67,135,-30,91.539,-15.665840000000005,37.76124,219.23152,74.26063,264.52962,42.246356474732934
Pirard2025,Measured,P0347,P0347,0,68,150,0,89.29642,-0.4788811999999893,30.0,180.0,89.14892,-34.24187,60.70470287613981
Pirard2025,Measured,P0347,P0347,0,69,180,0,-178.6693,0.2797648,0.0,180.0,-1.33068,179.72016,1.359785556626061
Pirard2025,Measured,P0347,P0347,0,73,180,-30,-0.0713262599999779,-0.1582587999999987,0.0,210.0,-0.07133,-0.15826,149.84166466967412
Pirard2025,Measured,P0347,P0347,0,74,90,0,61.95941,-0.1235406999999782,90.0,0.0,61.95916,-0.2628,28.04084006292303
Pirard2025,Measured,P0347,P0347,0,83,-120,0,-114.7346,0.8930672,-60.0,180.0,-65.2503,177.86641,5.340389464574495
Pirard2025,Measured,P0347,P0347,0,85,90,60,50.18605,-0.7132670999999959,30.0,90.0,50.18072,-1.11388,68.08360182670083
Pirard2025,Measured,P0347,P0347,0,90,90,-30,89.50128,-26.085429999999977,60.0,-90.0,63.91014,-88.98145,3.93922164501472
Pirard2025,Measured,P0347,P0347,1,2,-45,30,-89.76033999999999,26.82081,-37.76124,39.23152,-63.1782,89.52599,39.25145244050094
Pirard2025,Measured,P0347,P0347,1,7,90,0,90.03,-0.6570037000000184,90.0,0.0,89.34231,267.3857,0.657688241013117
Pirard2025,Measured,P0347,P0347,1,12,180,-30,-179.8455,-0.4630940000000123,0.0,210.0,-0.15449,180.4631,29.537271919184107
Pirard2025,Measured,P0347,P0347,1,16,-30,0,-113.1225,-0.1266688000000044,-30.0,0.0,-66.87717,180.32256,83.12251688835455
Pirard2025,Measured,P0347,P0347,1,17,180,60,0.03956468,0.3626169,0.0,120.0,0.03956,0.36262,119.63737524189192
Pirard2025,Measured,P0347,P0347,1,18,0,90,179.7659,11.10376,0.0,90.0,0.22972,168.89615,78.89624
Pirard2025,Measured,P0347,P0347,1,19,-90,30,-113.90460000000002,19.01955,-60.0,90.0,-59.80421,139.61277,24.291920814239795
Pirard2025,Measured,P0347,P0347,1,20,-120,0,-90.04232999999999,-0.546080599999982,-60.0,180.0,-89.45228,265.56766,29.962184709637075
Pirard2025,Measured,P0347,P0347,1,28,-60,0,-56.70727999999997,0.0,-60.0,0.0,-56.70728,0.0,3.2927200000000156
Pirard2025,Measured,P0347,P0347,1,35,150,0,52.1423,0.1186941,30.0,180.0,52.14214,0.19341,97.85768303268782
Pirard2025,Measured,P0347,P0347,1,36,180,0,-0.7124435999999719,-0.358819799999992,0.0,180.0,-0.71243,-0.35885,179.20230275401042
Pirard2025,Measured,P0347,P0347,1,37,135,30,59.16066,15.50738,37.76124,140.76848,55.82761,28.42455,70.25501070706173
Pirard2025,Measured,P0347,P0347,1,41,0,0,0.7800927,52.28857,0.0,0.0,0.47716,52.29114,52.29267597761122
Pirard2025,Measured,P0347,P0347,1,42,45,30,59.78262,0.4445539,37.76124,39.23152,59.77966,0.88326,32.73136638439743
Pirard2025,Measured,P0347,P0347,1,44,45,-30,55.46595,-19.03904,37.76124,-39.23152,51.14401,-31.33038,14.502411234469031
Pirard2025,Measured,P0347,P0347,1,45,90,-30,75.5185,-19.940440000000024,60.0,-90.0,65.53036,-55.42216,16.5117811798546
Pirard2025,Measured,P0347,P0347,1,49,-150,0,-179.7093,-16.483389999999986,-30.0,180.0,-0.27875,196.48359,33.60681663312729
Pirard2025,Measured,P0347,P0347,1,50,-90,0,-108.7465,-17.338799999999992,-90.0,0.0,-64.67816,224.17052,25.321836428351475
Pirard2025,Measured,P0347,P0347,1,51,-45,-30,-121.1714,0.5542608,-37.76124,-39.23152,-58.82417,178.92926,78.33732339020291
Pirard2025,Measured,P0347,P0347,1,53,-135,-30,-142.5651,-39.76900999999998,-37.76124,219.23152,-27.85392,226.34586,11.562707435611104
Pirard2025,Measured,P0347,P0347,1,60,0,-30,179.1162,-31.918150000000026,0.0,-30.0,0.75016,211.92121,118.07617103791138
Pirard2025,Measured,P0347,P0347,1,62,-90,-30,-115.1765,-31.355500000000006,-60.0,-90.0,-50.60878,235.07921,21.64852180620217
Pirard2025,Measured,P0347,P0347,1,63,0,60,-0.2349024999999756,-0.052339159999974,0.0,60.0,-0.2349,-0.05234,60.05261702370284
Pirard2025,Measured,P0347,P0347,1,65,120,0,89.32307,9.367477,60.0,180.0,80.60831,85.90363,31.941506319602773
Pirard2025,Measured,P0347,P0347,1,66,0,30,0.3951527,10.63449,0.0,30.0,0.38837,10.63474,19.3690073468001
Pirard2025,Measured,P0347,P0347,1,67,90,30,67.34551,0.2272819,60.0,90.0,67.34443,0.59006,36.75670934715883
Pirard2025,Measured,P0347,P0347,1,68,135,-30,105.9718,-26.01605999999998,37.76124,219.23152,59.76643,240.58704,25.86587200278187
Pirard2025,Measured,P0347,P0347,1,76,180,30,18.31854,-16.55288999999999,0.0,150.0,17.53415,-17.38449,158.51554066118754
Pirard2025,Measured,P0347,P0347,1,79,90,60,56.60559,-0.1988102000000253,30.0,90.0,56.60507,-0.36121,65.51573912888165
Pirard2025,Measured,P0347,P0347,1,82,-90,60,-37.56655999999998,-16.12243000000001,-30.0,90.0,-35.85275,-20.03573,86.99834367472198
Pirard2025,Measured,P0347,P0347,1,85,30,0,43.1758,22.37252,30.0,0.0,39.25224,29.44135,25.791219867783475
Pirard2025,Measured,P0347,P0347,1,93,60,0,72.01488,-0.2027087999999821,60.0,0.0,72.01378,-0.65648,12.016564741715662
Pirard2025,Measured,P0347,P0347,1,96,-135,30,-162.7387,-0.5062904000000117,-37.76124,140.76848,-17.2606,180.53017,40.35446038570339
Pirard2025,Measured,P0347,P0347,2,0,-45,30,-69.23238000000003,40.27455,-37.76124,39.23152,-45.51087,67.2916,22.218954005179143
Pirard2025,Measured,P0347,P0347,2,1,-90,-30,-114.2175,-24.23894999999999,-60.0,-90.0,-56.26288,227.66388,22.26316282608225
Pirard2025,Measured,P0347,P0347,2,2,90,30,89.93185,-0.4921803999999952,60.0,90.0,89.50312,-82.11683,30.492249571145535
Pirard2025,Measured,P0347,P0347,2,6,-90,30,-114.2018,32.85579,-60.0,90.0,-50.01435,122.40584,20.801470382210123
Pirard2025,Measured,P0347,P0347,2,9,45,-30,47.74487,-24.419100000000014,37.76124,-39.23152,42.37249,-34.02695,6.090717266661175
Pirard2025,Measured,P0347,P0347,2,10,-135,30,-129.2942,-30.686939999999993,-37.76124,140.76848,-41.72326,223.13925,60.9291129341521
Pirard2025,Measured,P0347,P0347,2,16,30,0,47.80709,31.17857,30.0,0.0,39.3364,42.01757,35.455182181552026
Pirard2025,Measured,P0347,P0347,2,18,0,30,-179.9051,-0.0395646800000122,0.0,30.0,-0.0949,180.03956,150.0394283915121
Pirard2025,Measured,P0347,P0347,2,19,-45,-30,-130.2687,-39.069259999999986,-37.76124,-39.23152,-36.32738,231.47199,68.2480750582047
Pirard2025,Measured,P0347,P0347,2,25,45,30,46.02886,-0.0989117199999896,37.76124,39.23152,46.02877,-0.14246,30.11485978485381
Pirard2025,Measured,P0347,P0347,2,31,90,60,50.48973,-0.5158620999999926,30.0,90.0,50.48691,-0.8108,67.79370578755648
Pirard2025,Measured,P0347,P0347,2,33,60,0,73.41966,-0.9255615000000148,60.0,0.0,73.39457,-3.24032,13.450955946181631
Pirard2025,Measured,P0347,P0347,2,34,0,60,0.0,21.5761,0.0,60.0,0.0,21.5761,38.4239
Pirard2025,Measured,P0347,P0347,2,37,-90,60,-90.19448999999996,0.2533378,-30.0,90.0,-89.68062,127.51358,59.74685326914024
Pirard2025,Measured,P0347,P0347,2,39,90,0,89.93673,0.1958353,90.0,0.0,89.7942,72.09559,0.2058021915266708
Pirard2025,Measured,P0347,P0347,2,40,90,-30,90.63414,-19.66187000000002,60.0,-90.0,70.32831,268.2258,10.354065392552355
Pirard2025,Measured,P0347,P0347,2,42,-120,0,-153.8683,-22.965460000000007,-60.0,180.0,-23.92416,205.26781,40.136606379911605
Pirard2025,Measured,P0347,P0347,2,48,180,60,-179.4273,62.61609,0.0,120.0,-0.26341,117.38274,2.630471651593359
Pirard2025,Measured,P0347,P0347,2,52,180,30,0.1594904,-0.1724585000000047,0.0,150.0,0.15949,-0.17246,150.1720720045844
Pirard2025,Measured,P0347,P0347,2,57,180,-30,-179.7869,-0.3064671000000203,0.0,210.0,-0.2131,180.30647,29.694225706743325
Pirard2025,Measured,P0347,P0347,2,59,-135,-30,-141.8383,-31.868100000000027,-37.76124,219.23152,-31.6512,218.33204,6.154520881093755
Pirard2025,Measured,P0347,P0347,2,60,-90,0,-109.608,-0.3555327999999917,-90.0,0.0,-70.3889,181.05934,19.61109619349798
Pirard2025,Measured,P0347,P0347,2,62,120,0,89.32424,20.57152,60.0,180.0,69.41786,88.20009,36.36797604512348
Pirard2025,Measured,P0347,P0347,2,65,-150,0,-155.7498,-17.990220000000022,-30.0,180.0,-22.99442,199.60377,18.857726154448336
Pirard2025,Measured,P0347,P0347,2,69,135,30,89.54554,-32.46233000000001,37.76124,140.76848,57.53484,-89.28565,75.86550269631947
Pirard2025,Measured,P0347,P0347,2,70,135,-30,117.1768,-32.47710000000001,37.76124,219.23152,48.63138,234.33801,15.420232436256912
Pirard2025,Measured,P0347,P0347,2,78,0,0,0.01978234,0.03956468,0.0,0.0,0.01978,0.03956,0.0442346562858166
Pirard2025,Measured,P0347,P0347,2,79,0,90,-0.2065337999999883,0.0,0.0,90.0,-0.20653,0.0,90.0
Pirard2025,Measured,P0347,P0347,2,81,0,-30,-0.6638184999999908,-0.1493533999999954,0.0,-30.0,-0.66382,-0.14936,29.857336550893415
Pirard2025,Measured,P0347,P0347,2,87,150,0,118.9678,-0.2556443999999942,30.0,180.0,61.03117,180.52783,31.03314795302064
Pirard2025,Measured,P0347,P0347,2,88,180,0,-179.1028,-0.5131999999999834,0.0,180.0,-0.89716,180.51326,1.0335959328692743
Pirard2025,Measured,P0347,P0347,2,94,-30,0,-153.7129,18.43686,-30.0,0.0,-24.8433,159.60376,121.7722073449436
Pirard2025,Measured,P0347,P0347,2,97,-60,0,-89.91242999999997,-0.2832402999999885,-60.0,0.0,-89.70353,-72.81999,29.91364686795862
Pirard2025,Measured,P0348,P0348,0,1,180,60,22.182,89.17059,0.0,120.0,0.31313,89.23197,30.769469579658637
Pirard2025,Measured,P0348,P0348,0,2,-135,30,-89.23302000000001,0.04423466,-37.76124,140.76848,-89.23175,3.30091,52.806680527555336
Pirard2025,Measured,P0348,P0348,0,12,90,0,90.52568,-1.663187999999991,90.0,0.0,88.25574,252.46479,1.744263788407728
Pirard2025,Measured,P0348,P0348,0,16,30,0,40.1949,-0.5808087999999998,30.0,0.0,40.19241,-0.76035,10.21125639582436
Pirard2025,Measured,P0348,P0348,0,19,-90,60,-151.1935,15.65768,-30.0,90.0,-27.64372,162.26186,62.2433598946348
Pirard2025,Measured,P0348,P0348,0,21,-90,0,-90.70702,-0.2046301999999968,-90.0,0.0,-89.26396,196.14229,0.7360357829274828
Pirard2025,Measured,P0348,P0348,0,25,90,60,113.922,17.78868,30.0,90.0,60.50458,141.64711,45.59108342432619
Pirard2025,Measured,P0348,P0348,0,27,45,30,53.51689,26.66662,37.76124,39.23152,45.93157,40.18616,8.201042405161624
Pirard2025,Measured,P0348,P0348,0,30,-45,30,-131.3437,-0.1235406999999782,-37.76124,39.23152,-48.65615,180.18702,86.89595947582723
Pirard2025,Measured,P0348,P0348,0,31,0,-30,178.1714,-0.8166127000000074,0.0,-30.0,1.82841,180.81703,149.13410351934283
Pirard2025,Measured,P0348,P0348,0,38,90,30,90.84303,3.248838,60.0,90.0,86.64368,104.53123,26.763072860888524
Pirard2025,Measured,P0348,P0348,0,39,90,-30,92.14628,-0.2564087000000086,60.0,-90.0,87.83847,186.81427,29.813679500001975
Pirard2025,Measured,P0348,P0348,0,47,180,30,178.8989,38.23656,0.0,150.0,0.86485,141.7583,8.286645007096434
Pirard2025,Measured,P0348,P0348,0,50,45,-30,132.985,0.1866263,37.76124,-39.23152,47.01467,179.72628,88.34841203207793
Pirard2025,Measured,P0348,P0348,0,59,180,-30,179.0849,-1.1533489999999915,0.0,210.0,0.91491,181.1535,28.85976273177809
Pirard2025,Measured,P0348,P0348,0,60,-120,0,-122.7378,-0.8154137999999875,-60.0,180.0,-57.25318,181.50756,2.8565612844494335
Pirard2025,Measured,P0348,P0348,0,61,-150,0,179.2348,-0.2211733999999978,-30.0,180.0,0.76519,180.22119,30.76591709147638
Pirard2025,Measured,P0348,P0348,0,63,-90,-30,-88.94756999999998,-2.589969999999994,-60.0,-90.0,-87.2045,-67.90045,27.42818861159219
Pirard2025,Measured,P0348,P0348,0,70,0,0,-0.1907740999999987,-23.482280000000003,0.0,0.0,-0.17497,-23.4824,23.483011046389016
Pirard2025,Measured,P0348,P0348,0,72,135,30,117.3236,22.19924,37.76124,140.76848,55.3433,138.36206,17.657099567545554
Pirard2025,Measured,P0348,P0348,0,74,60,0,71.73267,15.341,60.0,0.0,66.31509,41.19303,19.227255598454924
Pirard2025,Measured,P0348,P0348,0,76,0,60,82.41544,88.36771,0.0,60.0,1.61801,89.7845,29.824387175488603
Pirard2025,Measured,P0348,P0348,0,77,0,90,178.9391,50.64241,0.0,90.0,0.67276,129.35277,39.35759
Pirard2025,Measured,P0348,P0348,0,79,135,-30,139.1947,-21.15888000000001,37.76124,219.23152,37.54861,207.08236,9.6141356616807
Pirard2025,Measured,P0348,P0348,0,82,-30,0,-43.71464000000003,-14.230939999999975,-30.0,0.0,-42.05627,-19.33501,19.66500641727504
Pirard2025,Measured,P0348,P0348,0,84,120,0,106.8406,-0.1519511000000193,60.0,180.0,73.15873,180.52448,13.160261778304662
Pirard2025,Measured,P0348,P0348,0,89,180,0,-179.1969,-7.342404999999985,0.0,180.0,-0.79651,187.34312,7.3859560159331
Pirard2025,Measured,P0348,P0348,0,90,-135,-30,-127.30700000000002,-19.260850000000005,-37.76124,219.23152,-48.66651,209.96485,12.80568043859673
Pirard2025,Measured,P0348,P0348,0,91,150,0,134.2883,-12.075600000000009,30.0,180.0,44.42665,197.03404,19.72291519066607
Pirard2025,Measured,P0348,P0348,0,93,-90,30,-89.15205000000003,21.40737,-60.0,90.0,-68.57663,87.83821,8.626424288879674
Pirard2025,Measured,P0348,P0348,0,95,-45,-30,-139.6283,-15.042590000000018,-37.76124,-39.23152,-38.72239,199.43033,86.42916987370458
Pirard2025,Measured,P0348,P0348,0,97,-60,0,-62.07231999999999,23.6664,-60.0,0.0,-54.02098,43.09932,23.751756094223083
Pirard2025,Measured,P0348,P0348,0,98,0,30,0.2690692,34.81337,0.0,30.0,0.22091,34.81367,4.8187205744002695
Pirard2025,Measured,P0348,P0348,1,2,120,0,90.19881,-0.3244550000000004,60.0,180.0,89.61948,238.50241,29.802793955616742
Pirard2025,Measured,P0348,P0348,1,8,-60,0,-55.26170000000002,19.98519,-60.0,0.0,-50.55885,32.54693,20.51684422232074
Pirard2025,Measured,P0348,P0348,1,11,-45,-30,-136.7867,0.0,-37.76124,-39.23152,-43.2133,180.0,91.54726487696828
Pirard2025,Measured,P0348,P0348,1,19,150,0,122.0839,0.1791368,30.0,180.0,57.91565,179.66275,27.91662853555489
Pirard2025,Measured,P0348,P0348,1,20,60,0,49.35348,0.199792,60.0,0.0,49.35307,0.30671,10.648372855862016
Pirard2025,Measured,P0348,P0348,1,22,90,0,88.62447,-0.429783499999985,90.0,0.0,88.5589,-17.35326,1.4410972031632283
Pirard2025,Measured,P0348,P0348,1,31,-90,60,-130.341,23.60667,-30.0,90.0,-44.30046,145.976,45.89181988244255
Pirard2025,Measured,P0348,P0348,1,32,-135,-30,-136.1362,-1.1592719999999872,-37.76124,219.23152,-43.85253,181.60769,28.860942324859327
Pirard2025,Measured,P0348,P0348,1,33,-120,0,-120.1806,1.197303,-60.0,180.0,-59.7979,177.61941,1.210845194909444
Pirard2025,Measured,P0348,P0348,1,35,0,30,-1.0813699999999926,0.1557664,0.0,30.0,-1.08137,0.15579,29.86198678746428
Pirard2025,Measured,P0348,P0348,1,36,90,-30,88.42963,-26.291089999999997,60.0,-90.0,63.66539,-86.82501,3.958796900848948
Pirard2025,Measured,P0348,P0348,1,37,90,30,88.72221,-0.7486043000000109,60.0,90.0,88.5191,-30.36777,30.772727567044676
Pirard2025,Measured,P0348,P0348,1,39,-150,0,-135.5434,-2.615764000000013,-30.0,180.0,-44.39805,183.66221,14.686376889957986
Pirard2025,Measured,P0348,P0348,1,45,180,30,154.0547,88.98002,0.0,150.0,0.44624,90.9172,59.08384373895959
Pirard2025,Measured,P0348,P0348,1,49,-90,30,-90.17985,27.43971,-60.0,90.0,-62.55975,90.34637,2.5651421252374056
Pirard2025,Measured,P0348,P0348,1,51,-135,30,-144.9505,0.06852804,-37.76124,140.76848,-35.04947,179.91629,31.39507865271801
Pirard2025,Measured,P0348,P0348,1,53,0,90,-178.4756,0.249446,0.0,90.0,-1.52439,179.75047,89.75055400000001
Pirard2025,Measured,P0348,P0348,1,55,135,-30,130.301,-27.21445,37.76124,219.23152,42.70562,218.4869,4.976880292468475
Pirard2025,Measured,P0348,P0348,1,58,180,-30,179.5323,-0.0279764599999907,0.0,210.0,0.4677,180.02798,29.975332458217725
Pirard2025,Measured,P0348,P0348,1,67,45,-30,134.9275,20.73564,37.76124,-39.23152,41.46325,151.80553,100.13705939973492
Pirard2025,Measured,P0348,P0348,1,69,0,60,106.707,89.81704,0.0,60.0,0.17524,90.0526,30.053060218327733
Pirard2025,Measured,P0348,P0348,1,71,-45,30,-89.40431000000001,0.2668786,-37.76124,39.23152,-89.34726,24.13368,51.60874606590515
Pirard2025,Measured,P0348,P0348,1,72,90,60,53.73742,31.59793,30.0,90.0,43.37538,46.12368,37.141568636923814
Pirard2025,Measured,P0348,P0348,1,74,-90,0,-88.33648,1.140896,-90.0,0.0,-87.98293,34.45088,2.017071316353297
Pirard2025,Measured,P0348,P0348,1,77,135,30,90.89463,33.14168,37.76124,140.76848,56.84762,91.36986,37.434244733426176
Pirard2025,Measured,P0348,P0348,1,80,45,30,45.35408,26.50084,37.76124,39.23152,39.54679,35.35666,3.513025569961598
Pirard2025,Measured,P0348,P0348,1,81,0,0,0.8842595,-21.01985000000002,0.0,0.0,0.82541,-21.02213,21.037599912915987
Pirard2025,Measured,P0348,P0348,1,87,-30,0,-33.90872999999999,0.0,-30.0,0.0,-33.90873,0.0,3.9087299999999976
Pirard2025,Measured,P0348,P0348,1,89,-90,-30,-90.36725,-19.164789999999982,-60.0,-90.0,-70.83182,268.94344,10.840330515463217
Pirard2025,Measured,P0348,P0348,1,94,0,-30,-1.6354220000000057,-25.450080000000018,0.0,-30.0,-1.47668,-25.45914,4.774457627924378
Pirard2025,Measured,P0348,P0348,1,95,30,0,34.99273,1.506232,30.0,0.0,34.97887,1.8384,5.214435934814063
Pirard2025,Measured,P0348,P0348,1,97,180,0,-178.2108,-0.5143426000000204,0.0,180.0,-1.78913,180.51459,1.86163878141751
Pirard2025,Measured,P0348,P0348,1,98,180,60,0.254109,61.5031,0.0,120.0,0.12124,61.50334,58.49674233860678
Pirard2025,Measured,P0348,P0348,2,3,90,30,89.00893,-1.275334999999984,60.0,90.0,88.3849,-52.15499,31.28962674284202
Pirard2025,Measured,P0348,P0348,2,7,-45,30,-90.46285,21.15406,-37.76124,39.23152,-68.84111,91.19596,41.67631630135274
Pirard2025,Measured,P0348,P0348,2,8,-120,0,-111.8375,0.2880355,-60.0,180.0,-68.16069,179.2257,8.16754606153725
Pirard2025,Measured,P0348,P0348,2,21,180,-30,-179.4611,-22.220050000000015,0.0,210.0,-0.49888,202.22094,7.794944944950098
Pirard2025,Measured,P0348,P0348,2,24,-90,-30,-90.51220999999998,1.007942,-60.0,-90.0,-88.86939,116.9358,31.01179004587082
Pirard2025,Measured,P0348,P0348,2,25,180,60,-179.1325,57.1093,0.0,120.0,-0.47107,122.88771,2.9258441069123062
Pirard2025,Measured,P0348,P0348,2,28,90,60,57.88674,31.24849,30.0,90.0,46.39578,48.77863,35.77570227361362
Pirard2025,Measured,P0348,P0348,2,29,-150,0,-141.9277,-0.6290070000000014,-30.0,180.0,-38.0696,180.79899,8.09660767166958
Pirard2025,Measured,P0348,P0348,2,31,30,0,36.64698,-0.1235406999999782,30.0,0.0,36.64688,-0.15398,6.648122809718804
Pirard2025,Measured,P0348,P0348,2,35,-45,-30,-90.17255999999998,-0.0279764599999907,-37.76124,-39.23152,-89.82519,189.20902,52.3548419688392
Pirard2025,Measured,P0348,P0348,2,36,180,30,-0.1046782999999891,44.86053,0.0,150.0,-0.0742,44.86058,105.1394091904755
Pirard2025,Measured,P0348,P0348,2,37,150,0,90.66632,-0.3121605000000045,30.0,180.0,89.26419,205.10307,59.334184228917835
Pirard2025,Measured,P0348,P0348,2,43,90,0,88.86916,-0.4140145999999731,90.0,0.0,88.79576,-20.10983,1.204236246312362
Pirard2025,Measured,P0348,P0348,2,55,135,30,90.05682,-0.0989117199999896,37.76124,140.76848,89.88593,240.12474,52.25738642711834
Pirard2025,Measured,P0348,P0348,2,58,120,0,90.40511,-0.5395922999999812,60.0,180.0,89.32526,233.1029,29.59936329157675
Pirard2025,Measured,P0348,P0348,2,59,0,90,3.111309,66.2387,0.0,90.0,1.25311,66.26985,23.761299999999995
Pirard2025,Measured,P0348,P0348,2,62,-90,0,-134.0532,-0.0395646800000122,-90.0,0.0,-45.94679,180.0569,44.05321411947236
Pirard2025,Measured,P0348,P0348,2,63,45,30,46.06412,23.89405,37.76124,39.23152,41.17795,32.55763,6.179071071917019
Pirard2025,Measured,P0348,P0348,2,65,-135,-30,-132.5677,-27.07186999999999,-37.76124,219.23152,-40.97937,217.07322,3.62462503538074
Pirard2025,Measured,P0348,P0348,2,66,0,-30,0.3494264,-39.64767999999998,0.0,-30.0,0.26905,-39.6482,9.65191865841418
Pirard2025,Measured,P0348,P0348,2,72,45,-30,91.48322,-0.4427898000000141,37.76124,-39.23152,88.45211,196.62416,53.118447177951985
Pirard2025,Measured,P0348,P0348,2,73,0,30,0.2382111,0.9240804,0.0,30.0,0.23818,0.92409,29.076801930106974
Pirard2025,Measured,P0348,P0348,2,74,-30,0,-42.989390000000014,0.699975,-30.0,0.0,-42.9854,0.95689,13.007912762994462
Pirard2025,Measured,P0348,P0348,2,76,0,60,0.4554249,1.69789,0.0,60.0,0.45522,1.69794,58.30317319370629
Pirard2025,Measured,P0348,P0348,2,77,-60,0,-92.93491,1.242696,-60.0,0.0,-86.81305,157.03906,32.95570705379784
Pirard2025,Measured,P0348,P0348,2,79,90,-30,89.46454,-26.27978999999999,60.0,-90.0,63.71514,-88.91576,3.7500345413071505
Pirard2025,Measured,P0348,P0348,2,84,60,0,60.13605,-2.8231359999999768,60.0,0.0,60.01517,-5.65576,2.826409647445576
Pirard2025,Measured,P0348,P0348,2,85,-90,60,-134.9268,0.1582588,-30.0,90.0,-45.07298,179.7759,69.12100300789336
Pirard2025,Measured,P0348,P0348,2,86,135,-30,134.9884,-27.623569999999972,37.76124,219.23152,38.80211,216.50973,2.3764517297228576
Pirard2025,Measured,P0348,P0348,2,87,0,0,-1.4016530000000105,-26.102649999999983,0.0,0.0,-1.25867,-26.10943,26.137618946714586
Pirard2025,Measured,P0348,P0348,2,88,-135,30,-134.5696,1.102871,-37.76124,140.76848,-45.41963,178.42866,28.9000254003967
Pirard2025,Measured,P0348,P0348,2,92,-90,30,-89.41089999999997,-0.2130624999999781,-60.0,90.0,-89.37356,-19.88418,30.21827396736339
Pirard2025,Measured,P0348,P0348,2,95,180,0,-178.6972,-19.828579999999988,0.0,180.0,-1.22555,199.83331,19.869614069940372
Pirard2025,Measured,P0349,P0349,0,4,0,-30,0.365305,-23.03521999999998,0.0,-30.0,0.33618,-23.03564,6.972429771821917
Pirard2025,Measured,P0349,P0349,0,9,-150,0,-145.0855,-0.0395646800000122,-30.0,180.0,-34.91449,180.04825,4.914658866402985
Pirard2025,Measured,P0349,P0349,0,10,180,60,0.1480375,38.55151,0.0,120.0,0.11577,38.5516,81.44841437777524
Pirard2025,Measured,P0349,P0349,0,17,30,0,53.88257,23.91089,30.0,0.0,47.60225,36.94974,33.29006893760158
Pirard2025,Measured,P0349,P0349,0,18,150,0,146.8021,17.17984,30.0,180.0,31.54062,159.72227,17.46611210062316
Pirard2025,Measured,P0349,P0349,0,28,-90,-30,-89.96177999999998,-27.367779999999986,-60.0,-90.0,-62.6322,-89.92616,2.6324334735903996
Pirard2025,Measured,P0349,P0349,0,31,-135,30,-141.5936,35.46275,-37.76124,140.76848,-30.39721,137.72923,7.781042796674312
Pirard2025,Measured,P0349,P0349,0,32,-45,-30,-89.62655999999998,-0.8432553000000098,-37.76124,-39.23152,-89.07776,-66.11527,51.41738251506976
Pirard2025,Measured,P0349,P0349,0,35,90,-30,90.06365,-0.5517841000000203,60.0,-90.0,89.44456,263.42004,29.448278174449403
Pirard2025,Measured,P0349,P0349,0,39,135,30,89.29292,33.57049,37.76124,140.76848,56.42294,88.93472,38.704773420021944
Pirard2025,Measured,P0349,P0349,0,45,60,0,54.51055,0.1119058,60.0,0.0,54.5104,0.19276,5.490587024141153
Pirard2025,Measured,P0349,P0349,0,46,0,90,3.176936,77.53914,0.0,90.0,0.68516,77.55769,12.460859999999984
Pirard2025,Measured,P0349,P0349,0,52,90,0,89.97053,0.6596788,90.0,0.0,89.33966,87.44222,0.6603367032756612
Pirard2025,Measured,P0349,P0349,0,53,45,-30,63.63538,28.84465,37.76124,-39.23152,51.70422,51.12101,61.47194803854289
Pirard2025,Measured,P0349,P0349,0,56,-90,60,-57.36538999999999,26.8508,-30.0,90.0,-48.70602,43.19054,39.93051991210985
Pirard2025,Measured,P0349,P0349,0,57,90,30,90.0122,29.06215,60.0,90.0,60.93785,90.02195,0.937910068971315
Pirard2025,Measured,P0349,P0349,0,58,90,60,57.0327,35.37481,30.0,90.0,43.16413,52.53268,32.498332292219295
Pirard2025,Measured,P0349,P0349,0,60,120,0,90.255,0.2486604,60.0,180.0,89.64383,135.72087,29.745944255761746
Pirard2025,Measured,P0349,P0349,0,62,-90,30,-88.87083999999999,31.67269,-60.0,90.0,-58.30928,88.17052,1.9333251504977895
Pirard2025,Measured,P0349,P0349,0,63,-135,-30,-148.7335,-20.26434999999998,-37.76124,219.23152,-29.13667,203.36133,15.767628857576396
Pirard2025,Measured,P0349,P0349,0,67,0,60,-0.1136409000000071,0.5781073,0.0,60.0,-0.11364,0.57811,59.42195814752151
Pirard2025,Measured,P0349,P0349,0,71,-60,0,-53.54037,25.7246,-60.0,0.0,-46.43264,39.03359,26.469555556087784
Pirard2025,Measured,P0349,P0349,0,73,-45,30,-50.008129999999994,29.78632,-37.76124,39.23152,-41.67595,41.68918,4.346736392819109
Pirard2025,Measured,P0349,P0349,0,74,180,0,-179.1085,-0.4776537999999846,0.0,180.0,-0.89147,180.47771,1.0113886444887878
Pirard2025,Measured,P0349,P0349,0,77,45,30,56.76697,25.63997,37.76124,39.23152,48.94541,41.21185,11.275403464310298
Pirard2025,Measured,P0349,P0349,0,78,-90,0,-89.40822000000003,-0.1083524000000011,-90.0,0.0,-89.39838,-10.37588,0.6016173148329844
Pirard2025,Measured,P0349,P0349,0,79,135,-30,89.70547,-27.405700000000024,37.76124,219.23152,62.59284,-89.43195,39.55731612933788
Pirard2025,Measured,P0349,P0349,0,81,0,30,0.3333784,0.2112177,0.0,30.0,0.33338,0.21122,29.79047294497506
Pirard2025,Measured,P0349,P0349,0,87,-30,0,-45.74041999999997,-0.1866263000000003,-30.0,0.0,-45.74011,-0.26741,15.74149835605793
Pirard2025,Measured,P0349,P0349,0,89,-120,0,-89.62421,-0.2158000000000015,-60.0,180.0,-89.56666,-29.86719,30.37648334963842
Pirard2025,Measured,P0349,P0349,0,90,0,0,-0.2967353999999886,-0.1791367999999806,0.0,0.0,-0.29673,-0.17914,0.3466144887611098
Pirard2025,Measured,P0349,P0349,0,93,180,-30,-179.9011,-0.1266688000000044,0.0,210.0,-0.0989,180.12667,29.873479610862557
Pirard2025,Measured,P0349,P0349,0,97,180,30,39.67755,84.89132,0.0,150.0,3.25916,86.06386,63.98146091872192
Pirard2025,Measured,P0349,P0349,1,2,60,0,90.96069,0.09891172,60.0,0.0,89.03423,174.12132,30.960832312585953
Pirard2025,Measured,P0349,P0349,1,4,30,0,47.52698,0.02797646,30.0,0.0,47.52697,0.04143,17.527001627071407
Pirard2025,Measured,P0349,P0349,1,10,90,-30,90.31786,-24.157969999999978,60.0,-90.0,65.84006,269.29138,5.848870723422288
Pirard2025,Measured,P0349,P0349,1,15,135,30,89.81202,25.6501,37.76124,140.76848,64.34926,89.60854,39.94610065695434
Pirard2025,Measured,P0349,P0349,1,16,-150,0,-136.6291,-19.3408,-30.0,180.0,-40.38825,205.77355,23.366227952558763
Pirard2025,Measured,P0349,P0349,1,20,180,30,179.678,38.21868,0.0,150.0,0.25298,141.78088,8.222985450201548
Pirard2025,Measured,P0349,P0349,1,22,90,0,90.9296,0.05233916,90.0,0.0,89.06893,176.77734,0.9310721278697484
Pirard2025,Measured,P0349,P0349,1,24,135,-30,90.17854,-21.729820000000014,37.76124,219.23152,68.26948,269.55204,40.90973142653636
Pirard2025,Measured,P0349,P0349,1,25,45,-30,50.25925,0.6943616,37.76124,-39.23152,50.25419,1.08603,31.10112600292642
Pirard2025,Measured,P0349,P0349,1,27,-90,-30,-90.26725999999996,-0.0442346599999723,-60.0,-90.0,-89.7291,189.39796,29.956846398420875
Pirard2025,Measured,P0349,P0349,1,31,0,-30,-0.0395646800000122,0.5169988,0.0,-30.0,-0.03956,0.517,30.51702209635249
Pirard2025,Measured,P0349,P0349,1,35,90,60,89.32539,30.05761,30.0,90.0,59.93553,88.83444,29.945833187699645
Pirard2025,Measured,P0349,P0349,1,36,0,90,8.443153,81.16605,0.0,90.0,1.29205,81.26031,8.83394999999999
Pirard2025,Measured,P0349,P0349,1,38,180,0,-179.8864,0.1519511,0.0,180.0,-0.1136,179.84805,0.1897210229163644
Pirard2025,Measured,P0349,P0349,1,41,-135,30,-138.8909,32.61082,-37.76124,140.76848,-33.63094,139.66405,4.226462760651815
Pirard2025,Measured,P0349,P0349,1,42,0,30,0.2176059,-0.253337799999997,0.0,30.0,0.2176,-0.25334,30.254048082057313
Pirard2025,Measured,P0349,P0349,1,45,-45,30,-44.577380000000005,33.76299,-37.76124,39.23152,-35.69686,43.1833,3.780049904781553
Pirard2025,Measured,P0349,P0349,1,51,-120,0,-134.5826,0.09891172,-60.0,180.0,-45.41731,179.85909,14.582928173699896
Pirard2025,Measured,P0349,P0349,1,52,45,30,57.96598,30.95416,37.76124,39.23152,46.63534,48.51131,11.20876407056207
Pirard2025,Measured,P0349,P0349,1,59,180,60,105.0105,88.54597,0.0,120.0,1.40441,90.37666,29.653590948564485
Pirard2025,Measured,P0349,P0349,1,64,0,60,2.396207,0.453703,0.0,60.0,2.39613,0.4541,59.575350435799685
Pirard2025,Measured,P0349,P0349,1,69,120,0,90.21217,0.749388,60.0,180.0,89.22116,105.80722,29.79639013533388
Pirard2025,Measured,P0349,P0349,1,71,-45,-30,-89.37398999999999,-23.70983000000001,-37.76124,-39.23152,-66.28238,-88.5749,39.84065414732119
Pirard2025,Measured,P0349,P0349,1,76,150,0,137.4257,0.1519511,30.0,180.0,42.57411,179.79366,12.575203288322392
Pirard2025,Measured,P0349,P0349,1,80,90,30,90.3204,24.59043,60.0,90.0,65.40761,90.70008,5.417047869778117
Pirard2025,Measured,P0349,P0349,1,82,-90,0,-89.21704999999997,0.3432113,-90.0,0.0,-89.14513,23.67147,0.8548668708059801
Pirard2025,Measured,P0349,P0349,1,86,0,0,0.03426402,0.2853053,0.0,0.0,0.03426,0.28531,0.2873554028917965
Pirard2025,Measured,P0349,P0349,1,89,-90,30,-88.95175,30.27343,-60.0,90.0,-59.71015,88.20491,0.9468908635304542
Pirard2025,Measured,P0349,P0349,1,90,-30,0,-44.93516,-0.3951526999999828,-30.0,0.0,-44.9338,-0.55819,14.940267640477304
Pirard2025,Measured,P0349,P0349,1,91,180,-30,143.1355,-1.3641529999999875,0.0,210.0,36.85232,181.70489,45.204679568217685
Pirard2025,Measured,P0349,P0349,1,92,-60,0,-44.94880999999998,30.94419,-60.0,0.0,-37.29516,40.26843,34.0810646018048
Pirard2025,Measured,P0349,P0349,1,96,-135,-30,-136.6452,-26.83760000000001,-37.76124,219.23152,-37.77553,214.83193,3.4775538630189526
Pirard2025,Measured,P0349,P0349,1,97,-90,60,-44.640690000000006,35.17183,-30.0,90.0,-35.05573,44.72324,38.18270819498053
Pirard2025,Measured,P0349,P0349,2,0,-90,-30,-90.42797000000002,-28.836490000000023,-60.0,-90.0,-61.16061,269.22275,1.2217674794590805
Pirard2025,Measured,P0349,P0349,2,1,45,-30,90.62909,-0.3779417999999737,37.76124,-39.23152,89.26611,210.99729,52.490211079798
Pirard2025,Measured,P0349,P0349,2,2,-45,30,-135.7649,34.82969,-37.76124,39.23152,-34.93388,135.8396,73.97364319750217
Pirard2025,Measured,P0349,P0349,2,7,120,0,89.77357,-0.0906540899999868,60.0,180.0,89.7561,-21.81938,30.226553091266815
Pirard2025,Measured,P0349,P0349,2,9,-120,0,-143.1293,-24.82684999999998,-60.0,180.0,-32.99451,210.04072,33.422654181622676
Pirard2025,Measured,P0349,P0349,2,11,180,-30,179.9657,-24.08447000000001,0.0,210.0,0.03131,204.08447,5.915608760541766
Pirard2025,Measured,P0349,P0349,2,12,0,60,-0.7855918000000202,25.83103,0.0,60.0,-0.70709,25.83314,34.173285274620234
Pirard2025,Measured,P0349,P0349,2,14,-90,60,-135.3852,33.13895,-30.0,90.0,-36.02229,137.47483,39.87175977116431
Pirard2025,Measured,P0349,P0349,2,19,-135,-30,-140.4617,-23.7534,-37.76124,219.23152,-35.63831,209.71105,7.918868884124884
Pirard2025,Measured,P0349,P0349,2,26,180,0,179.7451,-20.78421000000003,0.0,180.0,0.23831,200.7844,20.785703838017472
Pirard2025,Measured,P0349,P0349,2,27,0,0,0.5237671,-25.924559999999985,0.0,0.0,0.47106,-25.9255,25.929484401128384
Pirard2025,Measured,P0349,P0349,2,28,-30,0,-48.48464999999999,0.4379019,-30.0,0.0,-48.48276,0.66065,18.48965505808324
Pirard2025,Measured,P0349,P0349,2,32,0,90,-179.3848,0.3449174,0.0,90.0,-0.61519,179.65506,89.6550826
Pirard2025,Measured,P0349,P0349,2,39,135,-30,89.82643,-26.71010000000001,37.76124,219.23152,63.28938,-89.65505,39.636584016259434
Pirard2025,Measured,P0349,P0349,2,41,150,0,141.4299,0.5192646,30.0,180.0,38.56822,179.33586,8.585699497081754
Pirard2025,Measured,P0349,P0349,2,42,-90,30,-136.8994,31.47892,-60.0,90.0,-35.6424,140.01741,40.026538691646415
Pirard2025,Measured,P0349,P0349,2,43,90,30,48.24126,29.91347,60.0,90.0,40.28418,40.82299,35.97242484073182
Pirard2025,Measured,P0349,P0349,2,44,0,-30,-0.8972206999999912,0.8187665,0.0,-30.0,-0.89713,0.81887,30.83063793152992
Pirard2025,Measured,P0349,P0349,2,45,60,0,89.99567,0.6355062,60.0,0.0,89.36448,89.60964,30.001774904172414
Pirard2025,Measured,P0349,P0349,2,48,-60,0,-56.54039,0.3861367,-60.0,0.0,-56.53842,0.70032,3.481066166231585
Pirard2025,Measured,P0349,P0349,2,49,-45,-30,-90.10969999999998,-32.07803000000001,-37.76124,-39.23152,-57.9218,269.82497,38.425097109850405
Pirard2025,Measured,P0349,P0349,2,53,30,0,50.25523,0.04423466,30.0,0.0,50.25521,0.06918,20.25527627203604
Pirard2025,Measured,P0349,P0349,2,58,90,0,90.38704,-0.1582587999999987,90.0,0.0,89.58185,202.23962,0.4181452240728983
Pirard2025,Measured,P0349,P0349,2,59,180,60,-179.3184,33.36447,0.0,120.0,-0.56926,146.63367,26.6393061208569
Pirard2025,Measured,P0349,P0349,2,63,0,30,0.1186941,-0.8919710999999779,0.0,30.0,0.11868,-0.89197,30.892178452146617
Pirard2025,Measured,P0349,P0349,2,65,135,30,90.14159,0.7548515,37.76124,140.76848,89.23198,100.6231,51.65335482043477
Pirard2025,Measured,P0349,P0349,2,66,45,30,49.63755,30.2891,37.76124,39.23152,41.1436,42.04772,4.0204961560783214
Pirard2025,Measured,P0349,P0349,2,71,-135,30,-137.8861,32.86867,-37.76124,140.76848,-34.28111,138.94263,3.7802503543341097
Pirard2025,Measured,P0349,P0349,2,73,90,60,90.5388,40.96805,30.0,90.0,49.02903,90.62048,19.034882802249196
Pirard2025,Measured,P0349,P0349,2,77,-90,0,-89.19369,0.04423466,-90.0,0.0,-89.19248,3.14024,0.8075223786827542
Pirard2025,Measured,P0349,P0349,2,84,180,30,-178.4333,44.28038,0.0,150.0,-1.12158,135.70891,14.334118260387331
Pirard2025,Measured,P0349,P0349,2,87,90,-30,90.42351,-27.174109999999985,60.0,-90.0,62.82284,269.17509,2.850244926080301
Pirard2025,Measured,P0349,P0349,2,98,-150,0,-136.477,-20.37473,-30.0,180.0,-40.20775,207.12149,24.294010275237337
Pirard2025,Measured,P0350,P0350,0,1,45,30,90.24548,27.98881,37.76124,39.23152,62.0102,90.46189,39.3690162808001
Pirard2025,Measured,P0350,P0350,0,4,150,0,169.1171,-0.3609945000000039,30.0,180.0,10.88268,180.36761,19.12038067705407
Pirard2025,Measured,P0350,P0350,0,10,-90,-30,-89.13094999999998,-19.23694999999998,-60.0,-90.0,-70.74417,-87.51126,10.791868874463708
Pirard2025,Measured,P0350,P0350,0,14,30,0,88.99393,10.08457,30.0,0.0,79.86589,84.36169,59.52446991250587
Pirard2025,Measured,P0350,P0350,0,18,135,30,135.8387,20.22504,37.76124,140.76848,40.82303,152.81638,9.804297039731894
Pirard2025,Measured,P0350,P0350,0,19,-120,0,-136.104,21.8087,-60.0,180.0,-40.07037,150.95667,26.874644398065627
Pirard2025,Measured,P0350,P0350,0,20,90,60,138.6655,34.74487,30.0,90.0,32.8672,137.27066,40.10058859254816
Pirard2025,Measured,P0350,P0350,0,21,180,-30,179.9558,-29.038869999999974,0.0,210.0,0.03864,209.03888,0.961899246371238
Pirard2025,Measured,P0350,P0350,0,22,60,0,90.12489,-20.491739999999993,60.0,0.0,69.5079,269.66582,35.88425045343564
Pirard2025,Measured,P0350,P0350,0,23,180,0,179.2785,24.55496,0.0,180.0,0.65625,155.44332,24.56490087809921
Pirard2025,Measured,P0350,P0350,0,24,-90,30,-91.99088,23.43987,-60.0,90.0,-66.48049,94.58117,6.796429232423633
Pirard2025,Measured,P0350,P0350,0,28,-135,-30,-139.2366,-22.83235999999999,-37.76124,219.23152,-36.99716,209.06856,8.107855680861242
Pirard2025,Measured,P0350,P0350,0,30,180,30,-179.5893,30.63253,0.0,150.0,-0.35339,149.36682,0.7251127290583714
Pirard2025,Measured,P0350,P0350,0,33,0,30,-179.8333,-0.4224361000000272,0.0,30.0,-0.1667,180.42244,150.42201064080493
Pirard2025,Measured,P0350,P0350,0,37,180,60,-0.0197823400000061,-0.1027920999999878,0.0,120.0,-0.01978,-0.10279,120.10279012625004
Pirard2025,Measured,P0350,P0350,0,38,135,-30,131.1091,-37.04957999999999,37.76124,219.23152,36.96639,228.94556,7.757947381787662
Pirard2025,Measured,P0350,P0350,0,39,0,90,-1.1035810000000197,51.32848,0.0,90.0,-0.68955,51.33367,38.67152
Pirard2025,Measured,P0350,P0350,0,43,90,-30,89.05006,-15.101740000000008,60.0,-90.0,74.86911,-86.48437,14.92384730725356
Pirard2025,Measured,P0350,P0350,0,46,120,0,91.0202,-0.5588314999999966,60.0,180.0,88.83679,208.7145,28.984720182638966
Pirard2025,Measured,P0350,P0350,0,50,-150,0,-134.7634,-23.82747999999998,-30.0,180.0,-40.50413,212.0938,28.041062775896588
Pirard2025,Measured,P0350,P0350,0,64,0,0,-0.9142876999999884,-0.0839293700000212,0.0,0.0,-0.91429,-0.08394,0.9181315480973374
Pirard2025,Measured,P0350,P0350,0,65,45,-30,91.30946,-0.2272818999999799,37.76124,-39.23152,88.67097,189.84757,53.1159896571385
Pirard2025,Measured,P0350,P0350,0,67,90,0,72.1328,-0.6142120000000091,90.0,0.0,72.12259,-2.00118,17.877409860771625
Pirard2025,Measured,P0350,P0350,0,70,-60,0,-54.05926999999997,1.067346,-60.0,0.0,-54.04556,1.81807,6.035512813186116
Pirard2025,Measured,P0350,P0350,0,71,-90,60,-35.71922999999998,32.53145,-30.0,90.0,-29.48602,38.15419,44.616681402137814
Pirard2025,Measured,P0350,P0350,0,74,90,30,90.89847,-0.8708808999999746,60.0,90.0,88.74875,224.11005,30.882767137944715
Pirard2025,Measured,P0350,P0350,0,75,-45,30,-30.299930000000018,22.20438,-37.76124,39.23152,-27.84698,25.30304,15.30960523084266
Pirard2025,Measured,P0350,P0350,0,76,0,60,0.03956468,24.25089,0.0,60.0,0.03607,24.2509,35.74912065913557
Pirard2025,Measured,P0350,P0350,0,80,0,-30,-0.7903100999999992,1.484376,0.0,-30.0,-0.79004,1.48452,31.49340984706821
Pirard2025,Measured,P0350,P0350,0,82,-135,30,-157.295,16.87842,-37.76124,140.76848,-21.67612,161.79396,24.225470644538376
Pirard2025,Measured,P0350,P0350,0,90,-90,0,-88.40728000000001,-0.8163731000000212,-90.0,0.0,-88.21029,-27.14268,1.789706779751777
Pirard2025,Measured,P0350,P0350,0,94,-30,0,-19.292930000000013,0.2027088,-30.0,0.0,-19.2928,0.21477,10.708966308809686
Pirard2025,Measured,P0350,P0350,0,98,-45,-30,-28.40005000000002,0.2027088,-37.76124,-39.23152,-28.39986,0.23044,34.09004293174059
Pirard2025,Measured,P0350,P0350,1,1,135,-30,89.74788,-26.42928000000001,37.76124,219.23152,63.5696,-89.49277,39.78078971071771
Pirard2025,Measured,P0350,P0350,1,8,0,0,0.06852804,0.3109043,0.0,0.0,0.06853,0.3109,0.3183669736839283
Pirard2025,Measured,P0350,P0350,1,12,-90,30,-89.66138000000001,25.90632,-60.0,90.0,-64.09162,89.30287,4.104584581353818
Pirard2025,Measured,P0350,P0350,1,15,90,30,90.09352,1.372876,60.0,90.0,88.62394,93.89621,28.627261920347376
Pirard2025,Measured,P0350,P0350,1,18,-135,30,-179.8847,34.99343,-37.76124,140.76848,-0.09446,145.00652,37.86901435308202
Pirard2025,Measured,P0350,P0350,1,20,-90,0,-89.99518999999998,-23.364239999999995,-90.0,0.0,-66.63576,-89.98887,23.36424046736475
Pirard2025,Measured,P0350,P0350,1,22,0,-30,1.130212,0.2238118,0.0,-30.0,1.1302,0.22386,30.24298349749027
Pirard2025,Measured,P0350,P0350,1,23,60,0,89.60472,-16.531709999999975,60.0,0.0,73.4637,-88.66851,33.538673505329044
Pirard2025,Measured,P0350,P0350,1,24,-150,0,179.8455,-10.341020000000016,-30.0,180.0,0.15199,190.34106,31.71986240475503
Pirard2025,Measured,P0350,P0350,1,28,-45,30,-159.5917,-0.3737770000000182,-37.76124,39.23152,-20.40785,180.39881,111.32451252990828
Pirard2025,Measured,P0350,P0350,1,33,-30,0,-163.1098,0.6887025,-30.0,0.0,-16.88894,179.28025,133.10592549730455
Pirard2025,Measured,P0350,P0350,1,36,135,30,132.2336,15.23614,37.76124,140.76848,45.59289,157.94116,14.981234900424308
Pirard2025,Measured,P0350,P0350,1,40,-45,-30,-33.81723999999997,0.9663135,-37.76124,-39.23152,-33.81178,1.16304,32.75100128000617
Pirard2025,Measured,P0350,P0350,1,41,90,-30,89.97546,-9.262404000000004,60.0,-90.0,80.73756,-89.84952,20.73760868572507
Pirard2025,Measured,P0350,P0350,1,50,-120,0,-130.9296,0.8047857,-60.0,180.0,-49.06388,178.77167,10.958830272308912
Pirard2025,Measured,P0350,P0350,1,51,30,0,50.45481,15.13253,30.0,0.0,48.10619,23.01315,25.249477555815755
Pirard2025,Measured,P0350,P0350,1,57,120,0,90.19585,0.04423466,60.0,180.0,89.79922,167.2727,29.804179810435727
Pirard2025,Measured,P0350,P0350,1,58,150,0,107.419,-17.570359999999994,30.0,180.0,65.45393,226.60795,45.41473852798995
Pirard2025,Measured,P0350,P0350,1,62,45,30,145.0395,19.80995,37.76124,39.23152,32.62252,156.27291,88.42914271064085
Pirard2025,Measured,P0350,P0350,1,65,0,90,0.3403488,0.6726035,0.0,90.0,0.34033,0.67262,89.3273965
Pirard2025,Measured,P0350,P0350,1,66,45,-30,65.70789,0.07912937,37.76124,-39.23152,65.70777,0.19235,35.96412926873534
Pirard2025,Measured,P0350,P0350,1,68,180,0,-179.4906,11.01567,0.0,180.0,-0.50001,168.98391,11.027296530001884
Pirard2025,Measured,P0350,P0350,1,69,90,0,89.98631,0.6926687,90.0,0.0,89.3072,88.8678,0.6928039657290571
Pirard2025,Measured,P0350,P0350,1,70,180,30,179.8012,0.1426525,0.0,150.0,0.1988,179.85735,29.857947447517816
Pirard2025,Measured,P0350,P0350,1,71,0,30,-0.809875599999998,0.1493534,0.0,30.0,-0.80987,0.14937,29.860603792653155
Pirard2025,Measured,P0350,P0350,1,79,-60,0,-42.555499999999995,0.4897892,-60.0,0.0,-42.55358,0.6649,17.451160846362793
Pirard2025,Measured,P0350,P0350,1,81,90,60,148.9358,18.02749,30.0,90.0,29.38442,159.19636,59.11309278479536
Pirard2025,Measured,P0350,P0350,1,85,-135,-30,-156.8652,-18.80144999999999,-37.76124,219.23152,-21.83477,200.316,22.782019671414897
Pirard2025,Measured,P0350,P0350,1,86,0,60,-1.2788600000000088,-0.2502291999999784,0.0,60.0,-1.27885,-0.25029,60.25844790191921
Pirard2025,Measured,P0350,P0350,1,88,-90,60,-37.45364999999998,41.94259,-30.0,90.0,-26.89316,48.54155,36.38944506761818
Pirard2025,Measured,P0350,P0350,1,89,180,-30,180.0,-23.319470000000024,0.0,210.0,0.0,203.31947,6.680529999999943
Pirard2025,Measured,P0350,P0350,1,91,-90,-30,-134.1941,-21.792509999999993,-60.0,-90.0,-41.73934,209.83662,40.343823620687246
Pirard2025,Measured,P0350,P0350,1,98,180,60,-179.7935,11.91439,0.0,120.0,-0.20205,168.08553,48.08585464770115
Pirard2025,Measured,P0350,P0350,2,6,-120,0,-149.5315,0.9857605,-60.0,180.0,-30.46351,178.85634,29.54646512719528
Pirard2025,Measured,P0350,P0350,2,13,135,-30,135.3199,1.2698,37.76124,219.23152,44.66619,178.21446,31.27128958258144
Pirard2025,Measured,P0350,P0350,2,15,0,60,-0.1834539999999833,28.04567,0.0,60.0,-0.16191,28.04579,31.95457488678567
Pirard2025,Measured,P0350,P0350,2,19,-135,30,-157.0466,16.11847,-37.76124,140.76848,-22.00281,162.57642,24.500392304989926
Pirard2025,Measured,P0350,P0350,2,23,-60,0,-157.5533,0.3732531,-60.0,0.0,-22.4462,179.59615,97.55313878967866
Pirard2025,Measured,P0350,P0350,2,24,-45,30,-161.8787,15.32152,-37.76124,39.23152,-17.45611,163.91926,104.21134799075378
Pirard2025,Measured,P0350,P0350,2,25,-135,-30,-152.6974,-31.540830000000028,-37.76124,219.23152,-23.01216,214.63406,15.267110654350756
Pirard2025,Measured,P0350,P0350,2,29,90,-30,86.59381,-33.91361999999998,60.0,-90.0,55.93612,-84.94976,4.8642198098305265
Pirard2025,Measured,P0350,P0350,2,34,60,0,90.19444,-0.6394963999999845,60.0,0.0,89.3316,253.08871,30.200572572911145
Pirard2025,Measured,P0350,P0350,2,37,0,90,0.2298502,2.142288,0.0,90.0,0.22969,2.14231,87.85771199999999
Pirard2025,Measured,P0350,P0350,2,39,-90,-30,-86.43223,-31.571739999999977,-60.0,-90.0,-58.24802,-84.21772,3.444228967916652
Pirard2025,Measured,P0350,P0350,2,44,45,-30,91.1539,20.72019,37.76124,-39.23152,69.24912,93.04737,67.40522466587487
Pirard2025,Measured,P0350,P0350,2,45,90,0,90.26395,0.07912937,90.0,0.0,89.72444,163.31177,0.2755558299178026
Pirard2025,Measured,P0350,P0350,2,47,135,30,152.8452,14.5878,37.76124,140.76848,26.21133,163.69619,22.52450582240393
Pirard2025,Measured,P0350,P0350,2,51,150,0,141.9897,1.952943,30.0,180.0,37.98429,177.52192,8.243422166876169
Pirard2025,Measured,P0350,P0350,2,52,45,30,154.9127,25.30743,37.76124,39.23152,22.53863,152.43044,93.0330694491548
Pirard2025,Measured,P0350,P0350,2,57,90,30,89.84782,16.45024,60.0,90.0,73.54908,89.48462,13.55047643509598
Pirard2025,Measured,P0350,P0350,2,58,180,60,-179.8357,0.5132,0.0,120.0,-0.16429,179.4868,59.48693671401633
Pirard2025,Measured,P0350,P0350,2,60,-90,60,-145.4396,24.03929,-30.0,90.0,-31.20307,151.55855,52.278554468501106
Pirard2025,Measured,P0350,P0350,2,62,-30,0,-15.86741999999998,1.897233,-30.0,0.0,-15.85849,1.97233,14.256788147599847
Pirard2025,Measured,P0350,P0350,2,65,0,-30,-0.0395646800000122,0.5521386,0.0,-30.0,-0.03956,0.55214,30.552161872009524
Pirard2025,Measured,P0350,P0350,2,67,180,-30,179.4895,-23.664049999999975,0.0,210.0,0.46757,203.66489,6.352275298966498
Pirard2025,Measured,P0350,P0350,2,68,-90,0,-89.90714000000003,0.4515415,-90.0,0.0,-89.53901,78.37932,0.4609908104308131
Pirard2025,Measured,P0350,P0350,2,70,30,0,89.60072,0.1938267,30.0,0.0,89.55616,25.89408,59.60091234227043
Pirard2025,Measured,P0350,P0350,2,75,-45,-30,-158.1788,-18.84796,-37.76124,-39.23152,-20.59622,200.18893,99.26857138587076
Pirard2025,Measured,P0350,P0350,2,77,-90,30,-90.27414,18.30132,-60.0,90.0,-71.6967,90.8288,11.701339123277382
Pirard2025,Measured,P0350,P0350,2,79,90,60,128.4997,17.30738,30.0,90.0,48.3464,153.40908,50.85914170457729
Pirard2025,Measured,P0350,P0350,2,80,180,30,-178.9136,0.5743721,0.0,150.0,-1.08635,179.42552,29.44377719836762
Pirard2025,Measured,P0350,P0350,2,83,120,0,89.39149,-0.1557664000000045,60.0,180.0,89.37187,-14.35855,30.608867902770537
Pirard2025,Measured,P0350,P0350,2,84,-150,0,-168.9485,-17.679509999999993,-30.0,180.0,-10.52344,197.99221,25.691635162141576
Pirard2025,Measured,P0350,P0350,2,85,180,0,179.7436,0.6211812,0.0,180.0,0.25638,179.37881,0.672015228581571
Pirard2025,Measured,P0350,P0350,2,93,0,30,0.2927522,0.5983981,0.0,30.0,0.29274,0.59841,29.40292114948593
Pirard2025,Measured,P0350,P0350,2,96,0,0,0.8724523,0.5921526,0.0,0.0,0.87241,0.59222,1.054414821558787
Pirard2025,Measured,P0351,P0351,0,0,90,30,89.99652,34.96337,60.0,90.0,55.03663,89.99502,4.963370866931024
Pirard2025,Measured,P0351,P0351,0,3,135,-30,142.7301,-26.731510000000014,37.76124,219.23152,32.74149,212.32871,7.543898123935208
Pirard2025,Measured,P0351,P0351,0,5,-135,30,-118.9211,31.83924,-37.76124,140.76848,-48.03758,127.91086,13.90285757459776
Pirard2025,Measured,P0351,P0351,0,7,-45,-30,-62.47379000000001,-26.39217000000002,-37.76124,-39.23152,-52.59585,-47.03654,15.79954544674054
Pirard2025,Measured,P0351,P0351,0,11,-90,0,-89.92565000000002,0.1791368,-90.0,0.0,-89.80605,67.45938,0.1939533387232922
Pirard2025,Measured,P0351,P0351,0,15,-135,-30,-124.8735,-20.73023999999998,-37.76124,219.23152,-50.11209,213.50194,13.01189579704488
Pirard2025,Measured,P0351,P0351,0,21,0,0,0.5381398,0.2790645,0.0,0.0,0.53813,0.27908,0.6061923370524358
Pirard2025,Measured,P0351,P0351,0,22,150,0,162.305,-0.6413296000000059,30.0,180.0,17.69385,180.67318,12.321444134028573
Pirard2025,Measured,P0351,P0351,0,24,90,60,96.67311,64.71845,30.0,90.0,25.09836,93.14146,5.636913449074271
Pirard2025,Measured,P0351,P0351,0,27,-150,0,-117.0173,-1.4269729999999754,-30.0,180.0,-62.94787,183.13882,33.0100694712065
Pirard2025,Measured,P0351,P0351,0,30,180,-30,-179.7,-17.90737999999999,0.0,210.0,-0.28547,197.90761,12.095709085751356
Pirard2025,Measured,P0351,P0351,0,35,120,0,90.70047,-13.323440000000003,60.0,180.0,76.65849,267.04491,31.940152572274055
Pirard2025,Measured,P0351,P0351,0,40,-90,60,-43.11401999999998,40.82877,-30.0,90.0,-31.14099,49.80722,34.43372039773363
Pirard2025,Measured,P0351,P0351,0,42,-45,30,-56.89720999999997,30.88692,-37.76124,39.23152,-45.96311,47.60358,10.290275736145094
Pirard2025,Measured,P0351,P0351,0,43,0,-30,173.9597,89.92463,0.0,-30.0,0.00793,90.07495,120.07495123796728
Pirard2025,Measured,P0351,P0351,0,44,-90,30,-89.69308999999998,41.59126,-60.0,90.0,-48.40781,89.65422,11.593909425587524
Pirard2025,Measured,P0351,P0351,0,47,90,0,90.14678,0.1027921,90.0,0.0,89.82081,144.99585,0.1791941994238571
Pirard2025,Measured,P0351,P0351,0,49,180,30,-175.5813,89.68976,0.0,150.0,-0.0239,90.30932,59.69068503533372
Pirard2025,Measured,P0351,P0351,0,50,0,30,-0.1834539999999833,18.47993,0.0,30.0,-0.17399,18.48002,11.521277854515713
Pirard2025,Measured,P0351,P0351,0,51,180,0,-179.438,0.3449174,0.0,180.0,-0.56199,179.65507,0.6593998767228615
Pirard2025,Measured,P0351,P0351,0,54,-30,0,-27.465829999999983,0.02797646,-30.0,0.0,-27.46583,0.03153,2.534324320360653
Pirard2025,Measured,P0351,P0351,0,55,45,30,45.82868,38.63739,37.76124,39.23152,34.07384,48.92112,8.664340854183957
Pirard2025,Measured,P0351,P0351,0,60,0,90,-153.3656,89.79974,0.0,90.0,-0.08978,90.17901,0.2002600000000799
Pirard2025,Measured,P0351,P0351,0,62,60,0,61.42971,0.3449174,60.0,0.0,61.4278,0.7212,1.4707188730851644
Pirard2025,Measured,P0351,P0351,0,70,0,60,72.53011,89.40716,0.0,60.0,0.56549,89.82202,29.826888939945395
Pirard2025,Measured,P0351,P0351,0,73,-120,0,-101.5618,0.9130027,-60.0,180.0,-78.4027,175.45384,18.460005880181058
Pirard2025,Measured,P0351,P0351,0,74,90,-30,90.83067,-18.595950000000016,60.0,-90.0,71.38616,267.53275,11.429019276401066
Pirard2025,Measured,P0351,P0351,0,77,45,-30,36.00819,-24.103290000000015,37.76124,-39.23152,32.45535,-28.94534,9.938423103155618
Pirard2025,Measured,P0351,P0351,0,79,30,0,16.98649,-0.5993783000000121,30.0,0.0,16.98553,-0.62672,13.027067889792278
Pirard2025,Measured,P0351,P0351,0,82,-90,-30,-89.99540000000002,-20.124779999999987,-60.0,-90.0,-69.87522,-89.98745,9.875220875512332
Pirard2025,Measured,P0351,P0351,0,89,-60,0,-65.69585000000001,17.56305,-60.0,0.0,-60.32993,37.56061,18.43584061766576
Pirard2025,Measured,P0351,P0351,0,96,135,30,143.9943,37.07293,37.76124,140.76848,27.97198,136.95512,10.297150496987562
Pirard2025,Measured,P0351,P0351,0,98,180,60,-179.3251,59.85601,0.0,120.0,-0.33891,120.14226,0.3675595986997877
Pirard2025,Measured,P0351,P0351,1,1,-90,30,-89.92996,38.42256,-60.0,90.0,-51.57739,89.9117,8.422758298564025
Pirard2025,Measured,P0351,P0351,1,3,-30,0,-25.70598000000001,0.607807,-30.0,0.0,-25.70443,0.67456,4.336743615293976
Pirard2025,Measured,P0351,P0351,1,10,0,60,-8.016921000000025,89.64776,0.0,60.0,-0.04913,89.6512,29.651239377659273
Pirard2025,Measured,P0351,P0351,1,11,0,90,178.6214,69.09698,0.0,90.0,0.49183,110.89749,20.90301999999999
Pirard2025,Measured,P0351,P0351,1,12,-150,0,-132.1508,-0.9930780999999912,-30.0,180.0,-47.83969,181.47963,17.875906475598306
Pirard2025,Measured,P0351,P0351,1,17,-45,30,-49.850689999999986,27.35178,-37.76124,39.23152,-42.75871,38.73873,5.01156806975061
Pirard2025,Measured,P0351,P0351,1,21,0,-30,0.3471792,-19.168830000000018,0.0,-30.0,0.32793,-19.16916,10.835747809525037
Pirard2025,Measured,P0351,P0351,1,25,-90,0,-90.74885999999998,0.3685048,-90.0,0.0,-89.16539,153.79781,0.8346132964391442
Pirard2025,Measured,P0351,P0351,1,26,-120,0,-109.1796,0.5135812,-60.0,180.0,-70.81378,178.43708,10.832436410312368
Pirard2025,Measured,P0351,P0351,1,27,-60,0,-71.80128000000002,0.6367366,-60.0,0.0,-71.79052,2.038,11.818201784531302
Pirard2025,Measured,P0351,P0351,1,28,120,0,112.7744,0.254109,60.0,180.0,67.22426,179.34359,7.230043158136105
Pirard2025,Measured,P0351,P0351,1,29,-90,60,-89.48021,65.05759,-30.0,90.0,-24.94131,89.75826,5.063226155926448
Pirard2025,Measured,P0351,P0351,1,34,45,30,39.35393,31.8932,37.76124,39.23152,32.57345,38.82594,5.1983608363839195
Pirard2025,Measured,P0351,P0351,1,40,0,30,0.8446465,38.36538,0.0,30.0,0.66225,38.36841,8.39438736466495
Pirard2025,Measured,P0351,P0351,1,43,180,0,-179.9477,0.7641266,0.0,180.0,-0.0523,179.23587,0.7659142175577274
Pirard2025,Measured,P0351,P0351,1,47,90,60,91.34169,63.75389,30.0,90.0,26.23837,90.66145,3.8065726164559446
Pirard2025,Measured,P0351,P0351,1,49,-135,30,-112.1465,39.80199,-37.76124,140.76848,-45.36372,114.34337,21.06490176816648
Pirard2025,Measured,P0351,P0351,1,51,-135,-30,-120.0641,-19.710379999999983,-37.76124,219.23152,-54.56338,215.56959,16.98665143236551
Pirard2025,Measured,P0351,P0351,1,54,30,0,21.38873,1.008718,30.0,0.0,21.38525,1.08331,8.66970644883574
Pirard2025,Measured,P0351,P0351,1,56,180,60,-72.78618,84.58669,0.0,120.0,-5.17016,88.39363,31.98317827945885
Pirard2025,Measured,P0351,P0351,1,58,90,30,90.68655,48.4662,60.0,90.0,41.53016,90.60809,18.47365549584479
Pirard2025,Measured,P0351,P0351,1,64,-90,-30,-107.9625,-18.902019999999993,-60.0,-90.0,-64.15293,227.99244,19.71803015285689
Pirard2025,Measured,P0351,P0351,1,67,135,-30,136.0377,-22.37650000000002,37.76124,219.23152,39.93472,209.76756,7.680015145493721
Pirard2025,Measured,P0351,P0351,1,69,150,0,163.7917,0.5650989,30.0,180.0,16.20749,179.41151,13.803047998003557
Pirard2025,Measured,P0351,P0351,1,72,45,-30,42.05335,-19.59523999999999,37.76124,-39.23152,39.12614,-25.61466,10.74159335545591
Pirard2025,Measured,P0351,P0351,1,75,-45,-30,-66.48252000000002,-23.95035999999999,-37.76124,-39.23152,-56.92823,-48.06578,20.04096953497141
Pirard2025,Measured,P0351,P0351,1,79,135,30,155.3387,24.07887,37.76124,140.76848,22.39229,153.81529,19.02610160963119
Pirard2025,Measured,P0351,P0351,1,80,90,-30,88.35027,-19.701279999999997,60.0,-90.0,70.2325,-85.40333,10.406469728213413
Pirard2025,Measured,P0351,P0351,1,83,180,30,-178.9476,33.32658,0.0,150.0,-0.87932,146.66898,3.4449977699158008
Pirard2025,Measured,P0351,P0351,1,87,60,0,59.54219,0.5135812,60.0,0.0,59.53828,1.01309,0.6880043834806494
Pirard2025,Measured,P0351,P0351,1,88,90,0,81.35628,0.1203313,90.0,0.0,81.35545,0.80061,8.644551176614964
Pirard2025,Measured,P0351,P0351,1,97,0,0,-0.7860898000000134,17.39508,0.0,0.0,-0.75014,17.39662,17.412284214561527
Pirard2025,Measured,P0351,P0351,1,98,180,-30,-179.4108,-18.485119999999995,0.0,210.0,-0.5588,198.48603,11.527338132525244
Pirard2025,Measured,P0351,P0351,2,1,-60,0,-71.39971000000003,-0.8040560000000028,-60.0,0.0,-71.38295,-2.51938,11.42765682667526
Pirard2025,Measured,P0351,P0351,2,3,-90,30,-90.01373999999998,29.51468,-60.0,90.0,-60.48532,90.02427,0.4854665613090222
Pirard2025,Measured,P0351,P0351,2,4,135,-30,128.8042,-24.33438000000001,37.76124,219.23152,45.23953,215.8167,7.901506570753072
Pirard2025,Measured,P0351,P0351,2,8,-90,-30,-89.85590000000002,-13.08222999999998,-60.0,-90.0,-76.91699,-89.37992,16.918295275762155
Pirard2025,Measured,P0351,P0351,2,10,180,-30,-179.9802,-14.999000000000024,0.0,210.0,-0.01913,194.999,15.001011056801495
Pirard2025,Measured,P0351,P0351,2,14,150,0,138.8143,-0.0395646800000122,30.0,180.0,41.18569,180.05257,11.1857690802161
Pirard2025,Measured,P0351,P0351,2,17,0,0,0.1938267,-0.3805216000000087,0.0,0.0,0.19382,-0.38052,0.427042065073131
Pirard2025,Measured,P0351,P0351,2,18,45,-30,45.90195,-18.342499999999973,37.76124,-39.23152,42.97369,-25.47449,11.686345387840856
Pirard2025,Measured,P0351,P0351,2,19,90,0,73.4084,0.0,90.0,0.0,73.4084,0.0,16.591600000000007
Pirard2025,Measured,P0351,P0351,2,24,0,60,31.37933,88.81263,0.0,60.0,0.61823,88.98626,28.99227698920723
Pirard2025,Measured,P0351,P0351,2,28,-90,60,-90.05372999999997,34.33821,-30.0,90.0,-55.66175,90.07865,25.66181401810368
Pirard2025,Measured,P0351,P0351,2,30,60,0,67.13633,-0.7013714000000277,60.0,0.0,67.12615,-1.80464,7.170535633426813
Pirard2025,Measured,P0351,P0351,2,35,120,0,112.0942,-0.0656106000000136,60.0,180.0,67.90571,180.17444,7.906070518061849
Pirard2025,Measured,P0351,P0351,2,37,180,60,178.4642,72.71085,0.0,120.0,0.45638,107.28331,12.724742606253711
Pirard2025,Measured,P0351,P0351,2,39,90,-30,90.33891,-22.02179000000001,60.0,-90.0,67.97573,269.16215,7.984005747197145
Pirard2025,Measured,P0351,P0351,2,40,90,60,89.85966,58.26871,30.0,90.0,31.73118,89.91322,1.7327853560861834
Pirard2025,Measured,P0351,P0351,2,44,180,0,-177.2101,-1.7726610000000278,0.0,180.0,-2.78856,181.77476,3.3050544611944357
Pirard2025,Measured,P0351,P0351,2,46,180,30,-178.957,33.91897,0.0,150.0,-0.8655,146.07663,4.017550785952023
Pirard2025,Measured,P0351,P0351,2,48,0,90,177.4886,61.86286,0.0,90.0,1.18404,118.11425,28.13714000000001
Pirard2025,Measured,P0351,P0351,2,56,-30,0,-36.96555000000001,13.61351,-30.0,0.0,-35.76348,16.86199,15.262017117929924
Pirard2025,Measured,P0351,P0351,2,57,30,0,28.86179,2.465692,30.0,0.0,28.83256,2.81488,2.715577133885371
Pirard2025,Measured,P0351,P0351,2,58,135,30,133.4621,25.61888,37.76124,140.76848,40.87973,145.11922,4.587253254317846
Pirard2025,Measured,P0351,P0351,2,60,45,30,42.7794,24.35294,37.76124,39.23152,38.22462,31.66147,5.9821355838377706
Pirard2025,Measured,P0351,P0351,2,61,-135,-30,-124.79840000000002,-16.36106000000001,-37.76124,219.23152,-51.99087,207.22243,16.531368347955798
Pirard2025,Measured,P0351,P0351,2,64,-120,0,-106.27249999999998,-0.9414921000000048,-60.0,180.0,-73.70102,183.35646,13.75912922842758
Pirard2025,Measured,P0351,P0351,2,65,90,30,89.41534,37.48308,60.0,90.0,52.51303,89.23765,7.498804259106618
Pirard2025,Measured,P0351,P0351,2,68,-135,30,-120.51569999999998,30.81919,-37.76124,140.76848,-47.71759,130.40281,12.509751775948866
Pirard2025,Measured,P0351,P0351,2,69,-45,30,-55.30264,29.31511,-37.76124,39.23152,-45.79776,44.60878,8.976078685114306
Pirard2025,Measured,P0351,P0351,2,75,0,-30,-1.9566479999999729,-28.63796000000002,0.0,-30.0,-1.71721,-28.65202,2.1829582180430003
Pirard2025,Measured,P0351,P0351,2,84,-150,0,-131.6605,0.3753442,-30.0,180.0,-48.33812,179.43534,18.343208524076633
Pirard2025,Measured,P0351,P0351,2,89,0,30,-0.701929199999995,26.79252,0.0,30.0,-0.62657,26.79425,3.2663454561763943
Pirard2025,Measured,P0351,P0351,2,95,-45,-30,-54.254520000000014,-19.92434000000003,-37.76124,-39.23152,-49.73287,-31.81877,13.09901629529696
Pirard2025,Measured,P0351,P0351,2,96,-90,0,-89.75065000000001,-0.4441135999999801,-90.0,0.0,-89.49068,-60.6883,0.5093241276383741
